watchlist_id,entity_type,primary_name,first_name,middle_name,last_name,aliases,date_of_birth,place_of_birth,nationality,address,city,country,passport_number,national_id,organization_name,program,listing_reason,list_source,listing_date,active_flag,risk_level,has_date_of_birth
WL000001,Individual,Farid Petrov,Farid,NO_MIDDLE_NAME,Petrov,Farid Petrov,1978-04-12,Synthetic City A,RU,52 Watchlist Street,Synthetic City B,RU,SYN-P-91731754,SYN-N-633756577,NOT_APPLICABLE_INDIVIDUAL,Synthetic Regional,Synthetic prototype record,Synthetic Prototype,2024-01-01,1,High,1
WL000002,Individual,Ivan Volkov,Ivan,NO_MIDDLE_NAME,Volkov,Ivan Volkov,1978-04-12,Synthetic City B,SY,179 Watchlist Street,Synthetic City B,SY,SYN-P-41147766,SYN-N-935917539,NOT_APPLICABLE_INDIVIDUAL,Synthetic Regional,Synthetic prototype record,Synthetic Prototype,2024-01-01,1,Critical,1
WL000003,Individual,Hassan Karimov,Hassan,NO_MIDDLE_NAME,Karimov,Hassan Karimov,1978-04-12,Unknown,KP,229 Watchlist Street,Synthetic City A,RU,SYN-P-67601804,SYN-N-188493638,NOT_APPLICABLE_INDIVIDUAL,Synthetic Regional,Synthetic prototype record,Synthetic Prototype,2024-01-01,1,Critical,1
WL000004,Organization,Volkov Global Holdings,NOT_APPLICABLE_ORGANIZATION,NO_MIDDLE_NAME,NOT_APPLICABLE_ORGANIZATION,Volkov Group,1900-01-01,Synthetic City B,KP,32 Watchlist Street,Synthetic City B,KP,SYN-P-78339484,SYN-N-971331701,Volkov Global Holdings,Synthetic Regional,Synthetic prototype record,Synthetic Prototype,2024-01-01,1,Critical,0
WL000005,Individual,Karim Bashir,Karim,NO_MIDDLE_NAME,Bashir,Karim Bashir,1978-04-12,Synthetic City B,KP,147 Watchlist Street,Synthetic City B,SY,SYN-P-60652062,SYN-N-983063355,NOT_APPLICABLE_INDIVIDUAL,Synthetic Global,Synthetic prototype record,Synthetic Prototype,2024-01-01,0,High,1
WL000006,Organization,Haddad Global Holdings,NOT_APPLICABLE_ORGANIZATION,NO_MIDDLE_NAME,NOT_APPLICABLE_ORGANIZATION,Haddad Group,1900-01-01,Synthetic City A,KP,133 Watchlist Street,Synthetic City A,SY,SYN-P-11405996,SYN-N-462313980,Haddad Global Holdings,Synthetic Regional,Synthetic prototype record,Synthetic Prototype,2024-01-01,1,High,0
WL000007,Organization,Karimov Global Holdings,NOT_APPLICABLE_ORGANIZATION,NO_MIDDLE_NAME,NOT_APPLICABLE_ORGANIZATION,Karimov Group,1900-01-01,Synthetic City A,RU,150 Watchlist Street,Synthetic City A,RU,SYN-P-88412034,SYN-N-053783429,Karimov Global Holdings,Synthetic Global,Synthetic prototype record,Synthetic Prototype,2024-01-01,1,High,0
WL000008,Organization,Volkov Global Holdings,NOT_APPLICABLE_ORGANIZATION,NO_MIDDLE_NAME,NOT_APPLICABLE_ORGANIZATION,Volkov Group,1900-01-01,Synthetic City B,SY,254 Watchlist Street,Synthetic City B,RU,SYN-P-18794134,SYN-N-600333431,Volkov Global Holdings,Internal Watchlist,Synthetic prototype record,Synthetic Prototype,2024-01-01,1,High,0
WL000009,Individual,Elena Volkov,Elena,NO_MIDDLE_NAME,Volkov,Elena Volkov,1978-04-12,Synthetic City B,SY,323 Watchlist Street,Synthetic City A,KP,SYN-P-01872641,SYN-N-280675672,NOT_APPLICABLE_INDIVIDUAL,Internal Watchlist,Synthetic prototype record,Synthetic Prototype,2024-01-01,1,Critical,1
WL000010,Individual,Karim Haddad,Karim,NO_MIDDLE_NAME,Haddad,Karim Haddad,1978-04-12,Synthetic City B,KP,215 Watchlist Street,Synthetic City A,KP,SYN-P-02278709,SYN-N-985079623,NOT_APPLICABLE_INDIVIDUAL,Synthetic Global,Synthetic prototype record,Synthetic Prototype,2024-01-01,1,High,1
WL000011,Organization,Karimov Global Holdings,NOT_APPLICABLE_ORGANIZATION,NO_MIDDLE_NAME,NOT_APPLICABLE_ORGANIZATION,Karimov Group,1900-01-01,Synthetic City A,SY,236 Watchlist Street,Synthetic City B,SY,SYN-P-84147843,SYN-N-556835356,Karimov Global Holdings,Internal Watchlist,Synthetic prototype record,Synthetic Prototype,2024-01-01,1,High,0
WL000012,Individual,Laila Bashir,Laila,NO_MIDDLE_NAME,Bashir,Laila Bashir,1978-04-12,Unknown,SY,278 Watchlist Street,Synthetic City B,SY,SYN-P-30083995,SYN-N-741499845,NOT_APPLICABLE_INDIVIDUAL,Synthetic Global,Synthetic prototype record,Synthetic Prototype,2024-01-01,1,Critical,1
WL000013,Individual,Sergei Karimov,Sergei,NO_MIDDLE_NAME,Karimov,Sergei Karimov,1978-04-12,Synthetic City B,RU,149 Watchlist Street,Synthetic City A,RU,SYN-P-63456878,SYN-N-519315067,NOT_APPLICABLE_INDIVIDUAL,Synthetic Global,Synthetic prototype record,Synthetic Prototype,2024-01-01,1,High,1
WL000014,Organization,Volkov Global Holdings,NOT_APPLICABLE_ORGANIZATION,NO_MIDDLE_NAME,NOT_APPLICABLE_ORGANIZATION,Volkov Group,1900-01-01,Synthetic City B,SY,226 Watchlist Street,Synthetic City A,RU,SYN-P-01851167,SYN-N-488530180,Volkov Global Holdings,Internal Watchlist,Synthetic prototype record,Synthetic Prototype,2024-01-01,1,Critical,0
WL000015,Individual,Farid Bashir,Farid,NO_MIDDLE_NAME,Bashir,Farid Bashir,1978-04-12,Synthetic City A,KP,395 Watchlist Street,Synthetic City B,SY,SYN-P-69641844,SYN-N-320201467,NOT_APPLICABLE_INDIVIDUAL,Internal Watchlist,Synthetic prototype record,Synthetic Prototype,2024-01-01,1,High,1
WL000016,Individual,Hassan Sokolov,Hassan,NO_MIDDLE_NAME,Sokolov,Hassan Sokolov,1978-04-12,Synthetic City B,KP,207 Watchlist Street,Synthetic City B,KP,SYN-P-90556993,SYN-N-426434977,NOT_APPLICABLE_INDIVIDUAL,Synthetic Regional,Synthetic prototype record,Synthetic Prototype,2024-01-01,1,Critical,1
WL000017,Organization,Sokolov Global Holdings,NOT_APPLICABLE_ORGANIZATION,NO_MIDDLE_NAME,NOT_APPLICABLE_ORGANIZATION,Sokolov Group,1900-01-01,Synthetic City B,SY,117 Watchlist Street,Synthetic City A,RU,SYN-P-63718920,SYN-N-623717169,Sokolov Global Holdings,Internal Watchlist,Synthetic prototype record,Synthetic Prototype,2024-01-01,1,High,0
WL000018,Individual,Ivan Volkov,Ivan,NO_MIDDLE_NAME,Volkov,Ivan Volkov,1978-04-12,Synthetic City A,KP,6 Watchlist Street,Synthetic City B,RU,SYN-P-41737165,SYN-N-901566560,NOT_APPLICABLE_INDIVIDUAL,Synthetic Global,Synthetic prototype record,Synthetic Prototype,2024-01-01,1,Critical,1
WL000019,Individual,Elena Haddad,Elena,NO_MIDDLE_NAME,Haddad,Elena Haddad,1978-04-12,Unknown,RU,267 Watchlist Street,Synthetic City A,SY,SYN-P-55122702,SYN-N-765501564,NOT_APPLICABLE_INDIVIDUAL,Synthetic Global,Synthetic prototype record,Synthetic Prototype,2024-01-01,1,Critical,1
WL000020,Individual,Omar Ivanov,Omar,NO_MIDDLE_NAME,Ivanov,Omar Ivanov,1978-04-12,Unknown,RU,13 Watchlist Street,Synthetic City A,RU,SYN-P-44151023,SYN-N-691420750,NOT_APPLICABLE_INDIVIDUAL,Internal Watchlist,Synthetic prototype record,Synthetic Prototype,2024-01-01,1,High,1
WL000021,Individual,Laila Sokolov,Laila,NO_MIDDLE_NAME,Sokolov,Laila Sokolov,1978-04-12,Synthetic City B,KP,353 Watchlist Street,Synthetic City B,KP,SYN-P-27029333,SYN-N-711862057,NOT_APPLICABLE_INDIVIDUAL,Synthetic Global,Synthetic prototype record,Synthetic Prototype,2024-01-01,0,Critical,1
WL000022,Individual,Sergei Haddad,Sergei,NO_MIDDLE_NAME,Haddad,Sergei Haddad,1978-04-12,Synthetic City A,RU,72 Watchlist Street,Synthetic City B,RU,SYN-P-07936279,SYN-N-374631401,NOT_APPLICABLE_INDIVIDUAL,Internal Watchlist,Synthetic prototype record,Synthetic Prototype,2024-01-01,1,Critical,1
WL000023,Individual,Hassan Haddad,Hassan,NO_MIDDLE_NAME,Haddad,Hassan Haddad,1978-04-12,Unknown,SY,284 Watchlist Street,Synthetic City A,SY,SYN-P-23632940,SYN-N-376019293,NOT_APPLICABLE_INDIVIDUAL,Internal Watchlist,Synthetic prototype record,Synthetic Prototype,2024-01-01,1,Critical,1
WL000024,Individual,Sergei Abramov,Sergei,NO_MIDDLE_NAME,Abramov,Sergei Abramov,1978-04-12,Synthetic City B,KP,159 Watchlist Street,Synthetic City B,SY,SYN-P-13659678,SYN-N-691747414,NOT_APPLICABLE_INDIVIDUAL,Synthetic Global,Synthetic prototype record,Synthetic Prototype,2024-01-01,1,Critical,1
WL000025,Individual,Omar Volkov,Omar,NO_MIDDLE_NAME,Volkov,Omar Volkov,1978-04-12,Synthetic City A,RU,40 Watchlist Street,Synthetic City A,SY,SYN-P-06127929,SYN-N-958478463,NOT_APPLICABLE_INDIVIDUAL,Synthetic Global,Synthetic prototype record,Synthetic Prototype,2024-01-01,1,High,1
WL000026,Individual,Alexander Karimov,Alexander,NO_MIDDLE_NAME,Karimov,Alexander Karimov,1978-04-12,Synthetic City A,RU,88 Watchlist Street,Synthetic City B,SY,SYN-P-81085348,SYN-N-911060094,NOT_APPLICABLE_INDIVIDUAL,Internal Watchlist,Synthetic prototype record,Synthetic Prototype,2024-01-01,1,Critical,1
WL000027,Individual,Laila Sokolov,Laila,NO_MIDDLE_NAME,Sokolov,Laila Sokolov,1978-04-12,Unknown,SY,47 Watchlist Street,Synthetic City A,SY,SYN-P-21669327,SYN-N-948965909,NOT_APPLICABLE_INDIVIDUAL,Internal Watchlist,Synthetic prototype record,Synthetic Prototype,2024-01-01,1,High,1
WL000028,Individual,Dmitri Volkov,Dmitri,NO_MIDDLE_NAME,Volkov,Dmitri Volkov,1978-04-12,Synthetic City A,RU,327 Watchlist Street,Synthetic City A,RU,SYN-P-69699350,SYN-N-714412976,NOT_APPLICABLE_INDIVIDUAL,Internal Watchlist,Synthetic prototype record,Synthetic Prototype,2024-01-01,1,Critical,1
WL000029,Individual,Sergei Volkov,Sergei,NO_MIDDLE_NAME,Volkov,Sergei Volkov,1978-04-12,Synthetic City A,KP,356 Watchlist Street,Synthetic City A,SY,SYN-P-08939203,SYN-N-391716736,NOT_APPLICABLE_INDIVIDUAL,Synthetic Regional,Synthetic prototype record,Synthetic Prototype,2024-01-01,1,Critical,1
WL000030,Individual,Hassan Volkov,Hassan,NO_MIDDLE_NAME,Volkov,Hassan Volkov,1978-04-12,Unknown,KP,130 Watchlist Street,Synthetic City A,KP,SYN-P-21899872,SYN-N-384229601,NOT_APPLICABLE_INDIVIDUAL,Internal Watchlist,Synthetic prototype record,Synthetic Prototype,2024-01-01,1,High,1
WL000031,Individual,Alexander Bashir,Alexander,NO_MIDDLE_NAME,Bashir,Alexander Bashir,1978-04-12,Synthetic City A,RU,253 Watchlist Street,Synthetic City A,SY,SYN-P-79441138,SYN-N-414909639,NOT_APPLICABLE_INDIVIDUAL,Synthetic Regional,Synthetic prototype record,Synthetic Prototype,2024-01-01,1,Critical,1
WL000032,Individual,Farid Volkov,Farid,NO_MIDDLE_NAME,Volkov,Farid Volkov,1978-04-12,Synthetic City A,RU,123 Watchlist Street,Synthetic City A,SY,SYN-P-52546461,SYN-N-789562154,NOT_APPLICABLE_INDIVIDUAL,Synthetic Regional,Synthetic prototype record,Synthetic Prototype,2024-01-01,1,High,1
WL000033,Individual,Ivan Karimov,Ivan,NO_MIDDLE_NAME,Karimov,Ivan Karimov,1978-04-12,Unknown,SY,335 Watchlist Street,Synthetic City A,SY,SYN-P-48732327,SYN-N-359833146,NOT_APPLICABLE_INDIVIDUAL,Synthetic Regional,Synthetic prototype record,Synthetic Prototype,2024-01-01,1,High,1
WL000034,Individual,Ivan Bashir,Ivan,NO_MIDDLE_NAME,Bashir,Ivan Bashir,1978-04-12,Synthetic City A,KP,173 Watchlist Street,Synthetic City B,KP,SYN-P-38399152,SYN-N-507589906,NOT_APPLICABLE_INDIVIDUAL,Internal Watchlist,Synthetic prototype record,Synthetic Prototype,2024-01-01,1,High,1
WL000035,Individual,Ivan Abramov,Ivan,NO_MIDDLE_NAME,Abramov,Ivan Abramov,1978-04-12,Synthetic City B,RU,169 Watchlist Street,Synthetic City A,SY,SYN-P-17522948,SYN-N-146776509,NOT_APPLICABLE_INDIVIDUAL,Internal Watchlist,Synthetic prototype record,Synthetic Prototype,2024-01-01,1,High,1
WL000036,Individual,Elena Abramov,Elena,NO_MIDDLE_NAME,Abramov,Elena Abramov,1978-04-12,Synthetic City A,SY,374 Watchlist Street,Synthetic City A,KP,SYN-P-17824348,SYN-N-292379856,NOT_APPLICABLE_INDIVIDUAL,Synthetic Global,Synthetic prototype record,Synthetic Prototype,2024-01-01,1,High,1
WL000037,Individual,Farid Abramov,Farid,NO_MIDDLE_NAME,Abramov,Farid Abramov,1978-04-12,Synthetic City B,KP,95 Watchlist Street,Synthetic City A,KP,SYN-P-93948672,SYN-N-157276112,NOT_APPLICABLE_INDIVIDUAL,Synthetic Global,Synthetic prototype record,Synthetic Prototype,2024-01-01,1,High,1
WL000038,Individual,Alexander Karimov,Alexander,NO_MIDDLE_NAME,Karimov,Alexander Karimov,1978-04-12,Unknown,RU,313 Watchlist Street,Synthetic City A,RU,SYN-P-84568337,SYN-N-507321877,NOT_APPLICABLE_INDIVIDUAL,Synthetic Global,Synthetic prototype record,Synthetic Prototype,2024-01-01,1,Critical,1
WL000039,Organization,Sokolov Global Holdings,NOT_APPLICABLE_ORGANIZATION,NO_MIDDLE_NAME,NOT_APPLICABLE_ORGANIZATION,Sokolov Group,1900-01-01,Synthetic City A,KP,196 Watchlist Street,Synthetic City A,SY,SYN-P-19705263,SYN-N-854725228,Sokolov Global Holdings,Internal Watchlist,Synthetic prototype record,Synthetic Prototype,2024-01-01,1,High,0
WL000040,Individual,Farid Volkov,Farid,NO_MIDDLE_NAME,Volkov,Farid Volkov,1978-04-12,Synthetic City B,SY,295 Watchlist Street,Synthetic City A,KP,SYN-P-28945752,SYN-N-578407122,NOT_APPLICABLE_INDIVIDUAL,Synthetic Global,Synthetic prototype record,Synthetic Prototype,2024-01-01,1,Critical,1
WL000041,Individual,Elena Ivanov,Elena,NO_MIDDLE_NAME,Ivanov,Elena Ivanov,1978-04-12,Synthetic City A,SY,67 Watchlist Street,Synthetic City A,KP,SYN-P-11465762,SYN-N-093297904,NOT_APPLICABLE_INDIVIDUAL,Internal Watchlist,Synthetic prototype record,Synthetic Prototype,2024-01-01,1,High,1
WL000042,Individual,Sergei Karimov,Sergei,NO_MIDDLE_NAME,Karimov,Sergei Karimov,1978-04-12,Synthetic City A,KP,57 Watchlist Street,Synthetic City B,RU,SYN-P-93284030,SYN-N-913657533,NOT_APPLICABLE_INDIVIDUAL,Synthetic Global,Synthetic prototype record,Synthetic Prototype,2024-01-01,1,Critical,1
WL000043,Individual,Farid Abramov,Farid,NO_MIDDLE_NAME,Abramov,Farid Abramov,1978-04-12,Unknown,SY,27 Watchlist Street,Synthetic City A,SY,SYN-P-32780855,SYN-N-759933332,NOT_APPLICABLE_INDIVIDUAL,Synthetic Global,Synthetic prototype record,Synthetic Prototype,2024-01-01,1,High,1
WL000044,Individual,Sergei Ivanov,Sergei,NO_MIDDLE_NAME,Ivanov,Sergei Ivanov,1978-04-12,Synthetic City A,RU,284 Watchlist Street,Synthetic City B,KP,SYN-P-94291236,SYN-N-448623024,NOT_APPLICABLE_INDIVIDUAL,Internal Watchlist,Synthetic prototype record,Synthetic Prototype,2024-01-01,1,Critical,1
WL000045,Individual,Omar Abramov,Omar,NO_MIDDLE_NAME,Abramov,Omar Abramov,1978-04-12,Synthetic City A,RU,22 Watchlist Street,Synthetic City B,SY,SYN-P-75183044,SYN-N-204962666,NOT_APPLICABLE_INDIVIDUAL,Synthetic Global,Synthetic prototype record,Synthetic Prototype,2024-01-01,1,High,1
WL000046,Individual,Dmitri Volkov,Dmitri,NO_MIDDLE_NAME,Volkov,Dmitri Volkov,1978-04-12,Unknown,RU,178 Watchlist Street,Synthetic City B,KP,SYN-P-58189572,SYN-N-330493633,NOT_APPLICABLE_INDIVIDUAL,Synthetic Global,Synthetic prototype record,Synthetic Prototype,2024-01-01,1,Critical,1
WL000047,Individual,Hassan Volkov,Hassan,NO_MIDDLE_NAME,Volkov,Hassan Volkov,1978-04-12,Synthetic City B,RU,192 Watchlist Street,Synthetic City A,KP,SYN-P-76123353,SYN-N-952461152,NOT_APPLICABLE_INDIVIDUAL,Synthetic Global,Synthetic prototype record,Synthetic Prototype,2024-01-01,1,Critical,1
WL000048,Organization,Ivanov Global Holdings,NOT_APPLICABLE_ORGANIZATION,NO_MIDDLE_NAME,NOT_APPLICABLE_ORGANIZATION,Ivanov Group,1900-01-01,Synthetic City A,RU,201 Watchlist Street,Synthetic City B,KP,SYN-P-19205685,SYN-N-780115108,Ivanov Global Holdings,Internal Watchlist,Synthetic prototype record,Synthetic Prototype,2024-01-01,1,High,0
WL000049,Individual,Ivan Karimov,Ivan,NO_MIDDLE_NAME,Karimov,Ivan Karimov,1978-04-12,Unknown,KP,194 Watchlist Street,Synthetic City A,KP,SYN-P-32643794,SYN-N-628290281,NOT_APPLICABLE_INDIVIDUAL,Synthetic Regional,Synthetic prototype record,Synthetic Prototype,2024-01-01,1,High,1
WL000050,Individual,Omar Volkov,Omar,NO_MIDDLE_NAME,Volkov,Omar Volkov,1978-04-12,Unknown,SY,198 Watchlist Street,Synthetic City A,SY,SYN-P-91094722,SYN-N-259109490,NOT_APPLICABLE_INDIVIDUAL,Synthetic Regional,Synthetic prototype record,Synthetic Prototype,2024-01-01,1,Critical,1
WL000051,Individual,Karim Petrov,Karim,NO_MIDDLE_NAME,Petrov,Karim Petrov,1978-04-12,Synthetic City B,SY,86 Watchlist Street,Synthetic City A,SY,SYN-P-68313387,SYN-N-848920752,NOT_APPLICABLE_INDIVIDUAL,Synthetic Global,Synthetic prototype record,Synthetic Prototype,2024-01-01,1,High,1
WL000052,Individual,Elena Abramov,Elena,NO_MIDDLE_NAME,Abramov,Elena Abramov,1978-04-12,Unknown,SY,266 Watchlist Street,Synthetic City A,RU,SYN-P-11897537,SYN-N-342506675,NOT_APPLICABLE_INDIVIDUAL,Synthetic Regional,Synthetic prototype record,Synthetic Prototype,2024-01-01,1,Critical,1
WL000053,Individual,Dmitri Haddad,Dmitri,NO_MIDDLE_NAME,Haddad,Dmitri Haddad,1978-04-12,Synthetic City B,SY,221 Watchlist Street,Synthetic City B,RU,SYN-P-99461240,SYN-N-498579819,NOT_APPLICABLE_INDIVIDUAL,Synthetic Global,Synthetic prototype record,Synthetic Prototype,2024-01-01,1,Critical,1
WL000054,Individual,Elena Abramov,Elena,NO_MIDDLE_NAME,Abramov,Elena Abramov,1978-04-12,Unknown,SY,350 Watchlist Street,Synthetic City B,SY,SYN-P-53349850,SYN-N-001803825,NOT_APPLICABLE_INDIVIDUAL,Synthetic Global,Synthetic prototype record,Synthetic Prototype,2024-01-01,1,Critical,1
WL000055,Organization,Karimov Global Holdings,NOT_APPLICABLE_ORGANIZATION,NO_MIDDLE_NAME,NOT_APPLICABLE_ORGANIZATION,Karimov Group,1900-01-01,Synthetic City B,KP,31 Watchlist Street,Synthetic City A,SY,SYN-P-54779158,SYN-N-107576310,Karimov Global Holdings,Synthetic Global,Synthetic prototype record,Synthetic Prototype,2024-01-01,1,Critical,0
WL000056,Individual,Omar Abramov,Omar,NO_MIDDLE_NAME,Abramov,Omar Abramov,1978-04-12,Synthetic City A,RU,327 Watchlist Street,Synthetic City A,SY,SYN-P-58244671,SYN-N-825799461,NOT_APPLICABLE_INDIVIDUAL,Internal Watchlist,Synthetic prototype record,Synthetic Prototype,2024-01-01,1,High,1
WL000057,Individual,Elena Petrov,Elena,NO_MIDDLE_NAME,Petrov,Elena Petrov,1978-04-12,Synthetic City B,SY,343 Watchlist Street,Synthetic City A,KP,SYN-P-06641592,SYN-N-619681012,NOT_APPLICABLE_INDIVIDUAL,Synthetic Global,Synthetic prototype record,Synthetic Prototype,2024-01-01,1,High,1
WL000058,Organization,Petrov Global Holdings,NOT_APPLICABLE_ORGANIZATION,NO_MIDDLE_NAME,NOT_APPLICABLE_ORGANIZATION,Petrov Group,1900-01-01,Synthetic City A,SY,242 Watchlist Street,Synthetic City A,RU,SYN-P-53803095,SYN-N-418889431,Petrov Global Holdings,Synthetic Global,Synthetic prototype record,Synthetic Prototype,2024-01-01,1,Critical,0
WL000059,Individual,Farid Karimov,Farid,NO_MIDDLE_NAME,Karimov,Farid Karimov,1978-04-12,Synthetic City A,RU,272 Watchlist Street,Synthetic City A,SY,SYN-P-92025274,SYN-N-207659883,NOT_APPLICABLE_INDIVIDUAL,Synthetic Regional,Synthetic prototype record,Synthetic Prototype,2024-01-01,1,Critical,1
WL000060,Individual,Omar Petrov,Omar,NO_MIDDLE_NAME,Petrov,Omar Petrov,1978-04-12,Synthetic City A,KP,260 Watchlist Street,Synthetic City B,KP,SYN-P-34055213,SYN-N-800110192,NOT_APPLICABLE_INDIVIDUAL,Synthetic Global,Synthetic prototype record,Synthetic Prototype,2024-01-01,1,High,1
WL000061,Organization,Abramov Global Holdings,NOT_APPLICABLE_ORGANIZATION,NO_MIDDLE_NAME,NOT_APPLICABLE_ORGANIZATION,Abramov Group,1900-01-01,Unknown,SY,382 Watchlist Street,Synthetic City B,RU,SYN-P-74060700,SYN-N-857681552,Abramov Global Holdings,Internal Watchlist,Synthetic prototype record,Synthetic Prototype,2024-01-01,1,High,0
WL000062,Individual,Omar Bashir,Omar,NO_MIDDLE_NAME,Bashir,Omar Bashir,1978-04-12,Unknown,KP,112 Watchlist Street,Synthetic City B,SY,SYN-P-96157065,SYN-N-012323734,NOT_APPLICABLE_INDIVIDUAL,Synthetic Global,Synthetic prototype record,Synthetic Prototype,2024-01-01,1,High,1
WL000063,Organization,Ivanov Global Holdings,NOT_APPLICABLE_ORGANIZATION,NO_MIDDLE_NAME,NOT_APPLICABLE_ORGANIZATION,Ivanov Group,1900-01-01,Synthetic City B,SY,164 Watchlist Street,Synthetic City B,KP,SYN-P-19031525,SYN-N-846019806,Ivanov Global Holdings,Synthetic Global,Synthetic prototype record,Synthetic Prototype,2024-01-01,1,Critical,0
WL000064,Individual,Alexander Volkov,Alexander,NO_MIDDLE_NAME,Volkov,Alexander Volkov,1978-04-12,Unknown,RU,222 Watchlist Street,Synthetic City A,RU,SYN-P-74579807,SYN-N-647074779,NOT_APPLICABLE_INDIVIDUAL,Synthetic Regional,Synthetic prototype record,Synthetic Prototype,2024-01-01,1,Critical,1
WL000065,Individual,Hassan Abramov,Hassan,NO_MIDDLE_NAME,Abramov,Hassan Abramov,1978-04-12,Synthetic City A,SY,197 Watchlist Street,Synthetic City A,RU,SYN-P-71888309,SYN-N-795872397,NOT_APPLICABLE_INDIVIDUAL,Internal Watchlist,Synthetic prototype record,Synthetic Prototype,2024-01-01,1,High,1
WL000066,Individual,Farid Bashir,Farid,NO_MIDDLE_NAME,Bashir,Farid Bashir,1978-04-12,Unknown,RU,114 Watchlist Street,Synthetic City B,KP,SYN-P-72024645,SYN-N-806664886,NOT_APPLICABLE_INDIVIDUAL,Internal Watchlist,Synthetic prototype record,Synthetic Prototype,2024-01-01,1,Critical,1
WL000067,Individual,Sergei Bashir,Sergei,NO_MIDDLE_NAME,Bashir,Sergei Bashir,1978-04-12,Unknown,RU,183 Watchlist Street,Synthetic City A,RU,SYN-P-44465043,SYN-N-681703911,NOT_APPLICABLE_INDIVIDUAL,Internal Watchlist,Synthetic prototype record,Synthetic Prototype,2024-01-01,1,High,1
WL000068,Individual,Ivan Karimov,Ivan,NO_MIDDLE_NAME,Karimov,Ivan Karimov,1978-04-12,Unknown,SY,282 Watchlist Street,Synthetic City B,SY,SYN-P-29121436,SYN-N-948236582,NOT_APPLICABLE_INDIVIDUAL,Internal Watchlist,Synthetic prototype record,Synthetic Prototype,2024-01-01,1,Critical,1
WL000069,Organization,Ivanov Global Holdings,NOT_APPLICABLE_ORGANIZATION,NO_MIDDLE_NAME,NOT_APPLICABLE_ORGANIZATION,Ivanov Group,1900-01-01,Synthetic City A,KP,115 Watchlist Street,Synthetic City B,RU,SYN-P-21391481,SYN-N-691197141,Ivanov Global Holdings,Synthetic Regional,Synthetic prototype record,Synthetic Prototype,2024-01-01,1,High,0
WL000070,Individual,Hassan Bashir,Hassan,NO_MIDDLE_NAME,Bashir,Hassan Bashir,1978-04-12,Synthetic City B,SY,364 Watchlist Street,Synthetic City B,SY,SYN-P-26882322,SYN-N-402195332,NOT_APPLICABLE_INDIVIDUAL,Synthetic Global,Synthetic prototype record,Synthetic Prototype,2024-01-01,1,High,1
WL000071,Individual,Dmitri Karimov,Dmitri,NO_MIDDLE_NAME,Karimov,Dmitri Karimov,1978-04-12,Synthetic City B,KP,32 Watchlist Street,Synthetic City A,KP,SYN-P-88662555,SYN-N-302168547,NOT_APPLICABLE_INDIVIDUAL,Synthetic Regional,Synthetic prototype record,Synthetic Prototype,2024-01-01,1,Critical,1
WL000072,Individual,Farid Sokolov,Farid,NO_MIDDLE_NAME,Sokolov,Farid Sokolov,1978-04-12,Unknown,RU,357 Watchlist Street,Synthetic City A,RU,SYN-P-11647206,SYN-N-391492389,NOT_APPLICABLE_INDIVIDUAL,Synthetic Global,Synthetic prototype record,Synthetic Prototype,2024-01-01,1,High,1
WL000073,Individual,Omar Abramov,Omar,NO_MIDDLE_NAME,Abramov,Omar Abramov,1978-04-12,Unknown,SY,369 Watchlist Street,Synthetic City A,RU,SYN-P-59512410,SYN-N-028991244,NOT_APPLICABLE_INDIVIDUAL,Internal Watchlist,Synthetic prototype record,Synthetic Prototype,2024-01-01,1,High,1
WL000074,Individual,Farid Abramov,Farid,NO_MIDDLE_NAME,Abramov,Farid Abramov,1978-04-12,Synthetic City A,RU,371 Watchlist Street,Synthetic City A,RU,SYN-P-34393195,SYN-N-203753159,NOT_APPLICABLE_INDIVIDUAL,Synthetic Global,Synthetic prototype record,Synthetic Prototype,2024-01-01,1,Critical,1
WL000075,Individual,Sergei Haddad,Sergei,NO_MIDDLE_NAME,Haddad,Sergei Haddad,1978-04-12,Unknown,RU,215 Watchlist Street,Synthetic City A,SY,SYN-P-52820437,SYN-N-066972902,NOT_APPLICABLE_INDIVIDUAL,Synthetic Regional,Synthetic prototype record,Synthetic Prototype,2024-01-01,1,High,1
WL000076,Individual,Hassan Sokolov,Hassan,NO_MIDDLE_NAME,Sokolov,Hassan Sokolov,1978-04-12,Synthetic City B,RU,280 Watchlist Street,Synthetic City B,SY,SYN-P-94439344,SYN-N-766860189,NOT_APPLICABLE_INDIVIDUAL,Synthetic Global,Synthetic prototype record,Synthetic Prototype,2024-01-01,1,Critical,1
WL000077,Individual,Sergei Karimov,Sergei,NO_MIDDLE_NAME,Karimov,Sergei Karimov,1978-04-12,Synthetic City B,RU,204 Watchlist Street,Synthetic City B,SY,SYN-P-72009800,SYN-N-254810354,NOT_APPLICABLE_INDIVIDUAL,Synthetic Regional,Synthetic prototype record,Synthetic Prototype,2024-01-01,1,High,1
WL000078,Individual,Hassan Sokolov,Hassan,NO_MIDDLE_NAME,Sokolov,Hassan Sokolov,1978-04-12,Synthetic City B,RU,321 Watchlist Street,Synthetic City A,SY,SYN-P-88209128,SYN-N-349827507,NOT_APPLICABLE_INDIVIDUAL,Synthetic Regional,Synthetic prototype record,Synthetic Prototype,2024-01-01,1,Critical,1
WL000079,Individual,Hassan Karimov,Hassan,NO_MIDDLE_NAME,Karimov,Hassan Karimov,1978-04-12,Synthetic City A,RU,277 Watchlist Street,Synthetic City A,RU,SYN-P-19632784,SYN-N-863279296,NOT_APPLICABLE_INDIVIDUAL,Synthetic Regional,Synthetic prototype record,Synthetic Prototype,2024-01-01,1,High,1
WL000080,Individual,Dmitri Karimov,Dmitri,NO_MIDDLE_NAME,Karimov,Dmitri Karimov,1978-04-12,Synthetic City B,RU,23 Watchlist Street,Synthetic City A,SY,SYN-P-86564377,SYN-N-718912376,NOT_APPLICABLE_INDIVIDUAL,Synthetic Global,Synthetic prototype record,Synthetic Prototype,2024-01-01,1,Critical,1
WL000081,Organization,Karimov Global Holdings,NOT_APPLICABLE_ORGANIZATION,NO_MIDDLE_NAME,NOT_APPLICABLE_ORGANIZATION,Karimov Group,1900-01-01,Synthetic City B,KP,8 Watchlist Street,Synthetic City A,RU,SYN-P-03896629,SYN-N-570305847,Karimov Global Holdings,Internal Watchlist,Synthetic prototype record,Synthetic Prototype,2024-01-01,1,High,0
WL000082,Individual,Dmitri Sokolov,Dmitri,NO_MIDDLE_NAME,Sokolov,Dmitri Sokolov,1978-04-12,Synthetic City B,KP,229 Watchlist Street,Synthetic City B,KP,SYN-P-16645555,SYN-N-157506024,NOT_APPLICABLE_INDIVIDUAL,Internal Watchlist,Synthetic prototype record,Synthetic Prototype,2024-01-01,1,Critical,1
WL000083,Individual,Karim Bashir,Karim,NO_MIDDLE_NAME,Bashir,Karim Bashir,1978-04-12,Unknown,SY,288 Watchlist Street,Synthetic City B,KP,SYN-P-74722700,SYN-N-075190264,NOT_APPLICABLE_INDIVIDUAL,Synthetic Global,Synthetic prototype record,Synthetic Prototype,2024-01-01,1,Critical,1
WL000084,Individual,Ivan Bashir,Ivan,NO_MIDDLE_NAME,Bashir,Ivan Bashir,1978-04-12,Synthetic City A,RU,265 Watchlist Street,Synthetic City B,SY,SYN-P-81486850,SYN-N-871350735,NOT_APPLICABLE_INDIVIDUAL,Synthetic Regional,Synthetic prototype record,Synthetic Prototype,2024-01-01,1,Critical,1
WL000085,Organization,Sokolov Global Holdings,NOT_APPLICABLE_ORGANIZATION,NO_MIDDLE_NAME,NOT_APPLICABLE_ORGANIZATION,Sokolov Group,1900-01-01,Unknown,KP,171 Watchlist Street,Synthetic City A,SY,SYN-P-53325628,SYN-N-438427603,Sokolov Global Holdings,Internal Watchlist,Synthetic prototype record,Synthetic Prototype,2024-01-01,1,High,0
WL000086,Organization,Ivanov Global Holdings,NOT_APPLICABLE_ORGANIZATION,NO_MIDDLE_NAME,NOT_APPLICABLE_ORGANIZATION,Ivanov Group,1900-01-01,Unknown,RU,103 Watchlist Street,Synthetic City B,SY,SYN-P-28721570,SYN-N-561174442,Ivanov Global Holdings,Internal Watchlist,Synthetic prototype record,Synthetic Prototype,2024-01-01,1,Critical,0
WL000087,Individual,Omar Abramov,Omar,NO_MIDDLE_NAME,Abramov,Omar Abramov,1978-04-12,Unknown,RU,362 Watchlist Street,Synthetic City A,RU,SYN-P-15296203,SYN-N-227689057,NOT_APPLICABLE_INDIVIDUAL,Synthetic Global,Synthetic prototype record,Synthetic Prototype,2024-01-01,1,High,1
WL000088,Individual,Sergei Volkov,Sergei,NO_MIDDLE_NAME,Volkov,Sergei Volkov,1978-04-12,Synthetic City B,RU,139 Watchlist Street,Synthetic City A,RU,SYN-P-70424733,SYN-N-941545311,NOT_APPLICABLE_INDIVIDUAL,Synthetic Regional,Synthetic prototype record,Synthetic Prototype,2024-01-01,1,High,1
WL000089,Individual,Karim Ivanov,Karim,NO_MIDDLE_NAME,Ivanov,Karim Ivanov,1978-04-12,Synthetic City A,KP,81 Watchlist Street,Synthetic City B,SY,SYN-P-76143493,SYN-N-105820198,NOT_APPLICABLE_INDIVIDUAL,Synthetic Global,Synthetic prototype record,Synthetic Prototype,2024-01-01,0,High,1
WL000090,Individual,Elena Volkov,Elena,NO_MIDDLE_NAME,Volkov,Elena Volkov,1978-04-12,Unknown,KP,68 Watchlist Street,Synthetic City A,KP,SYN-P-51053295,SYN-N-016583431,NOT_APPLICABLE_INDIVIDUAL,Synthetic Regional,Synthetic prototype record,Synthetic Prototype,2024-01-01,1,High,1
WL000091,Individual,Ivan Ivanov,Ivan,NO_MIDDLE_NAME,Ivanov,Ivan Ivanov,1978-04-12,Unknown,KP,260 Watchlist Street,Synthetic City A,SY,SYN-P-37812690,SYN-N-267962085,NOT_APPLICABLE_INDIVIDUAL,Internal Watchlist,Synthetic prototype record,Synthetic Prototype,2024-01-01,1,High,1
WL000092,Individual,Omar Haddad,Omar,NO_MIDDLE_NAME,Haddad,Omar Haddad,1978-04-12,Synthetic City A,SY,374 Watchlist Street,Synthetic City A,RU,SYN-P-74798062,SYN-N-971689081,NOT_APPLICABLE_INDIVIDUAL,Internal Watchlist,Synthetic prototype record,Synthetic Prototype,2024-01-01,1,Critical,1
WL000093,Individual,Elena Karimov,Elena,NO_MIDDLE_NAME,Karimov,Elena Karimov,1978-04-12,Synthetic City B,SY,40 Watchlist Street,Synthetic City B,KP,SYN-P-85895188,SYN-N-644288677,NOT_APPLICABLE_INDIVIDUAL,Internal Watchlist,Synthetic prototype record,Synthetic Prototype,2024-01-01,1,High,1
WL000094,Individual,Hassan Petrov,Hassan,NO_MIDDLE_NAME,Petrov,Hassan Petrov,1978-04-12,Synthetic City A,KP,40 Watchlist Street,Synthetic City B,KP,SYN-P-60120419,SYN-N-483404594,NOT_APPLICABLE_INDIVIDUAL,Synthetic Regional,Synthetic prototype record,Synthetic Prototype,2024-01-01,1,Critical,1
WL000095,Individual,Hassan Bashir,Hassan,NO_MIDDLE_NAME,Bashir,Hassan Bashir,1978-04-12,Synthetic City A,SY,28 Watchlist Street,Synthetic City B,SY,SYN-P-00629982,SYN-N-425340918,NOT_APPLICABLE_INDIVIDUAL,Internal Watchlist,Synthetic prototype record,Synthetic Prototype,2024-01-01,1,Critical,1
WL000096,Individual,Laila Volkov,Laila,NO_MIDDLE_NAME,Volkov,Laila Volkov,1978-04-12,Unknown,SY,345 Watchlist Street,Synthetic City B,KP,SYN-P-77450509,SYN-N-517833464,NOT_APPLICABLE_INDIVIDUAL,Internal Watchlist,Synthetic prototype record,Synthetic Prototype,2024-01-01,1,High,1
WL000097,Individual,Laila Ivanov,Laila,NO_MIDDLE_NAME,Ivanov,Laila Ivanov,1978-04-12,Synthetic City A,KP,160 Watchlist Street,Synthetic City B,RU,SYN-P-96212729,SYN-N-733045436,NOT_APPLICABLE_INDIVIDUAL,Internal Watchlist,Synthetic prototype record,Synthetic Prototype,2024-01-01,1,Critical,1
WL000098,Organization,Sokolov Global Holdings,NOT_APPLICABLE_ORGANIZATION,NO_MIDDLE_NAME,NOT_APPLICABLE_ORGANIZATION,Sokolov Group,1900-01-01,Synthetic City B,KP,215 Watchlist Street,Synthetic City B,RU,SYN-P-83741056,SYN-N-146659746,Sokolov Global Holdings,Synthetic Regional,Synthetic prototype record,Synthetic Prototype,2024-01-01,1,High,0
WL000099,Individual,Sergei Sokolov,Sergei,NO_MIDDLE_NAME,Sokolov,Sergei Sokolov,1978-04-12,Unknown,KP,153 Watchlist Street,Synthetic City B,SY,SYN-P-80951987,SYN-N-217060203,NOT_APPLICABLE_INDIVIDUAL,Synthetic Global,Synthetic prototype record,Synthetic Prototype,2024-01-01,1,High,1
WL000100,Individual,Laila Ivanov,Laila,NO_MIDDLE_NAME,Ivanov,Laila Ivanov,1978-04-12,Synthetic City A,RU,398 Watchlist Street,Synthetic City B,SY,SYN-P-71616368,SYN-N-399601172,NOT_APPLICABLE_INDIVIDUAL,Synthetic Global,Synthetic prototype record,Synthetic Prototype,2024-01-01,1,Critical,1
WL000101,Individual,Laila Ivanov,Laila,NO_MIDDLE_NAME,Ivanov,Laila Ivanov,1978-04-12,Synthetic City B,KP,89 Watchlist Street,Synthetic City B,KP,SYN-P-10565837,SYN-N-649944119,NOT_APPLICABLE_INDIVIDUAL,Synthetic Global,Synthetic prototype record,Synthetic Prototype,2024-01-01,1,High,1
WL000102,Individual,Dmitri Karimov,Dmitri,NO_MIDDLE_NAME,Karimov,Dmitri Karimov,1978-04-12,Synthetic City B,SY,267 Watchlist Street,Synthetic City B,RU,SYN-P-18360335,SYN-N-193165498,NOT_APPLICABLE_INDIVIDUAL,Synthetic Global,Synthetic prototype record,Synthetic Prototype,2024-01-01,1,Critical,1
WL000103,Individual,Sergei Volkov,Sergei,NO_MIDDLE_NAME,Volkov,Sergei Volkov,1978-04-12,Synthetic City A,RU,143 Watchlist Street,Synthetic City B,KP,SYN-P-35810047,SYN-N-570912246,NOT_APPLICABLE_INDIVIDUAL,Internal Watchlist,Synthetic prototype record,Synthetic Prototype,2024-01-01,1,Critical,1
WL000104,Individual,Ivan Karimov,Ivan,NO_MIDDLE_NAME,Karimov,Ivan Karimov,1978-04-12,Synthetic City A,RU,68 Watchlist Street,Synthetic City B,SY,SYN-P-36202359,SYN-N-644768750,NOT_APPLICABLE_INDIVIDUAL,Internal Watchlist,Synthetic prototype record,Synthetic Prototype,2024-01-01,1,High,1
WL000105,Individual,Laila Haddad,Laila,NO_MIDDLE_NAME,Haddad,Laila Haddad,1978-04-12,Unknown,KP,127 Watchlist Street,Synthetic City B,SY,SYN-P-06424524,SYN-N-670108847,NOT_APPLICABLE_INDIVIDUAL,Synthetic Regional,Synthetic prototype record,Synthetic Prototype,2024-01-01,1,Critical,1
WL000106,Individual,Hassan Petrov,Hassan,NO_MIDDLE_NAME,Petrov,Hassan Petrov,1978-04-12,Synthetic City B,RU,184 Watchlist Street,Synthetic City B,KP,SYN-P-12417398,SYN-N-844063320,NOT_APPLICABLE_INDIVIDUAL,Synthetic Regional,Synthetic prototype record,Synthetic Prototype,2024-01-01,1,High,1
WL000107,Individual,Dmitri Abramov,Dmitri,NO_MIDDLE_NAME,Abramov,Dmitri Abramov,1978-04-12,Synthetic City A,SY,249 Watchlist Street,Synthetic City A,RU,SYN-P-27287062,SYN-N-854715174,NOT_APPLICABLE_INDIVIDUAL,Synthetic Regional,Synthetic prototype record,Synthetic Prototype,2024-01-01,1,Critical,1
WL000108,Individual,Omar Haddad,Omar,NO_MIDDLE_NAME,Haddad,Omar Haddad,1978-04-12,Synthetic City B,RU,197 Watchlist Street,Synthetic City A,SY,SYN-P-18393143,SYN-N-225606153,NOT_APPLICABLE_INDIVIDUAL,Internal Watchlist,Synthetic prototype record,Synthetic Prototype,2024-01-01,1,High,1
WL000109,Individual,Elena Karimov,Elena,NO_MIDDLE_NAME,Karimov,Elena Karimov,1978-04-12,Synthetic City B,RU,219 Watchlist Street,Synthetic City A,SY,SYN-P-43729574,SYN-N-173337090,NOT_APPLICABLE_INDIVIDUAL,Synthetic Global,Synthetic prototype record,Synthetic Prototype,2024-01-01,1,High,1
WL000110,Individual,Laila Ivanov,Laila,NO_MIDDLE_NAME,Ivanov,Laila Ivanov,1978-04-12,Synthetic City B,SY,219 Watchlist Street,Synthetic City A,SY,SYN-P-65006094,SYN-N-483281555,NOT_APPLICABLE_INDIVIDUAL,Synthetic Regional,Synthetic prototype record,Synthetic Prototype,2024-01-01,1,Critical,1
WL000111,Individual,Ivan Abramov,Ivan,NO_MIDDLE_NAME,Abramov,Ivan Abramov,1978-04-12,Unknown,RU,193 Watchlist Street,Synthetic City B,RU,SYN-P-91389120,SYN-N-935049164,NOT_APPLICABLE_INDIVIDUAL,Internal Watchlist,Synthetic prototype record,Synthetic Prototype,2024-01-01,1,High,1
WL000112,Individual,Sergei Haddad,Sergei,NO_MIDDLE_NAME,Haddad,Sergei Haddad,1978-04-12,Synthetic City B,KP,42 Watchlist Street,Synthetic City B,KP,SYN-P-26987619,SYN-N-863832330,NOT_APPLICABLE_INDIVIDUAL,Internal Watchlist,Synthetic prototype record,Synthetic Prototype,2024-01-01,1,Critical,1
WL000113,Individual,Farid Petrov,Farid,NO_MIDDLE_NAME,Petrov,Farid Petrov,1978-04-12,Synthetic City B,KP,273 Watchlist Street,Synthetic City B,KP,SYN-P-63377902,SYN-N-639047092,NOT_APPLICABLE_INDIVIDUAL,Synthetic Regional,Synthetic prototype record,Synthetic Prototype,2024-01-01,1,Critical,1
WL000114,Individual,Elena Karimov,Elena,NO_MIDDLE_NAME,Karimov,Elena Karimov,1978-04-12,Synthetic City A,SY,106 Watchlist Street,Synthetic City A,SY,SYN-P-18977240,SYN-N-690003191,NOT_APPLICABLE_INDIVIDUAL,Synthetic Global,Synthetic prototype record,Synthetic Prototype,2024-01-01,0,High,1
WL000115,Individual,Ivan Abramov,Ivan,NO_MIDDLE_NAME,Abramov,Ivan Abramov,1978-04-12,Synthetic City B,RU,215 Watchlist Street,Synthetic City B,RU,SYN-P-50578856,SYN-N-658504479,NOT_APPLICABLE_INDIVIDUAL,Synthetic Global,Synthetic prototype record,Synthetic Prototype,2024-01-01,1,High,1
WL000116,Individual,Hassan Ivanov,Hassan,NO_MIDDLE_NAME,Ivanov,Hassan Ivanov,1978-04-12,Synthetic City A,SY,234 Watchlist Street,Synthetic City A,KP,SYN-P-79479745,SYN-N-198007433,NOT_APPLICABLE_INDIVIDUAL,Internal Watchlist,Synthetic prototype record,Synthetic Prototype,2024-01-01,1,High,1
WL000117,Individual,Alexander Haddad,Alexander,NO_MIDDLE_NAME,Haddad,Alexander Haddad,1978-04-12,Synthetic City A,SY,129 Watchlist Street,Synthetic City A,SY,SYN-P-29392680,SYN-N-592053374,NOT_APPLICABLE_INDIVIDUAL,Synthetic Regional,Synthetic prototype record,Synthetic Prototype,2024-01-01,1,High,1
WL000118,Individual,Alexander Sokolov,Alexander,NO_MIDDLE_NAME,Sokolov,Alexander Sokolov,1978-04-12,Unknown,SY,291 Watchlist Street,Synthetic City B,SY,SYN-P-11347567,SYN-N-209739075,NOT_APPLICABLE_INDIVIDUAL,Synthetic Regional,Synthetic prototype record,Synthetic Prototype,2024-01-01,1,Critical,1
WL000119,Organization,Karimov Global Holdings,NOT_APPLICABLE_ORGANIZATION,NO_MIDDLE_NAME,NOT_APPLICABLE_ORGANIZATION,Karimov Group,1900-01-01,Unknown,RU,226 Watchlist Street,Synthetic City B,SY,SYN-P-40710830,SYN-N-926126353,Karimov Global Holdings,Synthetic Global,Synthetic prototype record,Synthetic Prototype,2024-01-01,1,High,0
WL000120,Individual,Elena Ivanov,Elena,NO_MIDDLE_NAME,Ivanov,Elena Ivanov,1978-04-12,Synthetic City A,RU,143 Watchlist Street,Synthetic City A,RU,SYN-P-28834629,SYN-N-178553586,NOT_APPLICABLE_INDIVIDUAL,Synthetic Regional,Synthetic prototype record,Synthetic Prototype,2024-01-01,1,High,1
WL000121,Individual,Elena Petrov,Elena,NO_MIDDLE_NAME,Petrov,Elena Petrov,1978-04-12,Unknown,RU,314 Watchlist Street,Synthetic City A,RU,SYN-P-75072213,SYN-N-347233928,NOT_APPLICABLE_INDIVIDUAL,Internal Watchlist,Synthetic prototype record,Synthetic Prototype,2024-01-01,1,Critical,1
WL000122,Organization,Karimov Global Holdings,NOT_APPLICABLE_ORGANIZATION,NO_MIDDLE_NAME,NOT_APPLICABLE_ORGANIZATION,Karimov Group,1900-01-01,Synthetic City A,KP,278 Watchlist Street,Synthetic City A,SY,SYN-P-23066337,SYN-N-843462933,Karimov Global Holdings,Synthetic Regional,Synthetic prototype record,Synthetic Prototype,2024-01-01,1,Critical,0
WL000123,Individual,Laila Haddad,Laila,NO_MIDDLE_NAME,Haddad,Laila Haddad,1978-04-12,Unknown,SY,188 Watchlist Street,Synthetic City B,KP,SYN-P-36542549,SYN-N-087370477,NOT_APPLICABLE_INDIVIDUAL,Internal Watchlist,Synthetic prototype record,Synthetic Prototype,2024-01-01,1,High,1
WL000124,Individual,Hassan Volkov,Hassan,NO_MIDDLE_NAME,Volkov,Hassan Volkov,1978-04-12,Synthetic City B,SY,268 Watchlist Street,Synthetic City A,KP,SYN-P-97499519,SYN-N-347202836,NOT_APPLICABLE_INDIVIDUAL,Synthetic Regional,Synthetic prototype record,Synthetic Prototype,2024-01-01,1,Critical,1
WL000125,Individual,Omar Bashir,Omar,NO_MIDDLE_NAME,Bashir,Omar Bashir,1978-04-12,Unknown,SY,33 Watchlist Street,Synthetic City B,KP,SYN-P-83721070,SYN-N-427114306,NOT_APPLICABLE_INDIVIDUAL,Synthetic Global,Synthetic prototype record,Synthetic Prototype,2024-01-01,1,Critical,1
WL000126,Individual,Hassan Ivanov,Hassan,NO_MIDDLE_NAME,Ivanov,Hassan Ivanov,1978-04-12,Synthetic City A,KP,86 Watchlist Street,Synthetic City B,RU,SYN-P-56436188,SYN-N-585031990,NOT_APPLICABLE_INDIVIDUAL,Synthetic Global,Synthetic prototype record,Synthetic Prototype,2024-01-01,1,Critical,1
WL000127,Individual,Ivan Abramov,Ivan,NO_MIDDLE_NAME,Abramov,Ivan Abramov,1978-04-12,Synthetic City A,KP,398 Watchlist Street,Synthetic City A,SY,SYN-P-07908772,SYN-N-368317008,NOT_APPLICABLE_INDIVIDUAL,Synthetic Regional,Synthetic prototype record,Synthetic Prototype,2024-01-01,1,High,1
WL000128,Individual,Ivan Sokolov,Ivan,NO_MIDDLE_NAME,Sokolov,Ivan Sokolov,1978-04-12,Synthetic City A,SY,313 Watchlist Street,Synthetic City A,SY,SYN-P-11887582,SYN-N-510860685,NOT_APPLICABLE_INDIVIDUAL,Internal Watchlist,Synthetic prototype record,Synthetic Prototype,2024-01-01,1,High,1
WL000129,Organization,Abramov Global Holdings,NOT_APPLICABLE_ORGANIZATION,NO_MIDDLE_NAME,NOT_APPLICABLE_ORGANIZATION,Abramov Group,1900-01-01,Synthetic City A,RU,144 Watchlist Street,Synthetic City A,SY,SYN-P-81896155,SYN-N-914030102,Abramov Global Holdings,Synthetic Regional,Synthetic prototype record,Synthetic Prototype,2024-01-01,1,High,0
WL000130,Individual,Sergei Karimov,Sergei,NO_MIDDLE_NAME,Karimov,Sergei Karimov,1978-04-12,Unknown,KP,298 Watchlist Street,Synthetic City A,RU,SYN-P-32707788,SYN-N-821263750,NOT_APPLICABLE_INDIVIDUAL,Internal Watchlist,Synthetic prototype record,Synthetic Prototype,2024-01-01,1,Critical,1
WL000131,Individual,Omar Sokolov,Omar,NO_MIDDLE_NAME,Sokolov,Omar Sokolov,1978-04-12,Synthetic City A,RU,34 Watchlist Street,Synthetic City B,SY,SYN-P-09816066,SYN-N-414887409,NOT_APPLICABLE_INDIVIDUAL,Internal Watchlist,Synthetic prototype record,Synthetic Prototype,2024-01-01,1,High,1
WL000132,Individual,Ivan Petrov,Ivan,NO_MIDDLE_NAME,Petrov,Ivan Petrov,1978-04-12,Unknown,RU,199 Watchlist Street,Synthetic City B,RU,SYN-P-46540847,SYN-N-177827416,NOT_APPLICABLE_INDIVIDUAL,Synthetic Regional,Synthetic prototype record,Synthetic Prototype,2024-01-01,1,Critical,1
WL000133,Individual,Elena Abramov,Elena,NO_MIDDLE_NAME,Abramov,Elena Abramov,1978-04-12,Synthetic City B,KP,110 Watchlist Street,Synthetic City A,RU,SYN-P-56853218,SYN-N-512356657,NOT_APPLICABLE_INDIVIDUAL,Synthetic Global,Synthetic prototype record,Synthetic Prototype,2024-01-01,1,High,1
WL000134,Individual,Omar Petrov,Omar,NO_MIDDLE_NAME,Petrov,Omar Petrov,1978-04-12,Synthetic City A,SY,268 Watchlist Street,Synthetic City B,SY,SYN-P-99299493,SYN-N-976702115,NOT_APPLICABLE_INDIVIDUAL,Synthetic Regional,Synthetic prototype record,Synthetic Prototype,2024-01-01,1,Critical,1
WL000135,Individual,Hassan Haddad,Hassan,NO_MIDDLE_NAME,Haddad,Hassan Haddad,1978-04-12,Synthetic City A,KP,182 Watchlist Street,Synthetic City A,SY,SYN-P-42194460,SYN-N-546217172,NOT_APPLICABLE_INDIVIDUAL,Internal Watchlist,Synthetic prototype record,Synthetic Prototype,2024-01-01,1,Critical,1
WL000136,Individual,Dmitri Haddad,Dmitri,NO_MIDDLE_NAME,Haddad,Dmitri Haddad,1978-04-12,Unknown,SY,101 Watchlist Street,Synthetic City B,KP,SYN-P-63321245,SYN-N-219593080,NOT_APPLICABLE_INDIVIDUAL,Synthetic Regional,Synthetic prototype record,Synthetic Prototype,2024-01-01,1,High,1
WL000137,Individual,Hassan Petrov,Hassan,NO_MIDDLE_NAME,Petrov,Hassan Petrov,1978-04-12,Synthetic City B,RU,212 Watchlist Street,Synthetic City B,SY,SYN-P-92417848,SYN-N-062778307,NOT_APPLICABLE_INDIVIDUAL,Internal Watchlist,Synthetic prototype record,Synthetic Prototype,2024-01-01,1,High,1
WL000138,Organization,Petrov Global Holdings,NOT_APPLICABLE_ORGANIZATION,NO_MIDDLE_NAME,NOT_APPLICABLE_ORGANIZATION,Petrov Group,1900-01-01,Synthetic City B,KP,254 Watchlist Street,Synthetic City A,SY,SYN-P-15827678,SYN-N-250129604,Petrov Global Holdings,Internal Watchlist,Synthetic prototype record,Synthetic Prototype,2024-01-01,1,High,0
WL000139,Individual,Omar Bashir,Omar,NO_MIDDLE_NAME,Bashir,Omar Bashir,1978-04-12,Synthetic City A,RU,95 Watchlist Street,Synthetic City B,RU,SYN-P-12972310,SYN-N-706653839,NOT_APPLICABLE_INDIVIDUAL,Synthetic Regional,Synthetic prototype record,Synthetic Prototype,2024-01-01,1,Critical,1
WL000140,Individual,Sergei Abramov,Sergei,NO_MIDDLE_NAME,Abramov,Sergei Abramov,1978-04-12,Synthetic City A,RU,1 Watchlist Street,Synthetic City A,RU,SYN-P-38190839,SYN-N-451497129,NOT_APPLICABLE_INDIVIDUAL,Internal Watchlist,Synthetic prototype record,Synthetic Prototype,2024-01-01,1,Critical,1
WL000141,Individual,Dmitri Ivanov,Dmitri,NO_MIDDLE_NAME,Ivanov,Dmitri Ivanov,1978-04-12,Synthetic City B,KP,156 Watchlist Street,Synthetic City A,SY,SYN-P-03125512,SYN-N-823162477,NOT_APPLICABLE_INDIVIDUAL,Synthetic Regional,Synthetic prototype record,Synthetic Prototype,2024-01-01,1,Critical,1
WL000142,Individual,Alexander Karimov,Alexander,NO_MIDDLE_NAME,Karimov,Alexander Karimov,1978-04-12,Unknown,SY,259 Watchlist Street,Synthetic City A,RU,SYN-P-30500752,SYN-N-188999503,NOT_APPLICABLE_INDIVIDUAL,Internal Watchlist,Synthetic prototype record,Synthetic Prototype,2024-01-01,0,High,1
WL000143,Individual,Karim Volkov,Karim,NO_MIDDLE_NAME,Volkov,Karim Volkov,1978-04-12,Synthetic City A,KP,8 Watchlist Street,Synthetic City A,SY,SYN-P-53032180,SYN-N-794062988,NOT_APPLICABLE_INDIVIDUAL,Synthetic Global,Synthetic prototype record,Synthetic Prototype,2024-01-01,1,High,1
WL000144,Individual,Dmitri Volkov,Dmitri,NO_MIDDLE_NAME,Volkov,Dmitri Volkov,1978-04-12,Synthetic City A,KP,273 Watchlist Street,Synthetic City B,RU,SYN-P-51169291,SYN-N-402959471,NOT_APPLICABLE_INDIVIDUAL,Synthetic Global,Synthetic prototype record,Synthetic Prototype,2024-01-01,1,Critical,1
WL000145,Organization,Ivanov Global Holdings,NOT_APPLICABLE_ORGANIZATION,NO_MIDDLE_NAME,NOT_APPLICABLE_ORGANIZATION,Ivanov Group,1900-01-01,Unknown,KP,13 Watchlist Street,Synthetic City A,SY,SYN-P-58492530,SYN-N-326018723,Ivanov Global Holdings,Synthetic Global,Synthetic prototype record,Synthetic Prototype,2024-01-01,1,Critical,0
WL000146,Organization,Sokolov Global Holdings,NOT_APPLICABLE_ORGANIZATION,NO_MIDDLE_NAME,NOT_APPLICABLE_ORGANIZATION,Sokolov Group,1900-01-01,Unknown,KP,194 Watchlist Street,Synthetic City B,RU,SYN-P-74602278,SYN-N-168102591,Sokolov Global Holdings,Internal Watchlist,Synthetic prototype record,Synthetic Prototype,2024-01-01,1,Critical,0
WL000147,Individual,Hassan Karimov,Hassan,NO_MIDDLE_NAME,Karimov,Hassan Karimov,1978-04-12,Unknown,KP,122 Watchlist Street,Synthetic City B,KP,SYN-P-97420360,SYN-N-365517479,NOT_APPLICABLE_INDIVIDUAL,Internal Watchlist,Synthetic prototype record,Synthetic Prototype,2024-01-01,1,High,1
WL000148,Individual,Hassan Abramov,Hassan,NO_MIDDLE_NAME,Abramov,Hassan Abramov,1978-04-12,Unknown,RU,101 Watchlist Street,Synthetic City A,SY,SYN-P-24284010,SYN-N-666603604,NOT_APPLICABLE_INDIVIDUAL,Synthetic Global,Synthetic prototype record,Synthetic Prototype,2024-01-01,1,Critical,1
WL000149,Individual,Sergei Ivanov,Sergei,NO_MIDDLE_NAME,Ivanov,Sergei Ivanov,1978-04-12,Unknown,KP,204 Watchlist Street,Synthetic City A,RU,SYN-P-63706554,SYN-N-698352973,NOT_APPLICABLE_INDIVIDUAL,Synthetic Regional,Synthetic prototype record,Synthetic Prototype,2024-01-01,1,Critical,1
WL000150,Individual,Hassan Karimov,Hassan,NO_MIDDLE_NAME,Karimov,Hassan Karimov,1978-04-12,Synthetic City B,KP,101 Watchlist Street,Synthetic City A,KP,SYN-P-64454715,SYN-N-269353069,NOT_APPLICABLE_INDIVIDUAL,Synthetic Regional,Synthetic prototype record,Synthetic Prototype,2024-01-01,1,High,1
WL000151,Organization,Haddad Global Holdings,NOT_APPLICABLE_ORGANIZATION,NO_MIDDLE_NAME,NOT_APPLICABLE_ORGANIZATION,Haddad Group,1900-01-01,Synthetic City A,SY,333 Watchlist Street,Synthetic City A,RU,SYN-P-69192326,SYN-N-064418467,Haddad Global Holdings,Synthetic Global,Synthetic prototype record,Synthetic Prototype,2024-01-01,1,High,0
WL000152,Individual,Hassan Abramov,Hassan,NO_MIDDLE_NAME,Abramov,Hassan Abramov,1978-04-12,Synthetic City A,RU,1 Watchlist Street,Synthetic City B,RU,SYN-P-64865317,SYN-N-537811903,NOT_APPLICABLE_INDIVIDUAL,Internal Watchlist,Synthetic prototype record,Synthetic Prototype,2024-01-01,1,Critical,1
WL000153,Individual,Alexander Haddad,Alexander,NO_MIDDLE_NAME,Haddad,Alexander Haddad,1978-04-12,Synthetic City B,RU,6 Watchlist Street,Synthetic City A,KP,SYN-P-01258390,SYN-N-816884793,NOT_APPLICABLE_INDIVIDUAL,Synthetic Global,Synthetic prototype record,Synthetic Prototype,2024-01-01,1,Critical,1
WL000154,Individual,Karim Sokolov,Karim,NO_MIDDLE_NAME,Sokolov,Karim Sokolov,1978-04-12,Unknown,RU,150 Watchlist Street,Synthetic City A,KP,SYN-P-42375493,SYN-N-843631773,NOT_APPLICABLE_INDIVIDUAL,Internal Watchlist,Synthetic prototype record,Synthetic Prototype,2024-01-01,1,Critical,1
WL000155,Individual,Sergei Abramov,Sergei,NO_MIDDLE_NAME,Abramov,Sergei Abramov,1978-04-12,Unknown,RU,120 Watchlist Street,Synthetic City A,SY,SYN-P-90137921,SYN-N-404575896,NOT_APPLICABLE_INDIVIDUAL,Synthetic Global,Synthetic prototype record,Synthetic Prototype,2024-01-01,1,High,1
WL000156,Individual,Omar Volkov,Omar,NO_MIDDLE_NAME,Volkov,Omar Volkov,1978-04-12,Synthetic City B,SY,142 Watchlist Street,Synthetic City B,RU,SYN-P-45737278,SYN-N-454995650,NOT_APPLICABLE_INDIVIDUAL,Synthetic Regional,Synthetic prototype record,Synthetic Prototype,2024-01-01,1,High,1
WL000157,Individual,Omar Haddad,Omar,NO_MIDDLE_NAME,Haddad,Omar Haddad,1978-04-12,Synthetic City A,KP,247 Watchlist Street,Synthetic City B,RU,SYN-P-38893366,SYN-N-993580331,NOT_APPLICABLE_INDIVIDUAL,Synthetic Global,Synthetic prototype record,Synthetic Prototype,2024-01-01,1,High,1
WL000158,Individual,Hassan Abramov,Hassan,NO_MIDDLE_NAME,Abramov,Hassan Abramov,1978-04-12,Unknown,SY,390 Watchlist Street,Synthetic City A,KP,SYN-P-18052589,SYN-N-990318496,NOT_APPLICABLE_INDIVIDUAL,Synthetic Regional,Synthetic prototype record,Synthetic Prototype,2024-01-01,1,Critical,1
WL000159,Individual,Alexander Abramov,Alexander,NO_MIDDLE_NAME,Abramov,Alexander Abramov,1978-04-12,Synthetic City B,KP,224 Watchlist Street,Synthetic City B,KP,SYN-P-20707045,SYN-N-280296573,NOT_APPLICABLE_INDIVIDUAL,Synthetic Regional,Synthetic prototype record,Synthetic Prototype,2024-01-01,1,Critical,1
WL000160,Individual,Alexander Ivanov,Alexander,NO_MIDDLE_NAME,Ivanov,Alexander Ivanov,1978-04-12,Synthetic City A,SY,357 Watchlist Street,Synthetic City B,RU,SYN-P-07880015,SYN-N-598738377,NOT_APPLICABLE_INDIVIDUAL,Synthetic Global,Synthetic prototype record,Synthetic Prototype,2024-01-01,1,Critical,1
WL000161,Organization,Karimov Global Holdings,NOT_APPLICABLE_ORGANIZATION,NO_MIDDLE_NAME,NOT_APPLICABLE_ORGANIZATION,Karimov Group,1900-01-01,Synthetic City A,KP,169 Watchlist Street,Synthetic City A,KP,SYN-P-67875488,SYN-N-876129841,Karimov Global Holdings,Internal Watchlist,Synthetic prototype record,Synthetic Prototype,2024-01-01,1,High,0
WL000162,Individual,Dmitri Volkov,Dmitri,NO_MIDDLE_NAME,Volkov,Dmitri Volkov,1978-04-12,Unknown,RU,171 Watchlist Street,Synthetic City B,RU,SYN-P-14854414,SYN-N-065142176,NOT_APPLICABLE_INDIVIDUAL,Internal Watchlist,Synthetic prototype record,Synthetic Prototype,2024-01-01,1,Critical,1
WL000163,Individual,Dmitri Bashir,Dmitri,NO_MIDDLE_NAME,Bashir,Dmitri Bashir,1978-04-12,Unknown,SY,385 Watchlist Street,Synthetic City B,KP,SYN-P-97046024,SYN-N-333196816,NOT_APPLICABLE_INDIVIDUAL,Synthetic Regional,Synthetic prototype record,Synthetic Prototype,2024-01-01,1,Critical,1
WL000164,Individual,Laila Haddad,Laila,NO_MIDDLE_NAME,Haddad,Laila Haddad,1978-04-12,Synthetic City B,SY,261 Watchlist Street,Synthetic City B,KP,SYN-P-96563659,SYN-N-853940293,NOT_APPLICABLE_INDIVIDUAL,Synthetic Regional,Synthetic prototype record,Synthetic Prototype,2024-01-01,1,High,1
WL000165,Individual,Ivan Petrov,Ivan,NO_MIDDLE_NAME,Petrov,Ivan Petrov,1978-04-12,Synthetic City B,SY,328 Watchlist Street,Synthetic City A,RU,SYN-P-17635192,SYN-N-150907196,NOT_APPLICABLE_INDIVIDUAL,Internal Watchlist,Synthetic prototype record,Synthetic Prototype,2024-01-01,1,Critical,1
WL000166,Individual,Alexander Volkov,Alexander,NO_MIDDLE_NAME,Volkov,Alexander Volkov,1978-04-12,Unknown,RU,8 Watchlist Street,Synthetic City A,KP,SYN-P-84494201,SYN-N-659339921,NOT_APPLICABLE_INDIVIDUAL,Synthetic Global,Synthetic prototype record,Synthetic Prototype,2024-01-01,1,High,1
WL000167,Individual,Karim Haddad,Karim,NO_MIDDLE_NAME,Haddad,Karim Haddad,1978-04-12,Synthetic City A,RU,82 Watchlist Street,Synthetic City A,SY,SYN-P-53397125,SYN-N-915856593,NOT_APPLICABLE_INDIVIDUAL,Synthetic Global,Synthetic prototype record,Synthetic Prototype,2024-01-01,1,Critical,1
WL000168,Organization,Abramov Global Holdings,NOT_APPLICABLE_ORGANIZATION,NO_MIDDLE_NAME,NOT_APPLICABLE_ORGANIZATION,Abramov Group,1900-01-01,Unknown,KP,212 Watchlist Street,Synthetic City B,RU,SYN-P-08338425,SYN-N-504040791,Abramov Global Holdings,Synthetic Regional,Synthetic prototype record,Synthetic Prototype,2024-01-01,1,High,0
WL000169,Individual,Karim Abramov,Karim,NO_MIDDLE_NAME,Abramov,Karim Abramov,1978-04-12,Synthetic City B,RU,53 Watchlist Street,Synthetic City A,KP,SYN-P-12388846,SYN-N-266775968,NOT_APPLICABLE_INDIVIDUAL,Internal Watchlist,Synthetic prototype record,Synthetic Prototype,2024-01-01,1,Critical,1
WL000170,Organization,Haddad Global Holdings,NOT_APPLICABLE_ORGANIZATION,NO_MIDDLE_NAME,NOT_APPLICABLE_ORGANIZATION,Haddad Group,1900-01-01,Synthetic City B,SY,242 Watchlist Street,Synthetic City B,SY,SYN-P-75300012,SYN-N-505554276,Haddad Global Holdings,Synthetic Regional,Synthetic prototype record,Synthetic Prototype,2024-01-01,1,Critical,0
WL000171,Organization,Abramov Global Holdings,NOT_APPLICABLE_ORGANIZATION,NO_MIDDLE_NAME,NOT_APPLICABLE_ORGANIZATION,Abramov Group,1900-01-01,Unknown,SY,175 Watchlist Street,Synthetic City B,KP,SYN-P-76842860,SYN-N-424275520,Abramov Global Holdings,Internal Watchlist,Synthetic prototype record,Synthetic Prototype,2024-01-01,1,Critical,0
WL000172,Individual,Farid Haddad,Farid,NO_MIDDLE_NAME,Haddad,Farid Haddad,1978-04-12,Synthetic City A,KP,58 Watchlist Street,Synthetic City B,SY,SYN-P-97076715,SYN-N-338929588,NOT_APPLICABLE_INDIVIDUAL,Synthetic Regional,Synthetic prototype record,Synthetic Prototype,2024-01-01,1,Critical,1
WL000173,Organization,Haddad Global Holdings,NOT_APPLICABLE_ORGANIZATION,NO_MIDDLE_NAME,NOT_APPLICABLE_ORGANIZATION,Haddad Group,1900-01-01,Unknown,KP,55 Watchlist Street,Synthetic City B,KP,SYN-P-82024232,SYN-N-842490646,Haddad Global Holdings,Synthetic Regional,Synthetic prototype record,Synthetic Prototype,2024-01-01,1,Critical,0
WL000174,Individual,Farid Karimov,Farid,NO_MIDDLE_NAME,Karimov,Farid Karimov,1978-04-12,Synthetic City B,KP,281 Watchlist Street,Synthetic City B,RU,SYN-P-86907512,SYN-N-403207360,NOT_APPLICABLE_INDIVIDUAL,Synthetic Regional,Synthetic prototype record,Synthetic Prototype,2024-01-01,1,Critical,1
WL000175,Organization,Abramov Global Holdings,NOT_APPLICABLE_ORGANIZATION,NO_MIDDLE_NAME,NOT_APPLICABLE_ORGANIZATION,Abramov Group,1900-01-01,Synthetic City A,KP,153 Watchlist Street,Synthetic City A,SY,SYN-P-84068283,SYN-N-561680814,Abramov Global Holdings,Internal Watchlist,Synthetic prototype record,Synthetic Prototype,2024-01-01,1,Critical,0
WL000176,Individual,Alexander Ivanov,Alexander,NO_MIDDLE_NAME,Ivanov,Alexander Ivanov,1978-04-12,Synthetic City A,RU,336 Watchlist Street,Synthetic City A,RU,SYN-P-98815287,SYN-N-144219008,NOT_APPLICABLE_INDIVIDUAL,Synthetic Global,Synthetic prototype record,Synthetic Prototype,2024-01-01,1,High,1
WL000177,Individual,Farid Ivanov,Farid,NO_MIDDLE_NAME,Ivanov,Farid Ivanov,1978-04-12,Synthetic City A,KP,303 Watchlist Street,Synthetic City B,SY,SYN-P-23198265,SYN-N-706106581,NOT_APPLICABLE_INDIVIDUAL,Synthetic Regional,Synthetic prototype record,Synthetic Prototype,2024-01-01,1,Critical,1
WL000178,Organization,Sokolov Global Holdings,NOT_APPLICABLE_ORGANIZATION,NO_MIDDLE_NAME,NOT_APPLICABLE_ORGANIZATION,Sokolov Group,1900-01-01,Unknown,SY,56 Watchlist Street,Synthetic City B,RU,SYN-P-98153700,SYN-N-968455005,Sokolov Global Holdings,Synthetic Regional,Synthetic prototype record,Synthetic Prototype,2024-01-01,1,High,0
WL000179,Individual,Dmitri Karimov,Dmitri,NO_MIDDLE_NAME,Karimov,Dmitri Karimov,1978-04-12,Unknown,RU,338 Watchlist Street,Synthetic City A,KP,SYN-P-51234010,SYN-N-803989289,NOT_APPLICABLE_INDIVIDUAL,Synthetic Global,Synthetic prototype record,Synthetic Prototype,2024-01-01,1,Critical,1
WL000180,Organization,Abramov Global Holdings,NOT_APPLICABLE_ORGANIZATION,NO_MIDDLE_NAME,NOT_APPLICABLE_ORGANIZATION,Abramov Group,1900-01-01,Synthetic City B,SY,370 Watchlist Street,Synthetic City A,KP,SYN-P-72187905,SYN-N-213696003,Abramov Global Holdings,Synthetic Regional,Synthetic prototype record,Synthetic Prototype,2024-01-01,1,High,0
WL000181,Individual,Dmitri Karimov,Dmitri,NO_MIDDLE_NAME,Karimov,Dmitri Karimov,1978-04-12,Synthetic City B,RU,234 Watchlist Street,Synthetic City B,KP,SYN-P-16747963,SYN-N-814895027,NOT_APPLICABLE_INDIVIDUAL,Internal Watchlist,Synthetic prototype record,Synthetic Prototype,2024-01-01,1,Critical,1
WL000182,Individual,Laila Karimov,Laila,NO_MIDDLE_NAME,Karimov,Laila Karimov,1978-04-12,Synthetic City A,RU,94 Watchlist Street,Synthetic City B,SY,SYN-P-34825046,SYN-N-840155836,NOT_APPLICABLE_INDIVIDUAL,Internal Watchlist,Synthetic prototype record,Synthetic Prototype,2024-01-01,1,Critical,1
WL000183,Individual,Alexander Haddad,Alexander,NO_MIDDLE_NAME,Haddad,Alexander Haddad,1978-04-12,Unknown,SY,326 Watchlist Street,Synthetic City A,KP,SYN-P-90448229,SYN-N-945893378,NOT_APPLICABLE_INDIVIDUAL,Synthetic Regional,Synthetic prototype record,Synthetic Prototype,2024-01-01,1,High,1
WL000184,Individual,Laila Petrov,Laila,NO_MIDDLE_NAME,Petrov,Laila Petrov,1978-04-12,Synthetic City B,SY,394 Watchlist Street,Synthetic City B,RU,SYN-P-72080122,SYN-N-856445335,NOT_APPLICABLE_INDIVIDUAL,Synthetic Global,Synthetic prototype record,Synthetic Prototype,2024-01-01,1,Critical,1
WL000185,Individual,Karim Volkov,Karim,NO_MIDDLE_NAME,Volkov,Karim Volkov,1978-04-12,Synthetic City B,KP,61 Watchlist Street,Synthetic City B,RU,SYN-P-97634555,SYN-N-039914861,NOT_APPLICABLE_INDIVIDUAL,Synthetic Regional,Synthetic prototype record,Synthetic Prototype,2024-01-01,1,Critical,1
WL000186,Individual,Karim Haddad,Karim,NO_MIDDLE_NAME,Haddad,Karim Haddad,1978-04-12,Unknown,SY,263 Watchlist Street,Synthetic City B,SY,SYN-P-18955506,SYN-N-594269967,NOT_APPLICABLE_INDIVIDUAL,Synthetic Regional,Synthetic prototype record,Synthetic Prototype,2024-01-01,1,Critical,1
WL000187,Individual,Dmitri Haddad,Dmitri,NO_MIDDLE_NAME,Haddad,Dmitri Haddad,1978-04-12,Synthetic City B,SY,325 Watchlist Street,Synthetic City B,KP,SYN-P-25919748,SYN-N-459874705,NOT_APPLICABLE_INDIVIDUAL,Internal Watchlist,Synthetic prototype record,Synthetic Prototype,2024-01-01,1,High,1
WL000188,Organization,Karimov Global Holdings,NOT_APPLICABLE_ORGANIZATION,NO_MIDDLE_NAME,NOT_APPLICABLE_ORGANIZATION,Karimov Group,1900-01-01,Synthetic City A,SY,211 Watchlist Street,Synthetic City B,RU,SYN-P-64493932,SYN-N-096238756,Karimov Global Holdings,Synthetic Global,Synthetic prototype record,Synthetic Prototype,2024-01-01,1,Critical,0
WL000189,Individual,Laila Petrov,Laila,NO_MIDDLE_NAME,Petrov,Laila Petrov,1978-04-12,Synthetic City B,SY,355 Watchlist Street,Synthetic City A,KP,SYN-P-06163337,SYN-N-231354213,NOT_APPLICABLE_INDIVIDUAL,Internal Watchlist,Synthetic prototype record,Synthetic Prototype,2024-01-01,1,High,1
WL000190,Individual,Ivan Abramov,Ivan,NO_MIDDLE_NAME,Abramov,Ivan Abramov,1978-04-12,Unknown,RU,311 Watchlist Street,Synthetic City A,KP,SYN-P-33653899,SYN-N-026230249,NOT_APPLICABLE_INDIVIDUAL,Synthetic Regional,Synthetic prototype record,Synthetic Prototype,2024-01-01,1,Critical,1
WL000191,Individual,Farid Haddad,Farid,NO_MIDDLE_NAME,Haddad,Farid Haddad,1978-04-12,Synthetic City A,RU,166 Watchlist Street,Synthetic City A,KP,SYN-P-91285594,SYN-N-534640520,NOT_APPLICABLE_INDIVIDUAL,Internal Watchlist,Synthetic prototype record,Synthetic Prototype,2024-01-01,1,Critical,1
WL000192,Individual,Ivan Volkov,Ivan,NO_MIDDLE_NAME,Volkov,Ivan Volkov,1978-04-12,Unknown,SY,1 Watchlist Street,Synthetic City B,KP,SYN-P-63129992,SYN-N-101375666,NOT_APPLICABLE_INDIVIDUAL,Internal Watchlist,Synthetic prototype record,Synthetic Prototype,2024-01-01,1,High,1
WL000193,Individual,Farid Abramov,Farid,NO_MIDDLE_NAME,Abramov,Farid Abramov,1978-04-12,Synthetic City A,SY,291 Watchlist Street,Synthetic City B,RU,SYN-P-19214248,SYN-N-069729613,NOT_APPLICABLE_INDIVIDUAL,Internal Watchlist,Synthetic prototype record,Synthetic Prototype,2024-01-01,1,Critical,1
WL000194,Organization,Abramov Global Holdings,NOT_APPLICABLE_ORGANIZATION,NO_MIDDLE_NAME,NOT_APPLICABLE_ORGANIZATION,Abramov Group,1900-01-01,Unknown,RU,394 Watchlist Street,Synthetic City B,KP,SYN-P-09357107,SYN-N-345342153,Abramov Global Holdings,Internal Watchlist,Synthetic prototype record,Synthetic Prototype,2024-01-01,1,Critical,0
WL000195,Individual,Alexander Abramov,Alexander,NO_MIDDLE_NAME,Abramov,Alexander Abramov,1978-04-12,Synthetic City B,SY,372 Watchlist Street,Synthetic City B,SY,SYN-P-49484896,SYN-N-286367805,NOT_APPLICABLE_INDIVIDUAL,Synthetic Global,Synthetic prototype record,Synthetic Prototype,2024-01-01,1,High,1
WL000196,Individual,Elena Bashir,Elena,NO_MIDDLE_NAME,Bashir,Elena Bashir,1978-04-12,Synthetic City A,KP,233 Watchlist Street,Synthetic City B,KP,SYN-P-00064821,SYN-N-294766145,NOT_APPLICABLE_INDIVIDUAL,Synthetic Global,Synthetic prototype record,Synthetic Prototype,2024-01-01,1,Critical,1
WL000197,Individual,Hassan Bashir,Hassan,NO_MIDDLE_NAME,Bashir,Hassan Bashir,1978-04-12,Synthetic City B,KP,348 Watchlist Street,Synthetic City B,KP,SYN-P-90907713,SYN-N-608066718,NOT_APPLICABLE_INDIVIDUAL,Internal Watchlist,Synthetic prototype record,Synthetic Prototype,2024-01-01,1,Critical,1
WL000198,Organization,Bashir Global Holdings,NOT_APPLICABLE_ORGANIZATION,NO_MIDDLE_NAME,NOT_APPLICABLE_ORGANIZATION,Bashir Group,1900-01-01,Synthetic City B,RU,210 Watchlist Street,Synthetic City B,SY,SYN-P-68380246,SYN-N-810229936,Bashir Global Holdings,Synthetic Global,Synthetic prototype record,Synthetic Prototype,2024-01-01,1,High,0
WL000199,Organization,Sokolov Global Holdings,NOT_APPLICABLE_ORGANIZATION,NO_MIDDLE_NAME,NOT_APPLICABLE_ORGANIZATION,Sokolov Group,1900-01-01,Unknown,KP,9 Watchlist Street,Synthetic City A,SY,SYN-P-72399916,SYN-N-518570807,Sokolov Global Holdings,Synthetic Regional,Synthetic prototype record,Synthetic Prototype,2024-01-01,1,High,0
WL000200,Individual,Laila Sokolov,Laila,NO_MIDDLE_NAME,Sokolov,Laila Sokolov,1978-04-12,Synthetic City A,SY,141 Watchlist Street,Synthetic City B,RU,SYN-P-51119177,SYN-N-808124466,NOT_APPLICABLE_INDIVIDUAL,Synthetic Global,Synthetic prototype record,Synthetic Prototype,2024-01-01,1,High,1
WL000201,Individual,Alexander Bashir,Alexander,NO_MIDDLE_NAME,Bashir,Alexander Bashir,1978-04-12,Synthetic City A,KP,99 Watchlist Street,Synthetic City B,SY,SYN-P-64860599,SYN-N-092131304,NOT_APPLICABLE_INDIVIDUAL,Synthetic Global,Synthetic prototype record,Synthetic Prototype,2024-01-01,1,High,1
WL000202,Individual,Ivan Ivanov,Ivan,NO_MIDDLE_NAME,Ivanov,Ivan Ivanov,1978-04-12,Synthetic City A,RU,54 Watchlist Street,Synthetic City B,KP,SYN-P-29538976,SYN-N-921166582,NOT_APPLICABLE_INDIVIDUAL,Synthetic Regional,Synthetic prototype record,Synthetic Prototype,2024-01-01,1,High,1
WL000203,Individual,Elena Karimov,Elena,NO_MIDDLE_NAME,Karimov,Elena Karimov,1978-04-12,Synthetic City A,KP,210 Watchlist Street,Synthetic City B,SY,SYN-P-72243419,SYN-N-721636367,NOT_APPLICABLE_INDIVIDUAL,Internal Watchlist,Synthetic prototype record,Synthetic Prototype,2024-01-01,1,High,1
WL000204,Organization,Abramov Global Holdings,NOT_APPLICABLE_ORGANIZATION,NO_MIDDLE_NAME,NOT_APPLICABLE_ORGANIZATION,Abramov Group,1900-01-01,Unknown,RU,185 Watchlist Street,Synthetic City A,RU,SYN-P-40113614,SYN-N-806258318,Abramov Global Holdings,Internal Watchlist,Synthetic prototype record,Synthetic Prototype,2024-01-01,1,Critical,0
WL000205,Organization,Karimov Global Holdings,NOT_APPLICABLE_ORGANIZATION,NO_MIDDLE_NAME,NOT_APPLICABLE_ORGANIZATION,Karimov Group,1900-01-01,Unknown,SY,213 Watchlist Street,Synthetic City B,RU,SYN-P-76372819,SYN-N-081364595,Karimov Global Holdings,Synthetic Global,Synthetic prototype record,Synthetic Prototype,2024-01-01,1,High,0
WL000206,Individual,Sergei Volkov,Sergei,NO_MIDDLE_NAME,Volkov,Sergei Volkov,1978-04-12,Unknown,KP,280 Watchlist Street,Synthetic City B,KP,SYN-P-15307369,SYN-N-232444173,NOT_APPLICABLE_INDIVIDUAL,Synthetic Regional,Synthetic prototype record,Synthetic Prototype,2024-01-01,1,High,1
WL000207,Individual,Omar Bashir,Omar,NO_MIDDLE_NAME,Bashir,Omar Bashir,1978-04-12,Synthetic City A,SY,393 Watchlist Street,Synthetic City B,RU,SYN-P-05971336,SYN-N-797604293,NOT_APPLICABLE_INDIVIDUAL,Synthetic Regional,Synthetic prototype record,Synthetic Prototype,2024-01-01,1,Critical,1
WL000208,Organization,Sokolov Global Holdings,NOT_APPLICABLE_ORGANIZATION,NO_MIDDLE_NAME,NOT_APPLICABLE_ORGANIZATION,Sokolov Group,1900-01-01,Synthetic City A,SY,242 Watchlist Street,Synthetic City A,SY,SYN-P-88876074,SYN-N-107208104,Sokolov Global Holdings,Synthetic Regional,Synthetic prototype record,Synthetic Prototype,2024-01-01,1,Critical,0
WL000209,Individual,Karim Karimov,Karim,NO_MIDDLE_NAME,Karimov,Karim Karimov,1978-04-12,Unknown,SY,288 Watchlist Street,Synthetic City B,SY,SYN-P-80063221,SYN-N-620221782,NOT_APPLICABLE_INDIVIDUAL,Synthetic Regional,Synthetic prototype record,Synthetic Prototype,2024-01-01,1,Critical,1
WL000210,Organization,Sokolov Global Holdings,NOT_APPLICABLE_ORGANIZATION,NO_MIDDLE_NAME,NOT_APPLICABLE_ORGANIZATION,Sokolov Group,1900-01-01,Synthetic City A,SY,77 Watchlist Street,Synthetic City B,KP,SYN-P-66604728,SYN-N-774380051,Sokolov Global Holdings,Internal Watchlist,Synthetic prototype record,Synthetic Prototype,2024-01-01,1,High,0
WL000211,Individual,Ivan Karimov,Ivan,NO_MIDDLE_NAME,Karimov,Ivan Karimov,1978-04-12,Synthetic City B,KP,72 Watchlist Street,Synthetic City A,SY,SYN-P-87618187,SYN-N-995852423,NOT_APPLICABLE_INDIVIDUAL,Synthetic Global,Synthetic prototype record,Synthetic Prototype,2024-01-01,1,High,1
WL000212,Individual,Alexander Haddad,Alexander,NO_MIDDLE_NAME,Haddad,Alexander Haddad,1978-04-12,Synthetic City B,RU,187 Watchlist Street,Synthetic City B,SY,SYN-P-67759511,SYN-N-878274100,NOT_APPLICABLE_INDIVIDUAL,Internal Watchlist,Synthetic prototype record,Synthetic Prototype,2024-01-01,1,Critical,1
WL000213,Organization,Petrov Global Holdings,NOT_APPLICABLE_ORGANIZATION,NO_MIDDLE_NAME,NOT_APPLICABLE_ORGANIZATION,Petrov Group,1900-01-01,Synthetic City A,RU,374 Watchlist Street,Synthetic City A,KP,SYN-P-88029444,SYN-N-483339827,Petrov Global Holdings,Synthetic Global,Synthetic prototype record,Synthetic Prototype,2024-01-01,1,Critical,0
WL000214,Individual,Elena Sokolov,Elena,NO_MIDDLE_NAME,Sokolov,Elena Sokolov,1978-04-12,Synthetic City B,KP,71 Watchlist Street,Synthetic City A,SY,SYN-P-28560729,SYN-N-443879914,NOT_APPLICABLE_INDIVIDUAL,Synthetic Global,Synthetic prototype record,Synthetic Prototype,2024-01-01,1,Critical,1
WL000215,Individual,Hassan Ivanov,Hassan,NO_MIDDLE_NAME,Ivanov,Hassan Ivanov,1978-04-12,Unknown,KP,106 Watchlist Street,Synthetic City A,RU,SYN-P-89801381,SYN-N-197428972,NOT_APPLICABLE_INDIVIDUAL,Synthetic Regional,Synthetic prototype record,Synthetic Prototype,2024-01-01,1,High,1
WL000216,Individual,Karim Bashir,Karim,NO_MIDDLE_NAME,Bashir,Karim Bashir,1978-04-12,Unknown,SY,91 Watchlist Street,Synthetic City A,KP,SYN-P-98681489,SYN-N-189819870,NOT_APPLICABLE_INDIVIDUAL,Synthetic Global,Synthetic prototype record,Synthetic Prototype,2024-01-01,1,Critical,1
WL000217,Individual,Sergei Abramov,Sergei,NO_MIDDLE_NAME,Abramov,Sergei Abramov,1978-04-12,Synthetic City B,SY,87 Watchlist Street,Synthetic City A,KP,SYN-P-86486371,SYN-N-672711325,NOT_APPLICABLE_INDIVIDUAL,Synthetic Regional,Synthetic prototype record,Synthetic Prototype,2024-01-01,1,Critical,1
WL000218,Individual,Elena Bashir,Elena,NO_MIDDLE_NAME,Bashir,Elena Bashir,1978-04-12,Synthetic City A,KP,78 Watchlist Street,Synthetic City B,KP,SYN-P-79921881,SYN-N-150370001,NOT_APPLICABLE_INDIVIDUAL,Synthetic Regional,Synthetic prototype record,Synthetic Prototype,2024-01-01,1,Critical,1
WL000219,Individual,Hassan Karimov,Hassan,NO_MIDDLE_NAME,Karimov,Hassan Karimov,1978-04-12,Unknown,KP,51 Watchlist Street,Synthetic City A,SY,SYN-P-52432863,SYN-N-895029637,NOT_APPLICABLE_INDIVIDUAL,Synthetic Regional,Synthetic prototype record,Synthetic Prototype,2024-01-01,1,High,1
WL000220,Individual,Alexander Haddad,Alexander,NO_MIDDLE_NAME,Haddad,Alexander Haddad,1978-04-12,Synthetic City A,RU,134 Watchlist Street,Synthetic City A,KP,SYN-P-85471134,SYN-N-929653541,NOT_APPLICABLE_INDIVIDUAL,Synthetic Regional,Synthetic prototype record,Synthetic Prototype,2024-01-01,1,Critical,1
WL000221,Individual,Elena Abramov,Elena,NO_MIDDLE_NAME,Abramov,Elena Abramov,1978-04-12,Synthetic City A,KP,144 Watchlist Street,Synthetic City B,RU,SYN-P-49416626,SYN-N-262723079,NOT_APPLICABLE_INDIVIDUAL,Synthetic Regional,Synthetic prototype record,Synthetic Prototype,2024-01-01,1,Critical,1
WL000222,Individual,Karim Volkov,Karim,NO_MIDDLE_NAME,Volkov,Karim Volkov,1978-04-12,Synthetic City A,KP,376 Watchlist Street,Synthetic City B,RU,SYN-P-28103216,SYN-N-600927882,NOT_APPLICABLE_INDIVIDUAL,Synthetic Regional,Synthetic prototype record,Synthetic Prototype,2024-01-01,1,High,1
WL000223,Individual,Karim Sokolov,Karim,NO_MIDDLE_NAME,Sokolov,Karim Sokolov,1978-04-12,Unknown,RU,216 Watchlist Street,Synthetic City B,RU,SYN-P-24253567,SYN-N-294425063,NOT_APPLICABLE_INDIVIDUAL,Synthetic Regional,Synthetic prototype record,Synthetic Prototype,2024-01-01,1,High,1
WL000224,Organization,Sokolov Global Holdings,NOT_APPLICABLE_ORGANIZATION,NO_MIDDLE_NAME,NOT_APPLICABLE_ORGANIZATION,Sokolov Group,1900-01-01,Unknown,SY,73 Watchlist Street,Synthetic City B,SY,SYN-P-32553896,SYN-N-487878888,Sokolov Global Holdings,Synthetic Global,Synthetic prototype record,Synthetic Prototype,2024-01-01,1,High,0
WL000225,Individual,Hassan Petrov,Hassan,NO_MIDDLE_NAME,Petrov,Hassan Petrov,1978-04-12,Synthetic City B,RU,69 Watchlist Street,Synthetic City B,KP,SYN-P-26138560,SYN-N-857425106,NOT_APPLICABLE_INDIVIDUAL,Internal Watchlist,Synthetic prototype record,Synthetic Prototype,2024-01-01,1,High,1
WL000226,Individual,Dmitri Volkov,Dmitri,NO_MIDDLE_NAME,Volkov,Dmitri Volkov,1978-04-12,Synthetic City A,SY,94 Watchlist Street,Synthetic City A,KP,SYN-P-21817430,SYN-N-786031252,NOT_APPLICABLE_INDIVIDUAL,Synthetic Regional,Synthetic prototype record,Synthetic Prototype,2024-01-01,1,High,1
WL000227,Individual,Karim Ivanov,Karim,NO_MIDDLE_NAME,Ivanov,Karim Ivanov,1978-04-12,Synthetic City A,SY,348 Watchlist Street,Synthetic City B,KP,SYN-P-69809253,SYN-N-309838493,NOT_APPLICABLE_INDIVIDUAL,Internal Watchlist,Synthetic prototype record,Synthetic Prototype,2024-01-01,1,High,1
WL000228,Individual,Ivan Haddad,Ivan,NO_MIDDLE_NAME,Haddad,Ivan Haddad,1978-04-12,Synthetic City B,RU,348 Watchlist Street,Synthetic City B,RU,SYN-P-86081865,SYN-N-993130375,NOT_APPLICABLE_INDIVIDUAL,Synthetic Global,Synthetic prototype record,Synthetic Prototype,2024-01-01,1,High,1
WL000229,Individual,Ivan Sokolov,Ivan,NO_MIDDLE_NAME,Sokolov,Ivan Sokolov,1978-04-12,Synthetic City A,KP,40 Watchlist Street,Synthetic City A,RU,SYN-P-86355791,SYN-N-341075287,NOT_APPLICABLE_INDIVIDUAL,Synthetic Global,Synthetic prototype record,Synthetic Prototype,2024-01-01,1,High,1
WL000230,Individual,Hassan Sokolov,Hassan,NO_MIDDLE_NAME,Sokolov,Hassan Sokolov,1978-04-12,Synthetic City B,KP,67 Watchlist Street,Synthetic City A,RU,SYN-P-20105629,SYN-N-816876317,NOT_APPLICABLE_INDIVIDUAL,Synthetic Regional,Synthetic prototype record,Synthetic Prototype,2024-01-01,1,High,1
WL000231,Individual,Ivan Petrov,Ivan,NO_MIDDLE_NAME,Petrov,Ivan Petrov,1978-04-12,Unknown,RU,323 Watchlist Street,Synthetic City A,RU,SYN-P-21229209,SYN-N-069885199,NOT_APPLICABLE_INDIVIDUAL,Synthetic Regional,Synthetic prototype record,Synthetic Prototype,2024-01-01,1,High,1
WL000232,Individual,Farid Ivanov,Farid,NO_MIDDLE_NAME,Ivanov,Farid Ivanov,1978-04-12,Synthetic City B,SY,332 Watchlist Street,Synthetic City A,RU,SYN-P-82802243,SYN-N-220495330,NOT_APPLICABLE_INDIVIDUAL,Internal Watchlist,Synthetic prototype record,Synthetic Prototype,2024-01-01,0,Critical,1
WL000233,Individual,Karim Bashir,Karim,NO_MIDDLE_NAME,Bashir,Karim Bashir,1978-04-12,Unknown,SY,212 Watchlist Street,Synthetic City B,RU,SYN-P-37348674,SYN-N-966769090,NOT_APPLICABLE_INDIVIDUAL,Synthetic Regional,Synthetic prototype record,Synthetic Prototype,2024-01-01,1,Critical,1
WL000234,Individual,Dmitri Ivanov,Dmitri,NO_MIDDLE_NAME,Ivanov,Dmitri Ivanov,1978-04-12,Synthetic City A,RU,331 Watchlist Street,Synthetic City A,KP,SYN-P-53765697,SYN-N-731321404,NOT_APPLICABLE_INDIVIDUAL,Synthetic Regional,Synthetic prototype record,Synthetic Prototype,2024-01-01,1,High,1
WL000235,Individual,Dmitri Ivanov,Dmitri,NO_MIDDLE_NAME,Ivanov,Dmitri Ivanov,1978-04-12,Unknown,RU,276 Watchlist Street,Synthetic City A,KP,SYN-P-69593021,SYN-N-691785113,NOT_APPLICABLE_INDIVIDUAL,Synthetic Regional,Synthetic prototype record,Synthetic Prototype,2024-01-01,1,Critical,1
WL000236,Individual,Alexander Haddad,Alexander,NO_MIDDLE_NAME,Haddad,Alexander Haddad,1978-04-12,Synthetic City B,SY,109 Watchlist Street,Synthetic City B,SY,SYN-P-49456931,SYN-N-655495514,NOT_APPLICABLE_INDIVIDUAL,Synthetic Global,Synthetic prototype record,Synthetic Prototype,2024-01-01,1,High,1
WL000237,Organization,Karimov Global Holdings,NOT_APPLICABLE_ORGANIZATION,NO_MIDDLE_NAME,NOT_APPLICABLE_ORGANIZATION,Karimov Group,1900-01-01,Synthetic City A,RU,174 Watchlist Street,Synthetic City A,KP,SYN-P-55484839,SYN-N-028737840,Karimov Global Holdings,Synthetic Regional,Synthetic prototype record,Synthetic Prototype,2024-01-01,1,High,0
WL000238,Individual,Dmitri Ivanov,Dmitri,NO_MIDDLE_NAME,Ivanov,Dmitri Ivanov,1978-04-12,Synthetic City B,KP,113 Watchlist Street,Synthetic City A,RU,SYN-P-41654039,SYN-N-147166277,NOT_APPLICABLE_INDIVIDUAL,Internal Watchlist,Synthetic prototype record,Synthetic Prototype,2024-01-01,1,Critical,1
WL000239,Individual,Omar Petrov,Omar,NO_MIDDLE_NAME,Petrov,Omar Petrov,1978-04-12,Unknown,SY,175 Watchlist Street,Synthetic City A,SY,SYN-P-71245376,SYN-N-437061901,NOT_APPLICABLE_INDIVIDUAL,Synthetic Regional,Synthetic prototype record,Synthetic Prototype,2024-01-01,1,High,1
WL000240,Individual,Laila Ivanov,Laila,NO_MIDDLE_NAME,Ivanov,Laila Ivanov,1978-04-12,Unknown,RU,348 Watchlist Street,Synthetic City B,KP,SYN-P-31044407,SYN-N-597526845,NOT_APPLICABLE_INDIVIDUAL,Synthetic Global,Synthetic prototype record,Synthetic Prototype,2024-01-01,1,High,1
WL000241,Individual,Sergei Bashir,Sergei,NO_MIDDLE_NAME,Bashir,Sergei Bashir,1978-04-12,Synthetic City B,RU,343 Watchlist Street,Synthetic City A,KP,SYN-P-33176688,SYN-N-858368409,NOT_APPLICABLE_INDIVIDUAL,Synthetic Regional,Synthetic prototype record,Synthetic Prototype,2024-01-01,1,High,1
WL000242,Individual,Hassan Ivanov,Hassan,NO_MIDDLE_NAME,Ivanov,Hassan Ivanov,1978-04-12,Unknown,KP,147 Watchlist Street,Synthetic City B,KP,SYN-P-28861692,SYN-N-124095584,NOT_APPLICABLE_INDIVIDUAL,Internal Watchlist,Synthetic prototype record,Synthetic Prototype,2024-01-01,1,High,1
WL000243,Individual,Alexander Ivanov,Alexander,NO_MIDDLE_NAME,Ivanov,Alexander Ivanov,1978-04-12,Unknown,RU,210 Watchlist Street,Synthetic City A,RU,SYN-P-96483634,SYN-N-733622906,NOT_APPLICABLE_INDIVIDUAL,Internal Watchlist,Synthetic prototype record,Synthetic Prototype,2024-01-01,1,Critical,1
WL000244,Individual,Hassan Abramov,Hassan,NO_MIDDLE_NAME,Abramov,Hassan Abramov,1978-04-12,Synthetic City B,RU,209 Watchlist Street,Synthetic City A,SY,SYN-P-57883221,SYN-N-606244707,NOT_APPLICABLE_INDIVIDUAL,Synthetic Regional,Synthetic prototype record,Synthetic Prototype,2024-01-01,1,Critical,1
WL000245,Individual,Omar Volkov,Omar,NO_MIDDLE_NAME,Volkov,Omar Volkov,1978-04-12,Unknown,KP,104 Watchlist Street,Synthetic City B,SY,SYN-P-75913801,SYN-N-802478584,NOT_APPLICABLE_INDIVIDUAL,Synthetic Global,Synthetic prototype record,Synthetic Prototype,2024-01-01,1,High,1
WL000246,Individual,Elena Volkov,Elena,NO_MIDDLE_NAME,Volkov,Elena Volkov,1978-04-12,Synthetic City B,RU,353 Watchlist Street,Synthetic City A,KP,SYN-P-32806312,SYN-N-185182554,NOT_APPLICABLE_INDIVIDUAL,Internal Watchlist,Synthetic prototype record,Synthetic Prototype,2024-01-01,1,High,1
WL000247,Individual,Karim Bashir,Karim,NO_MIDDLE_NAME,Bashir,Karim Bashir,1978-04-12,Unknown,SY,61 Watchlist Street,Synthetic City B,RU,SYN-P-19283169,SYN-N-134058960,NOT_APPLICABLE_INDIVIDUAL,Synthetic Regional,Synthetic prototype record,Synthetic Prototype,2024-01-01,1,Critical,1
WL000248,Individual,Karim Haddad,Karim,NO_MIDDLE_NAME,Haddad,Karim Haddad,1978-04-12,Unknown,SY,206 Watchlist Street,Synthetic City A,KP,SYN-P-03079704,SYN-N-849077073,NOT_APPLICABLE_INDIVIDUAL,Synthetic Global,Synthetic prototype record,Synthetic Prototype,2024-01-01,1,Critical,1
WL000249,Organization,Ivanov Global Holdings,NOT_APPLICABLE_ORGANIZATION,NO_MIDDLE_NAME,NOT_APPLICABLE_ORGANIZATION,Ivanov Group,1900-01-01,Synthetic City A,RU,192 Watchlist Street,Synthetic City B,RU,SYN-P-46624504,SYN-N-983649646,Ivanov Global Holdings,Internal Watchlist,Synthetic prototype record,Synthetic Prototype,2024-01-01,1,Critical,0
WL000250,Individual,Elena Haddad,Elena,NO_MIDDLE_NAME,Haddad,Elena Haddad,1978-04-12,Unknown,KP,274 Watchlist Street,Synthetic City B,RU,SYN-P-68413275,SYN-N-975860150,NOT_APPLICABLE_INDIVIDUAL,Internal Watchlist,Synthetic prototype record,Synthetic Prototype,2024-01-01,1,Critical,1
WL000251,Individual,Omar Bashir,Omar,NO_MIDDLE_NAME,Bashir,Omar Bashir,1978-04-12,Synthetic City A,RU,39 Watchlist Street,Synthetic City B,RU,SYN-P-74314330,SYN-N-160161168,NOT_APPLICABLE_INDIVIDUAL,Synthetic Global,Synthetic prototype record,Synthetic Prototype,2024-01-01,0,Critical,1
WL000252,Individual,Alexander Petrov,Alexander,NO_MIDDLE_NAME,Petrov,Alexander Petrov,1978-04-12,Synthetic City A,RU,94 Watchlist Street,Synthetic City B,KP,SYN-P-98117814,SYN-N-089483738,NOT_APPLICABLE_INDIVIDUAL,Synthetic Regional,Synthetic prototype record,Synthetic Prototype,2024-01-01,1,Critical,1
WL000253,Individual,Laila Abramov,Laila,NO_MIDDLE_NAME,Abramov,Laila Abramov,1978-04-12,Synthetic City A,KP,355 Watchlist Street,Synthetic City B,KP,SYN-P-74353901,SYN-N-884495078,NOT_APPLICABLE_INDIVIDUAL,Synthetic Regional,Synthetic prototype record,Synthetic Prototype,2024-01-01,1,High,1
WL000254,Individual,Ivan Petrov,Ivan,NO_MIDDLE_NAME,Petrov,Ivan Petrov,1978-04-12,Synthetic City B,KP,279 Watchlist Street,Synthetic City A,KP,SYN-P-37000688,SYN-N-230375265,NOT_APPLICABLE_INDIVIDUAL,Synthetic Global,Synthetic prototype record,Synthetic Prototype,2024-01-01,1,High,1
WL000255,Organization,Abramov Global Holdings,NOT_APPLICABLE_ORGANIZATION,NO_MIDDLE_NAME,NOT_APPLICABLE_ORGANIZATION,Abramov Group,1900-01-01,Unknown,RU,343 Watchlist Street,Synthetic City A,KP,SYN-P-45616643,SYN-N-355828806,Abramov Global Holdings,Synthetic Global,Synthetic prototype record,Synthetic Prototype,2024-01-01,1,Critical,0
WL000256,Individual,Elena Sokolov,Elena,NO_MIDDLE_NAME,Sokolov,Elena Sokolov,1978-04-12,Unknown,KP,147 Watchlist Street,Synthetic City A,RU,SYN-P-65421894,SYN-N-519512563,NOT_APPLICABLE_INDIVIDUAL,Synthetic Global,Synthetic prototype record,Synthetic Prototype,2024-01-01,1,Critical,1
WL000257,Individual,Elena Haddad,Elena,NO_MIDDLE_NAME,Haddad,Elena Haddad,1978-04-12,Synthetic City B,SY,326 Watchlist Street,Synthetic City A,RU,SYN-P-95995401,SYN-N-481424370,NOT_APPLICABLE_INDIVIDUAL,Internal Watchlist,Synthetic prototype record,Synthetic Prototype,2024-01-01,0,Critical,1
WL000258,Individual,Elena Abramov,Elena,NO_MIDDLE_NAME,Abramov,Elena Abramov,1978-04-12,Synthetic City A,RU,206 Watchlist Street,Synthetic City A,RU,SYN-P-53194783,SYN-N-569500786,NOT_APPLICABLE_INDIVIDUAL,Internal Watchlist,Synthetic prototype record,Synthetic Prototype,2024-01-01,1,Critical,1
WL000259,Individual,Sergei Petrov,Sergei,NO_MIDDLE_NAME,Petrov,Sergei Petrov,1978-04-12,Synthetic City A,KP,353 Watchlist Street,Synthetic City B,KP,SYN-P-95844424,SYN-N-515439453,NOT_APPLICABLE_INDIVIDUAL,Synthetic Global,Synthetic prototype record,Synthetic Prototype,2024-01-01,1,High,1
WL000260,Individual,Karim Haddad,Karim,NO_MIDDLE_NAME,Haddad,Karim Haddad,1978-04-12,Unknown,RU,347 Watchlist Street,Synthetic City A,KP,SYN-P-28560218,SYN-N-261991134,NOT_APPLICABLE_INDIVIDUAL,Synthetic Regional,Synthetic prototype record,Synthetic Prototype,2024-01-01,1,Critical,1
WL000261,Individual,Alexander Haddad,Alexander,NO_MIDDLE_NAME,Haddad,Alexander Haddad,1978-04-12,Unknown,SY,141 Watchlist Street,Synthetic City A,KP,SYN-P-54509923,SYN-N-930410226,NOT_APPLICABLE_INDIVIDUAL,Synthetic Regional,Synthetic prototype record,Synthetic Prototype,2024-01-01,1,Critical,1
WL000262,Individual,Ivan Karimov,Ivan,NO_MIDDLE_NAME,Karimov,Ivan Karimov,1978-04-12,Unknown,RU,35 Watchlist Street,Synthetic City A,SY,SYN-P-90552103,SYN-N-455790801,NOT_APPLICABLE_INDIVIDUAL,Synthetic Global,Synthetic prototype record,Synthetic Prototype,2024-01-01,1,Critical,1
WL000263,Individual,Farid Volkov,Farid,NO_MIDDLE_NAME,Volkov,Farid Volkov,1978-04-12,Synthetic City B,SY,134 Watchlist Street,Synthetic City B,RU,SYN-P-08319187,SYN-N-494765247,NOT_APPLICABLE_INDIVIDUAL,Synthetic Global,Synthetic prototype record,Synthetic Prototype,2024-01-01,1,Critical,1
WL000264,Organization,Volkov Global Holdings,NOT_APPLICABLE_ORGANIZATION,NO_MIDDLE_NAME,NOT_APPLICABLE_ORGANIZATION,Volkov Group,1900-01-01,Unknown,SY,13 Watchlist Street,Synthetic City B,RU,SYN-P-57953694,SYN-N-414160692,Volkov Global Holdings,Synthetic Global,Synthetic prototype record,Synthetic Prototype,2024-01-01,1,High,0
WL000265,Individual,Laila Karimov,Laila,NO_MIDDLE_NAME,Karimov,Laila Karimov,1978-04-12,Synthetic City A,RU,27 Watchlist Street,Synthetic City A,RU,SYN-P-31467863,SYN-N-830052370,NOT_APPLICABLE_INDIVIDUAL,Internal Watchlist,Synthetic prototype record,Synthetic Prototype,2024-01-01,1,High,1
WL000266,Individual,Hassan Bashir,Hassan,NO_MIDDLE_NAME,Bashir,Hassan Bashir,1978-04-12,Synthetic City A,KP,224 Watchlist Street,Synthetic City B,RU,SYN-P-64481348,SYN-N-843090536,NOT_APPLICABLE_INDIVIDUAL,Synthetic Global,Synthetic prototype record,Synthetic Prototype,2024-01-01,1,Critical,1
WL000267,Individual,Alexander Abramov,Alexander,NO_MIDDLE_NAME,Abramov,Alexander Abramov,1978-04-12,Synthetic City B,SY,381 Watchlist Street,Synthetic City A,RU,SYN-P-67400227,SYN-N-463765674,NOT_APPLICABLE_INDIVIDUAL,Synthetic Regional,Synthetic prototype record,Synthetic Prototype,2024-01-01,1,High,1
WL000268,Organization,Abramov Global Holdings,NOT_APPLICABLE_ORGANIZATION,NO_MIDDLE_NAME,NOT_APPLICABLE_ORGANIZATION,Abramov Group,1900-01-01,Synthetic City A,RU,77 Watchlist Street,Synthetic City B,KP,SYN-P-25199535,SYN-N-621598817,Abramov Global Holdings,Synthetic Regional,Synthetic prototype record,Synthetic Prototype,2024-01-01,1,High,0
WL000269,Organization,Haddad Global Holdings,NOT_APPLICABLE_ORGANIZATION,NO_MIDDLE_NAME,NOT_APPLICABLE_ORGANIZATION,Haddad Group,1900-01-01,Synthetic City A,RU,103 Watchlist Street,Synthetic City B,RU,SYN-P-84786355,SYN-N-741934446,Haddad Global Holdings,Internal Watchlist,Synthetic prototype record,Synthetic Prototype,2024-01-01,1,Critical,0
WL000270,Organization,Sokolov Global Holdings,NOT_APPLICABLE_ORGANIZATION,NO_MIDDLE_NAME,NOT_APPLICABLE_ORGANIZATION,Sokolov Group,1900-01-01,Unknown,SY,396 Watchlist Street,Synthetic City A,SY,SYN-P-40906706,SYN-N-573157252,Sokolov Global Holdings,Internal Watchlist,Synthetic prototype record,Synthetic Prototype,2024-01-01,1,High,0
WL000271,Individual,Dmitri Haddad,Dmitri,NO_MIDDLE_NAME,Haddad,Dmitri Haddad,1978-04-12,Synthetic City B,RU,235 Watchlist Street,Synthetic City B,SY,SYN-P-90713542,SYN-N-754142091,NOT_APPLICABLE_INDIVIDUAL,Synthetic Regional,Synthetic prototype record,Synthetic Prototype,2024-01-01,1,High,1
WL000272,Individual,Hassan Ivanov,Hassan,NO_MIDDLE_NAME,Ivanov,Hassan Ivanov,1978-04-12,Unknown,RU,208 Watchlist Street,Synthetic City A,KP,SYN-P-95915842,SYN-N-887827475,NOT_APPLICABLE_INDIVIDUAL,Internal Watchlist,Synthetic prototype record,Synthetic Prototype,2024-01-01,1,Critical,1
WL000273,Organization,Bashir Global Holdings,NOT_APPLICABLE_ORGANIZATION,NO_MIDDLE_NAME,NOT_APPLICABLE_ORGANIZATION,Bashir Group,1900-01-01,Synthetic City A,RU,374 Watchlist Street,Synthetic City A,SY,SYN-P-39310407,SYN-N-840775230,Bashir Global Holdings,Synthetic Regional,Synthetic prototype record,Synthetic Prototype,2024-01-01,1,High,0
WL000274,Individual,Sergei Bashir,Sergei,NO_MIDDLE_NAME,Bashir,Sergei Bashir,1978-04-12,Synthetic City B,SY,55 Watchlist Street,Synthetic City B,KP,SYN-P-72394530,SYN-N-339728013,NOT_APPLICABLE_INDIVIDUAL,Internal Watchlist,Synthetic prototype record,Synthetic Prototype,2024-01-01,1,High,1
WL000275,Organization,Volkov Global Holdings,NOT_APPLICABLE_ORGANIZATION,NO_MIDDLE_NAME,NOT_APPLICABLE_ORGANIZATION,Volkov Group,1900-01-01,Synthetic City A,RU,331 Watchlist Street,Synthetic City B,KP,SYN-P-36962705,SYN-N-780246827,Volkov Global Holdings,Internal Watchlist,Synthetic prototype record,Synthetic Prototype,2024-01-01,1,High,0
WL000276,Individual,Hassan Haddad,Hassan,NO_MIDDLE_NAME,Haddad,Hassan Haddad,1978-04-12,Synthetic City B,RU,358 Watchlist Street,Synthetic City A,KP,SYN-P-61494059,SYN-N-441747281,NOT_APPLICABLE_INDIVIDUAL,Synthetic Regional,Synthetic prototype record,Synthetic Prototype,2024-01-01,1,High,1
WL000277,Individual,Sergei Karimov,Sergei,NO_MIDDLE_NAME,Karimov,Sergei Karimov,1978-04-12,Synthetic City A,RU,266 Watchlist Street,Synthetic City B,SY,SYN-P-65099407,SYN-N-672380249,NOT_APPLICABLE_INDIVIDUAL,Synthetic Regional,Synthetic prototype record,Synthetic Prototype,2024-01-01,1,High,1
WL000278,Individual,Dmitri Petrov,Dmitri,NO_MIDDLE_NAME,Petrov,Dmitri Petrov,1978-04-12,Synthetic City B,RU,90 Watchlist Street,Synthetic City B,RU,SYN-P-61548293,SYN-N-407078699,NOT_APPLICABLE_INDIVIDUAL,Synthetic Global,Synthetic prototype record,Synthetic Prototype,2024-01-01,1,Critical,1
WL000279,Individual,Farid Petrov,Farid,NO_MIDDLE_NAME,Petrov,Farid Petrov,1978-04-12,Unknown,SY,253 Watchlist Street,Synthetic City B,KP,SYN-P-58090257,SYN-N-333296934,NOT_APPLICABLE_INDIVIDUAL,Internal Watchlist,Synthetic prototype record,Synthetic Prototype,2024-01-01,1,High,1
WL000280,Individual,Alexander Petrov,Alexander,NO_MIDDLE_NAME,Petrov,Alexander Petrov,1978-04-12,Synthetic City B,RU,230 Watchlist Street,Synthetic City A,KP,SYN-P-05066680,SYN-N-761949051,NOT_APPLICABLE_INDIVIDUAL,Internal Watchlist,Synthetic prototype record,Synthetic Prototype,2024-01-01,1,High,1
WL000281,Organization,Petrov Global Holdings,NOT_APPLICABLE_ORGANIZATION,NO_MIDDLE_NAME,NOT_APPLICABLE_ORGANIZATION,Petrov Group,1900-01-01,Synthetic City B,KP,156 Watchlist Street,Synthetic City B,RU,SYN-P-56251353,SYN-N-584474395,Petrov Global Holdings,Synthetic Regional,Synthetic prototype record,Synthetic Prototype,2024-01-01,0,High,0
WL000282,Individual,Hassan Haddad,Hassan,NO_MIDDLE_NAME,Haddad,Hassan Haddad,1978-04-12,Synthetic City A,RU,108 Watchlist Street,Synthetic City B,SY,SYN-P-95348031,SYN-N-521639615,NOT_APPLICABLE_INDIVIDUAL,Internal Watchlist,Synthetic prototype record,Synthetic Prototype,2024-01-01,1,High,1
WL000283,Organization,Volkov Global Holdings,NOT_APPLICABLE_ORGANIZATION,NO_MIDDLE_NAME,NOT_APPLICABLE_ORGANIZATION,Volkov Group,1900-01-01,Synthetic City B,RU,342 Watchlist Street,Synthetic City A,SY,SYN-P-71306094,SYN-N-024814974,Volkov Global Holdings,Internal Watchlist,Synthetic prototype record,Synthetic Prototype,2024-01-01,1,High,0
WL000284,Individual,Karim Volkov,Karim,NO_MIDDLE_NAME,Volkov,Karim Volkov,1978-04-12,Synthetic City A,SY,317 Watchlist Street,Synthetic City A,SY,SYN-P-88057767,SYN-N-162032680,NOT_APPLICABLE_INDIVIDUAL,Synthetic Regional,Synthetic prototype record,Synthetic Prototype,2024-01-01,1,Critical,1
WL000285,Individual,Sergei Abramov,Sergei,NO_MIDDLE_NAME,Abramov,Sergei Abramov,1978-04-12,Synthetic City A,SY,262 Watchlist Street,Synthetic City A,RU,SYN-P-25538071,SYN-N-945824785,NOT_APPLICABLE_INDIVIDUAL,Synthetic Regional,Synthetic prototype record,Synthetic Prototype,2024-01-01,1,Critical,1
WL000286,Individual,Elena Sokolov,Elena,NO_MIDDLE_NAME,Sokolov,Elena Sokolov,1978-04-12,Unknown,RU,106 Watchlist Street,Synthetic City B,SY,SYN-P-55279285,SYN-N-793162490,NOT_APPLICABLE_INDIVIDUAL,Synthetic Global,Synthetic prototype record,Synthetic Prototype,2024-01-01,1,Critical,1
WL000287,Individual,Ivan Karimov,Ivan,NO_MIDDLE_NAME,Karimov,Ivan Karimov,1978-04-12,Unknown,RU,227 Watchlist Street,Synthetic City A,RU,SYN-P-88748552,SYN-N-088534370,NOT_APPLICABLE_INDIVIDUAL,Synthetic Regional,Synthetic prototype record,Synthetic Prototype,2024-01-01,1,Critical,1
WL000288,Organization,Ivanov Global Holdings,NOT_APPLICABLE_ORGANIZATION,NO_MIDDLE_NAME,NOT_APPLICABLE_ORGANIZATION,Ivanov Group,1900-01-01,Synthetic City B,KP,124 Watchlist Street,Synthetic City B,SY,SYN-P-28020589,SYN-N-873888482,Ivanov Global Holdings,Synthetic Global,Synthetic prototype record,Synthetic Prototype,2024-01-01,1,Critical,0
WL000289,Individual,Ivan Volkov,Ivan,NO_MIDDLE_NAME,Volkov,Ivan Volkov,1978-04-12,Synthetic City A,KP,266 Watchlist Street,Synthetic City A,RU,SYN-P-50314748,SYN-N-301894067,NOT_APPLICABLE_INDIVIDUAL,Internal Watchlist,Synthetic prototype record,Synthetic Prototype,2024-01-01,1,Critical,1
WL000290,Individual,Hassan Bashir,Hassan,NO_MIDDLE_NAME,Bashir,Hassan Bashir,1978-04-12,Synthetic City B,SY,147 Watchlist Street,Synthetic City A,SY,SYN-P-09671893,SYN-N-095756976,NOT_APPLICABLE_INDIVIDUAL,Synthetic Global,Synthetic prototype record,Synthetic Prototype,2024-01-01,1,Critical,1
WL000291,Individual,Omar Volkov,Omar,NO_MIDDLE_NAME,Volkov,Omar Volkov,1978-04-12,Synthetic City A,KP,34 Watchlist Street,Synthetic City B,RU,SYN-P-37920326,SYN-N-202406434,NOT_APPLICABLE_INDIVIDUAL,Synthetic Regional,Synthetic prototype record,Synthetic Prototype,2024-01-01,1,Critical,1
WL000292,Individual,Farid Ivanov,Farid,NO_MIDDLE_NAME,Ivanov,Farid Ivanov,1978-04-12,Unknown,KP,247 Watchlist Street,Synthetic City A,KP,SYN-P-24415104,SYN-N-439578811,NOT_APPLICABLE_INDIVIDUAL,Synthetic Regional,Synthetic prototype record,Synthetic Prototype,2024-01-01,1,Critical,1
WL000293,Organization,Karimov Global Holdings,NOT_APPLICABLE_ORGANIZATION,NO_MIDDLE_NAME,NOT_APPLICABLE_ORGANIZATION,Karimov Group,1900-01-01,Synthetic City B,RU,396 Watchlist Street,Synthetic City A,KP,SYN-P-88966541,SYN-N-004540752,Karimov Global Holdings,Internal Watchlist,Synthetic prototype record,Synthetic Prototype,2024-01-01,1,Critical,0
WL000294,Organization,Sokolov Global Holdings,NOT_APPLICABLE_ORGANIZATION,NO_MIDDLE_NAME,NOT_APPLICABLE_ORGANIZATION,Sokolov Group,1900-01-01,Synthetic City A,SY,76 Watchlist Street,Synthetic City B,SY,SYN-P-45175455,SYN-N-955489414,Sokolov Global Holdings,Synthetic Global,Synthetic prototype record,Synthetic Prototype,2024-01-01,1,Critical,0
WL000295,Individual,Laila Petrov,Laila,NO_MIDDLE_NAME,Petrov,Laila Petrov,1978-04-12,Synthetic City B,RU,238 Watchlist Street,Synthetic City A,KP,SYN-P-76438566,SYN-N-423308304,NOT_APPLICABLE_INDIVIDUAL,Synthetic Global,Synthetic prototype record,Synthetic Prototype,2024-01-01,1,Critical,1
WL000296,Individual,Omar Ivanov,Omar,NO_MIDDLE_NAME,Ivanov,Omar Ivanov,1978-04-12,Unknown,KP,103 Watchlist Street,Synthetic City B,KP,SYN-P-86099797,SYN-N-779172946,NOT_APPLICABLE_INDIVIDUAL,Synthetic Global,Synthetic prototype record,Synthetic Prototype,2024-01-01,1,High,1
WL000297,Individual,Ivan Volkov,Ivan,NO_MIDDLE_NAME,Volkov,Ivan Volkov,1978-04-12,Synthetic City A,KP,277 Watchlist Street,Synthetic City A,RU,SYN-P-56526815,SYN-N-943361391,NOT_APPLICABLE_INDIVIDUAL,Internal Watchlist,Synthetic prototype record,Synthetic Prototype,2024-01-01,0,High,1
WL000298,Individual,Karim Bashir,Karim,NO_MIDDLE_NAME,Bashir,Karim Bashir,1978-04-12,Synthetic City A,SY,130 Watchlist Street,Synthetic City A,RU,SYN-P-17912025,SYN-N-869094410,NOT_APPLICABLE_INDIVIDUAL,Internal Watchlist,Synthetic prototype record,Synthetic Prototype,2024-01-01,0,Critical,1
WL000299,Individual,Ivan Volkov,Ivan,NO_MIDDLE_NAME,Volkov,Ivan Volkov,1978-04-12,Synthetic City B,RU,165 Watchlist Street,Synthetic City A,RU,SYN-P-76074993,SYN-N-608244662,NOT_APPLICABLE_INDIVIDUAL,Internal Watchlist,Synthetic prototype record,Synthetic Prototype,2024-01-01,1,High,1
WL000300,Individual,Elena Abramov,Elena,NO_MIDDLE_NAME,Abramov,Elena Abramov,1978-04-12,Unknown,RU,259 Watchlist Street,Synthetic City A,KP,SYN-P-12848158,SYN-N-090869034,NOT_APPLICABLE_INDIVIDUAL,Internal Watchlist,Synthetic prototype record,Synthetic Prototype,2024-01-01,1,High,1
WL000301,Individual,Ivan Karimov,Ivan,NO_MIDDLE_NAME,Karimov,Ivan Karimov,1978-04-12,Unknown,RU,348 Watchlist Street,Synthetic City B,SY,SYN-P-65171021,SYN-N-728180110,NOT_APPLICABLE_INDIVIDUAL,Internal Watchlist,Synthetic prototype record,Synthetic Prototype,2024-01-01,1,Critical,1
WL000302,Individual,Sergei Petrov,Sergei,NO_MIDDLE_NAME,Petrov,Sergei Petrov,1978-04-12,Synthetic City B,KP,90 Watchlist Street,Synthetic City B,RU,SYN-P-65130252,SYN-N-251876481,NOT_APPLICABLE_INDIVIDUAL,Synthetic Regional,Synthetic prototype record,Synthetic Prototype,2024-01-01,1,Critical,1
WL000303,Individual,Hassan Abramov,Hassan,NO_MIDDLE_NAME,Abramov,Hassan Abramov,1978-04-12,Synthetic City A,SY,245 Watchlist Street,Synthetic City A,RU,SYN-P-38205757,SYN-N-996007100,NOT_APPLICABLE_INDIVIDUAL,Internal Watchlist,Synthetic prototype record,Synthetic Prototype,2024-01-01,1,Critical,1
WL000304,Individual,Karim Petrov,Karim,NO_MIDDLE_NAME,Petrov,Karim Petrov,1978-04-12,Synthetic City A,KP,262 Watchlist Street,Synthetic City B,RU,SYN-P-43010973,SYN-N-868945655,NOT_APPLICABLE_INDIVIDUAL,Internal Watchlist,Synthetic prototype record,Synthetic Prototype,2024-01-01,1,Critical,1
WL000305,Organization,Petrov Global Holdings,NOT_APPLICABLE_ORGANIZATION,NO_MIDDLE_NAME,NOT_APPLICABLE_ORGANIZATION,Petrov Group,1900-01-01,Synthetic City B,RU,251 Watchlist Street,Synthetic City A,KP,SYN-P-08243025,SYN-N-022565540,Petrov Global Holdings,Synthetic Regional,Synthetic prototype record,Synthetic Prototype,2024-01-01,1,Critical,0
WL000306,Individual,Farid Karimov,Farid,NO_MIDDLE_NAME,Karimov,Farid Karimov,1978-04-12,Synthetic City B,KP,206 Watchlist Street,Synthetic City A,RU,SYN-P-46969551,SYN-N-226287679,NOT_APPLICABLE_INDIVIDUAL,Internal Watchlist,Synthetic prototype record,Synthetic Prototype,2024-01-01,1,High,1
WL000307,Organization,Petrov Global Holdings,NOT_APPLICABLE_ORGANIZATION,NO_MIDDLE_NAME,NOT_APPLICABLE_ORGANIZATION,Petrov Group,1900-01-01,Synthetic City A,RU,359 Watchlist Street,Synthetic City B,RU,SYN-P-66170466,SYN-N-703472760,Petrov Global Holdings,Internal Watchlist,Synthetic prototype record,Synthetic Prototype,2024-01-01,1,Critical,0
WL000308,Individual,Farid Volkov,Farid,NO_MIDDLE_NAME,Volkov,Farid Volkov,1978-04-12,Unknown,SY,361 Watchlist Street,Synthetic City A,SY,SYN-P-75319511,SYN-N-184824233,NOT_APPLICABLE_INDIVIDUAL,Internal Watchlist,Synthetic prototype record,Synthetic Prototype,2024-01-01,1,Critical,1
WL000309,Organization,Bashir Global Holdings,NOT_APPLICABLE_ORGANIZATION,NO_MIDDLE_NAME,NOT_APPLICABLE_ORGANIZATION,Bashir Group,1900-01-01,Unknown,RU,322 Watchlist Street,Synthetic City B,RU,SYN-P-16978344,SYN-N-299163605,Bashir Global Holdings,Synthetic Regional,Synthetic prototype record,Synthetic Prototype,2024-01-01,1,Critical,0
WL000310,Individual,Hassan Ivanov,Hassan,NO_MIDDLE_NAME,Ivanov,Hassan Ivanov,1978-04-12,Synthetic City B,SY,330 Watchlist Street,Synthetic City B,SY,SYN-P-82484919,SYN-N-349948839,NOT_APPLICABLE_INDIVIDUAL,Synthetic Global,Synthetic prototype record,Synthetic Prototype,2024-01-01,1,High,1
WL000311,Individual,Elena Volkov,Elena,NO_MIDDLE_NAME,Volkov,Elena Volkov,1978-04-12,Unknown,KP,216 Watchlist Street,Synthetic City A,RU,SYN-P-11073512,SYN-N-290026277,NOT_APPLICABLE_INDIVIDUAL,Synthetic Global,Synthetic prototype record,Synthetic Prototype,2024-01-01,1,High,1
WL000312,Individual,Laila Abramov,Laila,NO_MIDDLE_NAME,Abramov,Laila Abramov,1978-04-12,Synthetic City B,SY,174 Watchlist Street,Synthetic City A,RU,SYN-P-17550416,SYN-N-325796338,NOT_APPLICABLE_INDIVIDUAL,Synthetic Regional,Synthetic prototype record,Synthetic Prototype,2024-01-01,1,Critical,1
WL000313,Individual,Ivan Bashir,Ivan,NO_MIDDLE_NAME,Bashir,Ivan Bashir,1978-04-12,Unknown,RU,272 Watchlist Street,Synthetic City A,RU,SYN-P-32924270,SYN-N-466568241,NOT_APPLICABLE_INDIVIDUAL,Synthetic Regional,Synthetic prototype record,Synthetic Prototype,2024-01-01,1,Critical,1
WL000314,Individual,Sergei Petrov,Sergei,NO_MIDDLE_NAME,Petrov,Sergei Petrov,1978-04-12,Synthetic City A,SY,349 Watchlist Street,Synthetic City B,RU,SYN-P-55323513,SYN-N-048341890,NOT_APPLICABLE_INDIVIDUAL,Synthetic Regional,Synthetic prototype record,Synthetic Prototype,2024-01-01,1,High,1
WL000315,Individual,Omar Petrov,Omar,NO_MIDDLE_NAME,Petrov,Omar Petrov,1978-04-12,Unknown,SY,75 Watchlist Street,Synthetic City B,KP,SYN-P-62497132,SYN-N-784729386,NOT_APPLICABLE_INDIVIDUAL,Synthetic Regional,Synthetic prototype record,Synthetic Prototype,2024-01-01,1,High,1
WL000316,Individual,Sergei Petrov,Sergei,NO_MIDDLE_NAME,Petrov,Sergei Petrov,1978-04-12,Synthetic City B,KP,395 Watchlist Street,Synthetic City B,RU,SYN-P-72160589,SYN-N-619221946,NOT_APPLICABLE_INDIVIDUAL,Synthetic Global,Synthetic prototype record,Synthetic Prototype,2024-01-01,1,Critical,1
WL000317,Individual,Omar Bashir,Omar,NO_MIDDLE_NAME,Bashir,Omar Bashir,1978-04-12,Unknown,SY,199 Watchlist Street,Synthetic City B,RU,SYN-P-23452051,SYN-N-633911304,NOT_APPLICABLE_INDIVIDUAL,Synthetic Regional,Synthetic prototype record,Synthetic Prototype,2024-01-01,1,High,1
WL000318,Organization,Petrov Global Holdings,NOT_APPLICABLE_ORGANIZATION,NO_MIDDLE_NAME,NOT_APPLICABLE_ORGANIZATION,Petrov Group,1900-01-01,Unknown,KP,29 Watchlist Street,Synthetic City B,RU,SYN-P-37620642,SYN-N-469469915,Petrov Global Holdings,Internal Watchlist,Synthetic prototype record,Synthetic Prototype,2024-01-01,1,Critical,0
WL000319,Individual,Ivan Ivanov,Ivan,NO_MIDDLE_NAME,Ivanov,Ivan Ivanov,1978-04-12,Synthetic City B,KP,352 Watchlist Street,Synthetic City B,SY,SYN-P-12619320,SYN-N-993510912,NOT_APPLICABLE_INDIVIDUAL,Synthetic Regional,Synthetic prototype record,Synthetic Prototype,2024-01-01,1,Critical,1
WL000320,Individual,Farid Haddad,Farid,NO_MIDDLE_NAME,Haddad,Farid Haddad,1978-04-12,Unknown,KP,224 Watchlist Street,Synthetic City B,RU,SYN-P-14766537,SYN-N-211081154,NOT_APPLICABLE_INDIVIDUAL,Synthetic Global,Synthetic prototype record,Synthetic Prototype,2024-01-01,1,Critical,1
WL000321,Individual,Karim Volkov,Karim,NO_MIDDLE_NAME,Volkov,Karim Volkov,1978-04-12,Synthetic City B,KP,241 Watchlist Street,Synthetic City A,KP,SYN-P-55753006,SYN-N-233132190,NOT_APPLICABLE_INDIVIDUAL,Internal Watchlist,Synthetic prototype record,Synthetic Prototype,2024-01-01,1,Critical,1
WL000322,Individual,Sergei Haddad,Sergei,NO_MIDDLE_NAME,Haddad,Sergei Haddad,1978-04-12,Unknown,SY,174 Watchlist Street,Synthetic City B,KP,SYN-P-94494699,SYN-N-454401885,NOT_APPLICABLE_INDIVIDUAL,Internal Watchlist,Synthetic prototype record,Synthetic Prototype,2024-01-01,1,High,1
WL000323,Organization,Petrov Global Holdings,NOT_APPLICABLE_ORGANIZATION,NO_MIDDLE_NAME,NOT_APPLICABLE_ORGANIZATION,Petrov Group,1900-01-01,Synthetic City B,KP,105 Watchlist Street,Synthetic City A,SY,SYN-P-82855174,SYN-N-621283345,Petrov Global Holdings,Synthetic Regional,Synthetic prototype record,Synthetic Prototype,2024-01-01,1,High,0
WL000324,Individual,Karim Volkov,Karim,NO_MIDDLE_NAME,Volkov,Karim Volkov,1978-04-12,Synthetic City A,KP,66 Watchlist Street,Synthetic City B,RU,SYN-P-96516112,SYN-N-083236809,NOT_APPLICABLE_INDIVIDUAL,Synthetic Regional,Synthetic prototype record,Synthetic Prototype,2024-01-01,1,Critical,1
WL000325,Organization,Karimov Global Holdings,NOT_APPLICABLE_ORGANIZATION,NO_MIDDLE_NAME,NOT_APPLICABLE_ORGANIZATION,Karimov Group,1900-01-01,Unknown,KP,3 Watchlist Street,Synthetic City A,KP,SYN-P-39597125,SYN-N-344455577,Karimov Global Holdings,Synthetic Global,Synthetic prototype record,Synthetic Prototype,2024-01-01,1,High,0
WL000326,Individual,Ivan Karimov,Ivan,NO_MIDDLE_NAME,Karimov,Ivan Karimov,1978-04-12,Unknown,RU,168 Watchlist Street,Synthetic City A,SY,SYN-P-54809928,SYN-N-296805404,NOT_APPLICABLE_INDIVIDUAL,Internal Watchlist,Synthetic prototype record,Synthetic Prototype,2024-01-01,0,Critical,1
WL000327,Individual,Laila Bashir,Laila,NO_MIDDLE_NAME,Bashir,Laila Bashir,1978-04-12,Unknown,KP,343 Watchlist Street,Synthetic City B,SY,SYN-P-30319979,SYN-N-768014074,NOT_APPLICABLE_INDIVIDUAL,Internal Watchlist,Synthetic prototype record,Synthetic Prototype,2024-01-01,1,Critical,1
WL000328,Individual,Elena Petrov,Elena,NO_MIDDLE_NAME,Petrov,Elena Petrov,1978-04-12,Unknown,RU,33 Watchlist Street,Synthetic City A,RU,SYN-P-47354289,SYN-N-386043463,NOT_APPLICABLE_INDIVIDUAL,Internal Watchlist,Synthetic prototype record,Synthetic Prototype,2024-01-01,1,High,1
WL000329,Individual,Sergei Karimov,Sergei,NO_MIDDLE_NAME,Karimov,Sergei Karimov,1978-04-12,Synthetic City B,KP,353 Watchlist Street,Synthetic City A,SY,SYN-P-43987848,SYN-N-332267512,NOT_APPLICABLE_INDIVIDUAL,Synthetic Regional,Synthetic prototype record,Synthetic Prototype,2024-01-01,1,High,1
WL000330,Individual,Alexander Bashir,Alexander,NO_MIDDLE_NAME,Bashir,Alexander Bashir,1978-04-12,Unknown,SY,171 Watchlist Street,Synthetic City B,SY,SYN-P-15783571,SYN-N-019613369,NOT_APPLICABLE_INDIVIDUAL,Synthetic Regional,Synthetic prototype record,Synthetic Prototype,2024-01-01,1,High,1
WL000331,Organization,Abramov Global Holdings,NOT_APPLICABLE_ORGANIZATION,NO_MIDDLE_NAME,NOT_APPLICABLE_ORGANIZATION,Abramov Group,1900-01-01,Synthetic City B,SY,353 Watchlist Street,Synthetic City B,SY,SYN-P-18150035,SYN-N-192879591,Abramov Global Holdings,Internal Watchlist,Synthetic prototype record,Synthetic Prototype,2024-01-01,1,High,0
WL000332,Organization,Karimov Global Holdings,NOT_APPLICABLE_ORGANIZATION,NO_MIDDLE_NAME,NOT_APPLICABLE_ORGANIZATION,Karimov Group,1900-01-01,Synthetic City B,RU,16 Watchlist Street,Synthetic City A,SY,SYN-P-95262865,SYN-N-147575196,Karimov Global Holdings,Synthetic Global,Synthetic prototype record,Synthetic Prototype,2024-01-01,1,High,0
WL000333,Individual,Sergei Haddad,Sergei,NO_MIDDLE_NAME,Haddad,Sergei Haddad,1978-04-12,Unknown,KP,278 Watchlist Street,Synthetic City B,KP,SYN-P-49217754,SYN-N-248199723,NOT_APPLICABLE_INDIVIDUAL,Synthetic Regional,Synthetic prototype record,Synthetic Prototype,2024-01-01,1,Critical,1
WL000334,Individual,Karim Haddad,Karim,NO_MIDDLE_NAME,Haddad,Karim Haddad,1978-04-12,Synthetic City A,RU,377 Watchlist Street,Synthetic City B,RU,SYN-P-85929481,SYN-N-644362487,NOT_APPLICABLE_INDIVIDUAL,Internal Watchlist,Synthetic prototype record,Synthetic Prototype,2024-01-01,1,High,1
WL000335,Organization,Haddad Global Holdings,NOT_APPLICABLE_ORGANIZATION,NO_MIDDLE_NAME,NOT_APPLICABLE_ORGANIZATION,Haddad Group,1900-01-01,Synthetic City B,SY,351 Watchlist Street,Synthetic City A,RU,SYN-P-60506973,SYN-N-004469622,Haddad Global Holdings,Internal Watchlist,Synthetic prototype record,Synthetic Prototype,2024-01-01,1,Critical,0
WL000336,Individual,Omar Sokolov,Omar,NO_MIDDLE_NAME,Sokolov,Omar Sokolov,1978-04-12,Synthetic City B,RU,118 Watchlist Street,Synthetic City A,SY,SYN-P-73628011,SYN-N-122103327,NOT_APPLICABLE_INDIVIDUAL,Internal Watchlist,Synthetic prototype record,Synthetic Prototype,2024-01-01,0,High,1
WL000337,Individual,Farid Volkov,Farid,NO_MIDDLE_NAME,Volkov,Farid Volkov,1978-04-12,Synthetic City A,SY,131 Watchlist Street,Synthetic City B,SY,SYN-P-94215017,SYN-N-472816534,NOT_APPLICABLE_INDIVIDUAL,Internal Watchlist,Synthetic prototype record,Synthetic Prototype,2024-01-01,1,Critical,1
WL000338,Individual,Omar Haddad,Omar,NO_MIDDLE_NAME,Haddad,Omar Haddad,1978-04-12,Synthetic City A,SY,137 Watchlist Street,Synthetic City A,RU,SYN-P-50928636,SYN-N-963736298,NOT_APPLICABLE_INDIVIDUAL,Synthetic Global,Synthetic prototype record,Synthetic Prototype,2024-01-01,1,High,1
WL000339,Individual,Elena Bashir,Elena,NO_MIDDLE_NAME,Bashir,Elena Bashir,1978-04-12,Unknown,SY,365 Watchlist Street,Synthetic City B,RU,SYN-P-56446082,SYN-N-937325538,NOT_APPLICABLE_INDIVIDUAL,Synthetic Regional,Synthetic prototype record,Synthetic Prototype,2024-01-01,1,Critical,1
WL000340,Individual,Sergei Ivanov,Sergei,NO_MIDDLE_NAME,Ivanov,Sergei Ivanov,1978-04-12,Synthetic City A,RU,305 Watchlist Street,Synthetic City A,RU,SYN-P-50842931,SYN-N-323240118,NOT_APPLICABLE_INDIVIDUAL,Synthetic Regional,Synthetic prototype record,Synthetic Prototype,2024-01-01,1,High,1
WL000341,Individual,Elena Volkov,Elena,NO_MIDDLE_NAME,Volkov,Elena Volkov,1978-04-12,Synthetic City A,SY,127 Watchlist Street,Synthetic City B,RU,SYN-P-00143596,SYN-N-146874625,NOT_APPLICABLE_INDIVIDUAL,Synthetic Regional,Synthetic prototype record,Synthetic Prototype,2024-01-01,1,High,1
WL000342,Individual,Hassan Ivanov,Hassan,NO_MIDDLE_NAME,Ivanov,Hassan Ivanov,1978-04-12,Unknown,SY,95 Watchlist Street,Synthetic City A,KP,SYN-P-92036555,SYN-N-511391839,NOT_APPLICABLE_INDIVIDUAL,Internal Watchlist,Synthetic prototype record,Synthetic Prototype,2024-01-01,1,High,1
WL000343,Individual,Sergei Petrov,Sergei,NO_MIDDLE_NAME,Petrov,Sergei Petrov,1978-04-12,Synthetic City B,KP,387 Watchlist Street,Synthetic City A,KP,SYN-P-22186851,SYN-N-097928270,NOT_APPLICABLE_INDIVIDUAL,Synthetic Regional,Synthetic prototype record,Synthetic Prototype,2024-01-01,1,High,1
WL000344,Individual,Karim Haddad,Karim,NO_MIDDLE_NAME,Haddad,Karim Haddad,1978-04-12,Unknown,RU,399 Watchlist Street,Synthetic City B,RU,SYN-P-59366049,SYN-N-133254481,NOT_APPLICABLE_INDIVIDUAL,Internal Watchlist,Synthetic prototype record,Synthetic Prototype,2024-01-01,1,Critical,1
WL000345,Individual,Farid Volkov,Farid,NO_MIDDLE_NAME,Volkov,Farid Volkov,1978-04-12,Synthetic City A,SY,399 Watchlist Street,Synthetic City B,KP,SYN-P-70626506,SYN-N-966031052,NOT_APPLICABLE_INDIVIDUAL,Synthetic Regional,Synthetic prototype record,Synthetic Prototype,2024-01-01,1,High,1
WL000346,Individual,Dmitri Sokolov,Dmitri,NO_MIDDLE_NAME,Sokolov,Dmitri Sokolov,1978-04-12,Unknown,SY,110 Watchlist Street,Synthetic City B,RU,SYN-P-50076135,SYN-N-763000415,NOT_APPLICABLE_INDIVIDUAL,Internal Watchlist,Synthetic prototype record,Synthetic Prototype,2024-01-01,0,Critical,1
WL000347,Organization,Petrov Global Holdings,NOT_APPLICABLE_ORGANIZATION,NO_MIDDLE_NAME,NOT_APPLICABLE_ORGANIZATION,Petrov Group,1900-01-01,Synthetic City B,RU,99 Watchlist Street,Synthetic City B,SY,SYN-P-43186441,SYN-N-271918978,Petrov Global Holdings,Synthetic Regional,Synthetic prototype record,Synthetic Prototype,2024-01-01,0,High,0
WL000348,Individual,Omar Bashir,Omar,NO_MIDDLE_NAME,Bashir,Omar Bashir,1978-04-12,Synthetic City B,KP,43 Watchlist Street,Synthetic City A,RU,SYN-P-60828521,SYN-N-594240894,NOT_APPLICABLE_INDIVIDUAL,Internal Watchlist,Synthetic prototype record,Synthetic Prototype,2024-01-01,1,Critical,1
WL000349,Individual,Dmitri Haddad,Dmitri,NO_MIDDLE_NAME,Haddad,Dmitri Haddad,1978-04-12,Unknown,RU,319 Watchlist Street,Synthetic City B,KP,SYN-P-17063731,SYN-N-032418150,NOT_APPLICABLE_INDIVIDUAL,Synthetic Regional,Synthetic prototype record,Synthetic Prototype,2024-01-01,1,High,1
WL000350,Individual,Dmitri Bashir,Dmitri,NO_MIDDLE_NAME,Bashir,Dmitri Bashir,1978-04-12,Unknown,SY,384 Watchlist Street,Synthetic City B,SY,SYN-P-76612319,SYN-N-224426975,NOT_APPLICABLE_INDIVIDUAL,Synthetic Regional,Synthetic prototype record,Synthetic Prototype,2024-01-01,1,High,1
WL000351,Individual,Sergei Abramov,Sergei,NO_MIDDLE_NAME,Abramov,Sergei Abramov,1978-04-12,Synthetic City A,KP,199 Watchlist Street,Synthetic City B,SY,SYN-P-49045098,SYN-N-587333115,NOT_APPLICABLE_INDIVIDUAL,Internal Watchlist,Synthetic prototype record,Synthetic Prototype,2024-01-01,1,High,1
WL000352,Individual,Sergei Karimov,Sergei,NO_MIDDLE_NAME,Karimov,Sergei Karimov,1978-04-12,Synthetic City B,SY,11 Watchlist Street,Synthetic City B,KP,SYN-P-89677653,SYN-N-719338917,NOT_APPLICABLE_INDIVIDUAL,Synthetic Global,Synthetic prototype record,Synthetic Prototype,2024-01-01,1,High,1
WL000353,Individual,Elena Ivanov,Elena,NO_MIDDLE_NAME,Ivanov,Elena Ivanov,1978-04-12,Synthetic City A,RU,199 Watchlist Street,Synthetic City A,SY,SYN-P-82782953,SYN-N-925103683,NOT_APPLICABLE_INDIVIDUAL,Synthetic Regional,Synthetic prototype record,Synthetic Prototype,2024-01-01,1,High,1
WL000354,Individual,Ivan Haddad,Ivan,NO_MIDDLE_NAME,Haddad,Ivan Haddad,1978-04-12,Synthetic City A,RU,81 Watchlist Street,Synthetic City A,RU,SYN-P-34060553,SYN-N-214085829,NOT_APPLICABLE_INDIVIDUAL,Internal Watchlist,Synthetic prototype record,Synthetic Prototype,2024-01-01,1,Critical,1
WL000355,Organization,Petrov Global Holdings,NOT_APPLICABLE_ORGANIZATION,NO_MIDDLE_NAME,NOT_APPLICABLE_ORGANIZATION,Petrov Group,1900-01-01,Synthetic City A,KP,225 Watchlist Street,Synthetic City B,KP,SYN-P-62331942,SYN-N-334454616,Petrov Global Holdings,Synthetic Global,Synthetic prototype record,Synthetic Prototype,2024-01-01,1,High,0
WL000356,Individual,Alexander Ivanov,Alexander,NO_MIDDLE_NAME,Ivanov,Alexander Ivanov,1978-04-12,Synthetic City B,SY,58 Watchlist Street,Synthetic City B,SY,SYN-P-15306214,SYN-N-218981019,NOT_APPLICABLE_INDIVIDUAL,Synthetic Regional,Synthetic prototype record,Synthetic Prototype,2024-01-01,1,High,1
WL000357,Individual,Dmitri Haddad,Dmitri,NO_MIDDLE_NAME,Haddad,Dmitri Haddad,1978-04-12,Synthetic City A,KP,348 Watchlist Street,Synthetic City A,RU,SYN-P-70632388,SYN-N-418518304,NOT_APPLICABLE_INDIVIDUAL,Synthetic Global,Synthetic prototype record,Synthetic Prototype,2024-01-01,1,Critical,1
WL000358,Individual,Laila Ivanov,Laila,NO_MIDDLE_NAME,Ivanov,Laila Ivanov,1978-04-12,Synthetic City B,KP,296 Watchlist Street,Synthetic City B,RU,SYN-P-00120644,SYN-N-278726017,NOT_APPLICABLE_INDIVIDUAL,Internal Watchlist,Synthetic prototype record,Synthetic Prototype,2024-01-01,1,High,1
WL000359,Individual,Dmitri Abramov,Dmitri,NO_MIDDLE_NAME,Abramov,Dmitri Abramov,1978-04-12,Unknown,KP,38 Watchlist Street,Synthetic City A,RU,SYN-P-17231345,SYN-N-956710682,NOT_APPLICABLE_INDIVIDUAL,Synthetic Regional,Synthetic prototype record,Synthetic Prototype,2024-01-01,1,Critical,1
WL000360,Individual,Elena Volkov,Elena,NO_MIDDLE_NAME,Volkov,Elena Volkov,1978-04-12,Synthetic City B,KP,342 Watchlist Street,Synthetic City B,RU,SYN-P-38089320,SYN-N-667630309,NOT_APPLICABLE_INDIVIDUAL,Synthetic Global,Synthetic prototype record,Synthetic Prototype,2024-01-01,1,Critical,1
WL000361,Individual,Farid Bashir,Farid,NO_MIDDLE_NAME,Bashir,Farid Bashir,1978-04-12,Unknown,KP,174 Watchlist Street,Synthetic City A,SY,SYN-P-48541423,SYN-N-970541392,NOT_APPLICABLE_INDIVIDUAL,Synthetic Global,Synthetic prototype record,Synthetic Prototype,2024-01-01,1,Critical,1
WL000362,Individual,Hassan Karimov,Hassan,NO_MIDDLE_NAME,Karimov,Hassan Karimov,1978-04-12,Synthetic City B,KP,392 Watchlist Street,Synthetic City B,RU,SYN-P-32727459,SYN-N-559490303,NOT_APPLICABLE_INDIVIDUAL,Synthetic Regional,Synthetic prototype record,Synthetic Prototype,2024-01-01,1,Critical,1
WL000363,Individual,Dmitri Haddad,Dmitri,NO_MIDDLE_NAME,Haddad,Dmitri Haddad,1978-04-12,Synthetic City A,SY,372 Watchlist Street,Synthetic City A,SY,SYN-P-95947884,SYN-N-153568472,NOT_APPLICABLE_INDIVIDUAL,Synthetic Global,Synthetic prototype record,Synthetic Prototype,2024-01-01,1,High,1
WL000364,Individual,Hassan Abramov,Hassan,NO_MIDDLE_NAME,Abramov,Hassan Abramov,1978-04-12,Unknown,RU,272 Watchlist Street,Synthetic City B,SY,SYN-P-10504262,SYN-N-422563074,NOT_APPLICABLE_INDIVIDUAL,Synthetic Regional,Synthetic prototype record,Synthetic Prototype,2024-01-01,1,Critical,1
WL000365,Individual,Sergei Karimov,Sergei,NO_MIDDLE_NAME,Karimov,Sergei Karimov,1978-04-12,Synthetic City B,SY,266 Watchlist Street,Synthetic City B,SY,SYN-P-28767435,SYN-N-465246013,NOT_APPLICABLE_INDIVIDUAL,Synthetic Global,Synthetic prototype record,Synthetic Prototype,2024-01-01,1,High,1
WL000366,Individual,Sergei Volkov,Sergei,NO_MIDDLE_NAME,Volkov,Sergei Volkov,1978-04-12,Synthetic City A,KP,285 Watchlist Street,Synthetic City A,RU,SYN-P-61663879,SYN-N-303245612,NOT_APPLICABLE_INDIVIDUAL,Internal Watchlist,Synthetic prototype record,Synthetic Prototype,2024-01-01,1,High,1
WL000367,Individual,Hassan Ivanov,Hassan,NO_MIDDLE_NAME,Ivanov,Hassan Ivanov,1978-04-12,Synthetic City A,SY,107 Watchlist Street,Synthetic City B,RU,SYN-P-00880168,SYN-N-570124725,NOT_APPLICABLE_INDIVIDUAL,Synthetic Global,Synthetic prototype record,Synthetic Prototype,2024-01-01,1,Critical,1
WL000368,Organization,Sokolov Global Holdings,NOT_APPLICABLE_ORGANIZATION,NO_MIDDLE_NAME,NOT_APPLICABLE_ORGANIZATION,Sokolov Group,1900-01-01,Synthetic City A,SY,22 Watchlist Street,Synthetic City A,KP,SYN-P-18446788,SYN-N-363567272,Sokolov Global Holdings,Internal Watchlist,Synthetic prototype record,Synthetic Prototype,2024-01-01,1,High,0
WL000369,Individual,Sergei Ivanov,Sergei,NO_MIDDLE_NAME,Ivanov,Sergei Ivanov,1978-04-12,Unknown,RU,190 Watchlist Street,Synthetic City A,RU,SYN-P-03892072,SYN-N-755994087,NOT_APPLICABLE_INDIVIDUAL,Synthetic Global,Synthetic prototype record,Synthetic Prototype,2024-01-01,1,Critical,1
WL000370,Organization,Bashir Global Holdings,NOT_APPLICABLE_ORGANIZATION,NO_MIDDLE_NAME,NOT_APPLICABLE_ORGANIZATION,Bashir Group,1900-01-01,Synthetic City B,SY,161 Watchlist Street,Synthetic City B,RU,SYN-P-55652342,SYN-N-501616165,Bashir Global Holdings,Synthetic Regional,Synthetic prototype record,Synthetic Prototype,2024-01-01,1,Critical,0
WL000371,Individual,Elena Karimov,Elena,NO_MIDDLE_NAME,Karimov,Elena Karimov,1978-04-12,Synthetic City B,RU,235 Watchlist Street,Synthetic City B,KP,SYN-P-35131812,SYN-N-444964363,NOT_APPLICABLE_INDIVIDUAL,Internal Watchlist,Synthetic prototype record,Synthetic Prototype,2024-01-01,1,Critical,1
WL000372,Individual,Ivan Sokolov,Ivan,NO_MIDDLE_NAME,Sokolov,Ivan Sokolov,1978-04-12,Unknown,SY,1 Watchlist Street,Synthetic City B,RU,SYN-P-67023728,SYN-N-609991875,NOT_APPLICABLE_INDIVIDUAL,Synthetic Global,Synthetic prototype record,Synthetic Prototype,2024-01-01,1,Critical,1
WL000373,Organization,Haddad Global Holdings,NOT_APPLICABLE_ORGANIZATION,NO_MIDDLE_NAME,NOT_APPLICABLE_ORGANIZATION,Haddad Group,1900-01-01,Synthetic City A,SY,12 Watchlist Street,Synthetic City B,KP,SYN-P-08258646,SYN-N-177362292,Haddad Global Holdings,Synthetic Regional,Synthetic prototype record,Synthetic Prototype,2024-01-01,1,Critical,0
WL000374,Individual,Karim Sokolov,Karim,NO_MIDDLE_NAME,Sokolov,Karim Sokolov,1978-04-12,Synthetic City A,RU,38 Watchlist Street,Synthetic City B,SY,SYN-P-65537694,SYN-N-611996059,NOT_APPLICABLE_INDIVIDUAL,Synthetic Global,Synthetic prototype record,Synthetic Prototype,2024-01-01,1,High,1
WL000375,Individual,Ivan Bashir,Ivan,NO_MIDDLE_NAME,Bashir,Ivan Bashir,1978-04-12,Synthetic City B,RU,270 Watchlist Street,Synthetic City B,KP,SYN-P-78521276,SYN-N-756903313,NOT_APPLICABLE_INDIVIDUAL,Synthetic Global,Synthetic prototype record,Synthetic Prototype,2024-01-01,1,Critical,1
WL000376,Individual,Laila Karimov,Laila,NO_MIDDLE_NAME,Karimov,Laila Karimov,1978-04-12,Synthetic City A,SY,76 Watchlist Street,Synthetic City B,KP,SYN-P-56917740,SYN-N-009092046,NOT_APPLICABLE_INDIVIDUAL,Synthetic Global,Synthetic prototype record,Synthetic Prototype,2024-01-01,1,High,1
WL000377,Individual,Omar Sokolov,Omar,NO_MIDDLE_NAME,Sokolov,Omar Sokolov,1978-04-12,Unknown,RU,362 Watchlist Street,Synthetic City B,KP,SYN-P-56512852,SYN-N-783440726,NOT_APPLICABLE_INDIVIDUAL,Synthetic Regional,Synthetic prototype record,Synthetic Prototype,2024-01-01,1,High,1
WL000378,Individual,Alexander Volkov,Alexander,NO_MIDDLE_NAME,Volkov,Alexander Volkov,1978-04-12,Synthetic City A,KP,242 Watchlist Street,Synthetic City B,KP,SYN-P-91001794,SYN-N-336061854,NOT_APPLICABLE_INDIVIDUAL,Synthetic Global,Synthetic prototype record,Synthetic Prototype,2024-01-01,1,High,1
WL000379,Individual,Laila Abramov,Laila,NO_MIDDLE_NAME,Abramov,Laila Abramov,1978-04-12,Synthetic City B,RU,149 Watchlist Street,Synthetic City A,RU,SYN-P-47857137,SYN-N-835921214,NOT_APPLICABLE_INDIVIDUAL,Synthetic Regional,Synthetic prototype record,Synthetic Prototype,2024-01-01,1,High,1
WL000380,Organization,Ivanov Global Holdings,NOT_APPLICABLE_ORGANIZATION,NO_MIDDLE_NAME,NOT_APPLICABLE_ORGANIZATION,Ivanov Group,1900-01-01,Synthetic City B,RU,79 Watchlist Street,Synthetic City B,SY,SYN-P-81652285,SYN-N-392285226,Ivanov Global Holdings,Synthetic Regional,Synthetic prototype record,Synthetic Prototype,2024-01-01,1,High,0
WL000381,Organization,Karimov Global Holdings,NOT_APPLICABLE_ORGANIZATION,NO_MIDDLE_NAME,NOT_APPLICABLE_ORGANIZATION,Karimov Group,1900-01-01,Unknown,SY,124 Watchlist Street,Synthetic City B,KP,SYN-P-42206296,SYN-N-463973672,Karimov Global Holdings,Synthetic Global,Synthetic prototype record,Synthetic Prototype,2024-01-01,1,High,0
WL000382,Individual,Farid Karimov,Farid,NO_MIDDLE_NAME,Karimov,Farid Karimov,1978-04-12,Synthetic City B,RU,36 Watchlist Street,Synthetic City B,SY,SYN-P-01879741,SYN-N-413684572,NOT_APPLICABLE_INDIVIDUAL,Synthetic Regional,Synthetic prototype record,Synthetic Prototype,2024-01-01,1,High,1
WL000383,Individual,Sergei Karimov,Sergei,NO_MIDDLE_NAME,Karimov,Sergei Karimov,1978-04-12,Synthetic City A,KP,64 Watchlist Street,Synthetic City B,RU,SYN-P-75335072,SYN-N-875988039,NOT_APPLICABLE_INDIVIDUAL,Internal Watchlist,Synthetic prototype record,Synthetic Prototype,2024-01-01,1,Critical,1
WL000384,Organization,Petrov Global Holdings,NOT_APPLICABLE_ORGANIZATION,NO_MIDDLE_NAME,NOT_APPLICABLE_ORGANIZATION,Petrov Group,1900-01-01,Unknown,RU,215 Watchlist Street,Synthetic City B,SY,SYN-P-97016996,SYN-N-213026087,Petrov Global Holdings,Synthetic Global,Synthetic prototype record,Synthetic Prototype,2024-01-01,1,High,0
WL000385,Individual,Laila Haddad,Laila,NO_MIDDLE_NAME,Haddad,Laila Haddad,1978-04-12,Unknown,RU,149 Watchlist Street,Synthetic City A,SY,SYN-P-73445831,SYN-N-919379940,NOT_APPLICABLE_INDIVIDUAL,Synthetic Global,Synthetic prototype record,Synthetic Prototype,2024-01-01,1,High,1
WL000386,Individual,Dmitri Volkov,Dmitri,NO_MIDDLE_NAME,Volkov,Dmitri Volkov,1978-04-12,Synthetic City A,KP,22 Watchlist Street,Synthetic City B,SY,SYN-P-99555529,SYN-N-769229698,NOT_APPLICABLE_INDIVIDUAL,Synthetic Regional,Synthetic prototype record,Synthetic Prototype,2024-01-01,1,High,1
WL000387,Individual,Hassan Karimov,Hassan,NO_MIDDLE_NAME,Karimov,Hassan Karimov,1978-04-12,Unknown,SY,201 Watchlist Street,Synthetic City A,KP,SYN-P-73346087,SYN-N-339943519,NOT_APPLICABLE_INDIVIDUAL,Internal Watchlist,Synthetic prototype record,Synthetic Prototype,2024-01-01,1,High,1
WL000388,Individual,Farid Karimov,Farid,NO_MIDDLE_NAME,Karimov,Farid Karimov,1978-04-12,Synthetic City B,KP,151 Watchlist Street,Synthetic City A,SY,SYN-P-30922560,SYN-N-872691508,NOT_APPLICABLE_INDIVIDUAL,Synthetic Global,Synthetic prototype record,Synthetic Prototype,2024-01-01,1,Critical,1
WL000389,Individual,Dmitri Volkov,Dmitri,NO_MIDDLE_NAME,Volkov,Dmitri Volkov,1978-04-12,Unknown,RU,340 Watchlist Street,Synthetic City B,RU,SYN-P-75155082,SYN-N-049827323,NOT_APPLICABLE_INDIVIDUAL,Internal Watchlist,Synthetic prototype record,Synthetic Prototype,2024-01-01,1,Critical,1
WL000390,Individual,Farid Volkov,Farid,NO_MIDDLE_NAME,Volkov,Farid Volkov,1978-04-12,Unknown,RU,336 Watchlist Street,Synthetic City A,KP,SYN-P-43183986,SYN-N-118014655,NOT_APPLICABLE_INDIVIDUAL,Synthetic Global,Synthetic prototype record,Synthetic Prototype,2024-01-01,1,High,1
WL000391,Individual,Dmitri Karimov,Dmitri,NO_MIDDLE_NAME,Karimov,Dmitri Karimov,1978-04-12,Synthetic City A,RU,351 Watchlist Street,Synthetic City A,SY,SYN-P-89981261,SYN-N-835719511,NOT_APPLICABLE_INDIVIDUAL,Synthetic Global,Synthetic prototype record,Synthetic Prototype,2024-01-01,1,Critical,1
WL000392,Individual,Elena Abramov,Elena,NO_MIDDLE_NAME,Abramov,Elena Abramov,1978-04-12,Synthetic City A,RU,10 Watchlist Street,Synthetic City B,KP,SYN-P-08126283,SYN-N-427309072,NOT_APPLICABLE_INDIVIDUAL,Internal Watchlist,Synthetic prototype record,Synthetic Prototype,2024-01-01,1,Critical,1
WL000393,Organization,Sokolov Global Holdings,NOT_APPLICABLE_ORGANIZATION,NO_MIDDLE_NAME,NOT_APPLICABLE_ORGANIZATION,Sokolov Group,1900-01-01,Synthetic City B,RU,160 Watchlist Street,Synthetic City B,SY,SYN-P-70931560,SYN-N-062886298,Sokolov Global Holdings,Synthetic Regional,Synthetic prototype record,Synthetic Prototype,2024-01-01,1,High,0
WL000394,Organization,Sokolov Global Holdings,NOT_APPLICABLE_ORGANIZATION,NO_MIDDLE_NAME,NOT_APPLICABLE_ORGANIZATION,Sokolov Group,1900-01-01,Synthetic City A,RU,342 Watchlist Street,Synthetic City A,KP,SYN-P-19169406,SYN-N-291317774,Sokolov Global Holdings,Internal Watchlist,Synthetic prototype record,Synthetic Prototype,2024-01-01,1,Critical,0
WL000395,Individual,Dmitri Haddad,Dmitri,NO_MIDDLE_NAME,Haddad,Dmitri Haddad,1978-04-12,Synthetic City B,SY,340 Watchlist Street,Synthetic City A,KP,SYN-P-84215963,SYN-N-093553180,NOT_APPLICABLE_INDIVIDUAL,Synthetic Regional,Synthetic prototype record,Synthetic Prototype,2024-01-01,1,Critical,1
WL000396,Organization,Ivanov Global Holdings,NOT_APPLICABLE_ORGANIZATION,NO_MIDDLE_NAME,NOT_APPLICABLE_ORGANIZATION,Ivanov Group,1900-01-01,Unknown,SY,30 Watchlist Street,Synthetic City B,SY,SYN-P-15327814,SYN-N-662458877,Ivanov Global Holdings,Synthetic Global,Synthetic prototype record,Synthetic Prototype,2024-01-01,1,Critical,0
WL000397,Organization,Volkov Global Holdings,NOT_APPLICABLE_ORGANIZATION,NO_MIDDLE_NAME,NOT_APPLICABLE_ORGANIZATION,Volkov Group,1900-01-01,Synthetic City A,SY,272 Watchlist Street,Synthetic City A,KP,SYN-P-27955929,SYN-N-243289916,Volkov Global Holdings,Internal Watchlist,Synthetic prototype record,Synthetic Prototype,2024-01-01,1,High,0
WL000398,Individual,Karim Petrov,Karim,NO_MIDDLE_NAME,Petrov,Karim Petrov,1978-04-12,Unknown,SY,221 Watchlist Street,Synthetic City A,RU,SYN-P-31828002,SYN-N-231991720,NOT_APPLICABLE_INDIVIDUAL,Synthetic Global,Synthetic prototype record,Synthetic Prototype,2024-01-01,1,High,1
WL000399,Individual,Omar Petrov,Omar,NO_MIDDLE_NAME,Petrov,Omar Petrov,1978-04-12,Synthetic City A,RU,385 Watchlist Street,Synthetic City B,SY,SYN-P-67475908,SYN-N-718728958,NOT_APPLICABLE_INDIVIDUAL,Internal Watchlist,Synthetic prototype record,Synthetic Prototype,2024-01-01,1,High,1
WL000400,Individual,Ivan Ivanov,Ivan,NO_MIDDLE_NAME,Ivanov,Ivan Ivanov,1978-04-12,Synthetic City B,KP,303 Watchlist Street,Synthetic City A,SY,SYN-P-56075584,SYN-N-525210611,NOT_APPLICABLE_INDIVIDUAL,Synthetic Regional,Synthetic prototype record,Synthetic Prototype,2024-01-01,1,High,1
WL000401,Individual,Ivan Haddad,Ivan,NO_MIDDLE_NAME,Haddad,Ivan Haddad,1978-04-12,Synthetic City A,KP,399 Watchlist Street,Synthetic City A,RU,SYN-P-27811861,SYN-N-029742774,NOT_APPLICABLE_INDIVIDUAL,Synthetic Regional,Synthetic prototype record,Synthetic Prototype,2024-01-01,1,High,1
WL000402,Individual,Karim Sokolov,Karim,NO_MIDDLE_NAME,Sokolov,Karim Sokolov,1978-04-12,Synthetic City B,SY,198 Watchlist Street,Synthetic City A,SY,SYN-P-80799578,SYN-N-739887127,NOT_APPLICABLE_INDIVIDUAL,Synthetic Regional,Synthetic prototype record,Synthetic Prototype,2024-01-01,1,Critical,1
WL000403,Individual,Laila Abramov,Laila,NO_MIDDLE_NAME,Abramov,Laila Abramov,1978-04-12,Synthetic City A,SY,310 Watchlist Street,Synthetic City A,SY,SYN-P-67769023,SYN-N-442012441,NOT_APPLICABLE_INDIVIDUAL,Synthetic Regional,Synthetic prototype record,Synthetic Prototype,2024-01-01,1,Critical,1
WL000404,Individual,Laila Volkov,Laila,NO_MIDDLE_NAME,Volkov,Laila Volkov,1978-04-12,Unknown,SY,101 Watchlist Street,Synthetic City A,RU,SYN-P-59671626,SYN-N-845408425,NOT_APPLICABLE_INDIVIDUAL,Synthetic Regional,Synthetic prototype record,Synthetic Prototype,2024-01-01,1,Critical,1
WL000405,Individual,Sergei Haddad,Sergei,NO_MIDDLE_NAME,Haddad,Sergei Haddad,1978-04-12,Unknown,SY,156 Watchlist Street,Synthetic City B,SY,SYN-P-13631975,SYN-N-302941217,NOT_APPLICABLE_INDIVIDUAL,Synthetic Regional,Synthetic prototype record,Synthetic Prototype,2024-01-01,1,Critical,1
WL000406,Individual,Farid Haddad,Farid,NO_MIDDLE_NAME,Haddad,Farid Haddad,1978-04-12,Unknown,SY,272 Watchlist Street,Synthetic City B,SY,SYN-P-23192535,SYN-N-933858970,NOT_APPLICABLE_INDIVIDUAL,Internal Watchlist,Synthetic prototype record,Synthetic Prototype,2024-01-01,1,High,1
WL000407,Individual,Alexander Karimov,Alexander,NO_MIDDLE_NAME,Karimov,Alexander Karimov,1978-04-12,Synthetic City B,RU,112 Watchlist Street,Synthetic City B,SY,SYN-P-30195153,SYN-N-117395805,NOT_APPLICABLE_INDIVIDUAL,Internal Watchlist,Synthetic prototype record,Synthetic Prototype,2024-01-01,1,High,1
WL000408,Individual,Dmitri Sokolov,Dmitri,NO_MIDDLE_NAME,Sokolov,Dmitri Sokolov,1978-04-12,Synthetic City A,KP,69 Watchlist Street,Synthetic City A,SY,SYN-P-93201793,SYN-N-711084365,NOT_APPLICABLE_INDIVIDUAL,Internal Watchlist,Synthetic prototype record,Synthetic Prototype,2024-01-01,1,High,1
WL000409,Individual,Alexander Karimov,Alexander,NO_MIDDLE_NAME,Karimov,Alexander Karimov,1978-04-12,Synthetic City B,RU,230 Watchlist Street,Synthetic City A,RU,SYN-P-26093737,SYN-N-119940788,NOT_APPLICABLE_INDIVIDUAL,Synthetic Regional,Synthetic prototype record,Synthetic Prototype,2024-01-01,1,High,1
WL000410,Individual,Alexander Volkov,Alexander,NO_MIDDLE_NAME,Volkov,Alexander Volkov,1978-04-12,Unknown,SY,370 Watchlist Street,Synthetic City A,KP,SYN-P-05696215,SYN-N-971980207,NOT_APPLICABLE_INDIVIDUAL,Internal Watchlist,Synthetic prototype record,Synthetic Prototype,2024-01-01,1,Critical,1
WL000411,Individual,Karim Sokolov,Karim,NO_MIDDLE_NAME,Sokolov,Karim Sokolov,1978-04-12,Synthetic City B,RU,3 Watchlist Street,Synthetic City A,SY,SYN-P-51073237,SYN-N-443188338,NOT_APPLICABLE_INDIVIDUAL,Internal Watchlist,Synthetic prototype record,Synthetic Prototype,2024-01-01,1,Critical,1
WL000412,Individual,Omar Abramov,Omar,NO_MIDDLE_NAME,Abramov,Omar Abramov,1978-04-12,Synthetic City B,SY,287 Watchlist Street,Synthetic City A,SY,SYN-P-48129851,SYN-N-582494832,NOT_APPLICABLE_INDIVIDUAL,Internal Watchlist,Synthetic prototype record,Synthetic Prototype,2024-01-01,1,Critical,1
WL000413,Individual,Hassan Haddad,Hassan,NO_MIDDLE_NAME,Haddad,Hassan Haddad,1978-04-12,Synthetic City A,SY,297 Watchlist Street,Synthetic City A,RU,SYN-P-46683548,SYN-N-964383091,NOT_APPLICABLE_INDIVIDUAL,Synthetic Regional,Synthetic prototype record,Synthetic Prototype,2024-01-01,0,High,1
WL000414,Organization,Abramov Global Holdings,NOT_APPLICABLE_ORGANIZATION,NO_MIDDLE_NAME,NOT_APPLICABLE_ORGANIZATION,Abramov Group,1900-01-01,Synthetic City B,RU,36 Watchlist Street,Synthetic City A,SY,SYN-P-27056542,SYN-N-825713715,Abramov Global Holdings,Synthetic Global,Synthetic prototype record,Synthetic Prototype,2024-01-01,1,Critical,0
WL000415,Individual,Hassan Petrov,Hassan,NO_MIDDLE_NAME,Petrov,Hassan Petrov,1978-04-12,Synthetic City B,RU,185 Watchlist Street,Synthetic City A,KP,SYN-P-29786234,SYN-N-200656582,NOT_APPLICABLE_INDIVIDUAL,Internal Watchlist,Synthetic prototype record,Synthetic Prototype,2024-01-01,1,Critical,1
WL000416,Individual,Hassan Karimov,Hassan,NO_MIDDLE_NAME,Karimov,Hassan Karimov,1978-04-12,Synthetic City A,SY,111 Watchlist Street,Synthetic City B,RU,SYN-P-37938710,SYN-N-825208674,NOT_APPLICABLE_INDIVIDUAL,Synthetic Global,Synthetic prototype record,Synthetic Prototype,2024-01-01,1,Critical,1
WL000417,Organization,Volkov Global Holdings,NOT_APPLICABLE_ORGANIZATION,NO_MIDDLE_NAME,NOT_APPLICABLE_ORGANIZATION,Volkov Group,1900-01-01,Synthetic City B,RU,263 Watchlist Street,Synthetic City B,SY,SYN-P-26972314,SYN-N-926721662,Volkov Global Holdings,Internal Watchlist,Synthetic prototype record,Synthetic Prototype,2024-01-01,1,Critical,0
WL000418,Individual,Dmitri Karimov,Dmitri,NO_MIDDLE_NAME,Karimov,Dmitri Karimov,1978-04-12,Unknown,KP,3 Watchlist Street,Synthetic City A,KP,SYN-P-26521404,SYN-N-893740945,NOT_APPLICABLE_INDIVIDUAL,Synthetic Global,Synthetic prototype record,Synthetic Prototype,2024-01-01,1,High,1
WL000419,Individual,Omar Karimov,Omar,NO_MIDDLE_NAME,Karimov,Omar Karimov,1978-04-12,Unknown,RU,99 Watchlist Street,Synthetic City A,SY,SYN-P-00910047,SYN-N-072193449,NOT_APPLICABLE_INDIVIDUAL,Synthetic Regional,Synthetic prototype record,Synthetic Prototype,2024-01-01,1,Critical,1
WL000420,Organization,Bashir Global Holdings,NOT_APPLICABLE_ORGANIZATION,NO_MIDDLE_NAME,NOT_APPLICABLE_ORGANIZATION,Bashir Group,1900-01-01,Synthetic City B,RU,371 Watchlist Street,Synthetic City B,SY,SYN-P-18091888,SYN-N-818986849,Bashir Global Holdings,Synthetic Regional,Synthetic prototype record,Synthetic Prototype,2024-01-01,1,High,0
WL000421,Organization,Petrov Global Holdings,NOT_APPLICABLE_ORGANIZATION,NO_MIDDLE_NAME,NOT_APPLICABLE_ORGANIZATION,Petrov Group,1900-01-01,Synthetic City B,SY,124 Watchlist Street,Synthetic City B,RU,SYN-P-70409896,SYN-N-205114341,Petrov Global Holdings,Synthetic Regional,Synthetic prototype record,Synthetic Prototype,2024-01-01,1,High,0
WL000422,Individual,Karim Abramov,Karim,NO_MIDDLE_NAME,Abramov,Karim Abramov,1978-04-12,Synthetic City B,RU,219 Watchlist Street,Synthetic City A,KP,SYN-P-32445442,SYN-N-922500754,NOT_APPLICABLE_INDIVIDUAL,Synthetic Global,Synthetic prototype record,Synthetic Prototype,2024-01-01,1,High,1
WL000423,Individual,Dmitri Abramov,Dmitri,NO_MIDDLE_NAME,Abramov,Dmitri Abramov,1978-04-12,Synthetic City B,KP,361 Watchlist Street,Synthetic City A,KP,SYN-P-18717402,SYN-N-902181828,NOT_APPLICABLE_INDIVIDUAL,Internal Watchlist,Synthetic prototype record,Synthetic Prototype,2024-01-01,1,High,1
WL000424,Individual,Karim Ivanov,Karim,NO_MIDDLE_NAME,Ivanov,Karim Ivanov,1978-04-12,Unknown,RU,230 Watchlist Street,Synthetic City A,KP,SYN-P-77369901,SYN-N-467215940,NOT_APPLICABLE_INDIVIDUAL,Synthetic Global,Synthetic prototype record,Synthetic Prototype,2024-01-01,1,Critical,1
WL000425,Individual,Ivan Volkov,Ivan,NO_MIDDLE_NAME,Volkov,Ivan Volkov,1978-04-12,Unknown,RU,144 Watchlist Street,Synthetic City B,RU,SYN-P-65693777,SYN-N-814710948,NOT_APPLICABLE_INDIVIDUAL,Synthetic Global,Synthetic prototype record,Synthetic Prototype,2024-01-01,1,Critical,1
WL000426,Individual,Ivan Bashir,Ivan,NO_MIDDLE_NAME,Bashir,Ivan Bashir,1978-04-12,Synthetic City B,SY,154 Watchlist Street,Synthetic City B,KP,SYN-P-73236971,SYN-N-335210600,NOT_APPLICABLE_INDIVIDUAL,Synthetic Regional,Synthetic prototype record,Synthetic Prototype,2024-01-01,1,Critical,1
WL000427,Individual,Karim Karimov,Karim,NO_MIDDLE_NAME,Karimov,Karim Karimov,1978-04-12,Unknown,RU,64 Watchlist Street,Synthetic City B,SY,SYN-P-65296657,SYN-N-860055107,NOT_APPLICABLE_INDIVIDUAL,Synthetic Global,Synthetic prototype record,Synthetic Prototype,2024-01-01,1,High,1
WL000428,Individual,Karim Bashir,Karim,NO_MIDDLE_NAME,Bashir,Karim Bashir,1978-04-12,Unknown,KP,189 Watchlist Street,Synthetic City A,RU,SYN-P-52459107,SYN-N-698693265,NOT_APPLICABLE_INDIVIDUAL,Synthetic Global,Synthetic prototype record,Synthetic Prototype,2024-01-01,1,Critical,1
WL000429,Individual,Laila Bashir,Laila,NO_MIDDLE_NAME,Bashir,Laila Bashir,1978-04-12,Synthetic City A,KP,264 Watchlist Street,Synthetic City B,SY,SYN-P-33976051,SYN-N-785986248,NOT_APPLICABLE_INDIVIDUAL,Internal Watchlist,Synthetic prototype record,Synthetic Prototype,2024-01-01,1,Critical,1
WL000430,Individual,Laila Abramov,Laila,NO_MIDDLE_NAME,Abramov,Laila Abramov,1978-04-12,Unknown,KP,319 Watchlist Street,Synthetic City A,KP,SYN-P-80493893,SYN-N-168987743,NOT_APPLICABLE_INDIVIDUAL,Internal Watchlist,Synthetic prototype record,Synthetic Prototype,2024-01-01,1,High,1
WL000431,Organization,Karimov Global Holdings,NOT_APPLICABLE_ORGANIZATION,NO_MIDDLE_NAME,NOT_APPLICABLE_ORGANIZATION,Karimov Group,1900-01-01,Synthetic City B,RU,174 Watchlist Street,Synthetic City B,KP,SYN-P-81109150,SYN-N-704550925,Karimov Global Holdings,Internal Watchlist,Synthetic prototype record,Synthetic Prototype,2024-01-01,1,Critical,0
WL000432,Organization,Haddad Global Holdings,NOT_APPLICABLE_ORGANIZATION,NO_MIDDLE_NAME,NOT_APPLICABLE_ORGANIZATION,Haddad Group,1900-01-01,Synthetic City B,SY,200 Watchlist Street,Synthetic City A,KP,SYN-P-49986246,SYN-N-533982142,Haddad Global Holdings,Synthetic Global,Synthetic prototype record,Synthetic Prototype,2024-01-01,1,Critical,0
WL000433,Individual,Farid Petrov,Farid,NO_MIDDLE_NAME,Petrov,Farid Petrov,1978-04-12,Synthetic City A,RU,131 Watchlist Street,Synthetic City B,KP,SYN-P-99201876,SYN-N-103346595,NOT_APPLICABLE_INDIVIDUAL,Synthetic Global,Synthetic prototype record,Synthetic Prototype,2024-01-01,1,Critical,1
WL000434,Organization,Karimov Global Holdings,NOT_APPLICABLE_ORGANIZATION,NO_MIDDLE_NAME,NOT_APPLICABLE_ORGANIZATION,Karimov Group,1900-01-01,Unknown,SY,370 Watchlist Street,Synthetic City A,SY,SYN-P-92068077,SYN-N-903653512,Karimov Global Holdings,Internal Watchlist,Synthetic prototype record,Synthetic Prototype,2024-01-01,1,High,0
WL000435,Organization,Sokolov Global Holdings,NOT_APPLICABLE_ORGANIZATION,NO_MIDDLE_NAME,NOT_APPLICABLE_ORGANIZATION,Sokolov Group,1900-01-01,Unknown,RU,120 Watchlist Street,Synthetic City B,RU,SYN-P-49864340,SYN-N-639951067,Sokolov Global Holdings,Synthetic Regional,Synthetic prototype record,Synthetic Prototype,2024-01-01,1,Critical,0
WL000436,Individual,Omar Haddad,Omar,NO_MIDDLE_NAME,Haddad,Omar Haddad,1978-04-12,Unknown,KP,38 Watchlist Street,Synthetic City A,SY,SYN-P-54638610,SYN-N-360165715,NOT_APPLICABLE_INDIVIDUAL,Synthetic Global,Synthetic prototype record,Synthetic Prototype,2024-01-01,1,High,1
WL000437,Individual,Elena Ivanov,Elena,NO_MIDDLE_NAME,Ivanov,Elena Ivanov,1978-04-12,Synthetic City B,KP,399 Watchlist Street,Synthetic City A,SY,SYN-P-87289712,SYN-N-599771971,NOT_APPLICABLE_INDIVIDUAL,Synthetic Regional,Synthetic prototype record,Synthetic Prototype,2024-01-01,1,High,1
WL000438,Organization,Bashir Global Holdings,NOT_APPLICABLE_ORGANIZATION,NO_MIDDLE_NAME,NOT_APPLICABLE_ORGANIZATION,Bashir Group,1900-01-01,Synthetic City B,KP,386 Watchlist Street,Synthetic City A,KP,SYN-P-97032734,SYN-N-267337981,Bashir Global Holdings,Internal Watchlist,Synthetic prototype record,Synthetic Prototype,2024-01-01,1,High,0
WL000439,Individual,Laila Ivanov,Laila,NO_MIDDLE_NAME,Ivanov,Laila Ivanov,1978-04-12,Synthetic City A,RU,127 Watchlist Street,Synthetic City B,KP,SYN-P-67622600,SYN-N-443571098,NOT_APPLICABLE_INDIVIDUAL,Internal Watchlist,Synthetic prototype record,Synthetic Prototype,2024-01-01,1,High,1
WL000440,Individual,Alexander Haddad,Alexander,NO_MIDDLE_NAME,Haddad,Alexander Haddad,1978-04-12,Synthetic City B,SY,301 Watchlist Street,Synthetic City B,KP,SYN-P-18314355,SYN-N-280794459,NOT_APPLICABLE_INDIVIDUAL,Synthetic Global,Synthetic prototype record,Synthetic Prototype,2024-01-01,1,Critical,1
WL000441,Individual,Elena Haddad,Elena,NO_MIDDLE_NAME,Haddad,Elena Haddad,1978-04-12,Synthetic City A,SY,133 Watchlist Street,Synthetic City A,RU,SYN-P-65869555,SYN-N-010290270,NOT_APPLICABLE_INDIVIDUAL,Synthetic Global,Synthetic prototype record,Synthetic Prototype,2024-01-01,1,High,1
WL000442,Organization,Abramov Global Holdings,NOT_APPLICABLE_ORGANIZATION,NO_MIDDLE_NAME,NOT_APPLICABLE_ORGANIZATION,Abramov Group,1900-01-01,Unknown,RU,390 Watchlist Street,Synthetic City A,RU,SYN-P-71291613,SYN-N-668891965,Abramov Global Holdings,Internal Watchlist,Synthetic prototype record,Synthetic Prototype,2024-01-01,1,High,0
WL000443,Organization,Bashir Global Holdings,NOT_APPLICABLE_ORGANIZATION,NO_MIDDLE_NAME,NOT_APPLICABLE_ORGANIZATION,Bashir Group,1900-01-01,Synthetic City B,KP,182 Watchlist Street,Synthetic City B,RU,SYN-P-20606701,SYN-N-942594916,Bashir Global Holdings,Internal Watchlist,Synthetic prototype record,Synthetic Prototype,2024-01-01,1,High,0
WL000444,Organization,Haddad Global Holdings,NOT_APPLICABLE_ORGANIZATION,NO_MIDDLE_NAME,NOT_APPLICABLE_ORGANIZATION,Haddad Group,1900-01-01,Synthetic City A,KP,367 Watchlist Street,Synthetic City B,RU,SYN-P-69658195,SYN-N-947393401,Haddad Global Holdings,Internal Watchlist,Synthetic prototype record,Synthetic Prototype,2024-01-01,1,High,0
WL000445,Individual,Sergei Ivanov,Sergei,NO_MIDDLE_NAME,Ivanov,Sergei Ivanov,1978-04-12,Synthetic City A,RU,107 Watchlist Street,Synthetic City A,KP,SYN-P-81087444,SYN-N-235727272,NOT_APPLICABLE_INDIVIDUAL,Synthetic Global,Synthetic prototype record,Synthetic Prototype,2024-01-01,1,Critical,1
WL000446,Organization,Volkov Global Holdings,NOT_APPLICABLE_ORGANIZATION,NO_MIDDLE_NAME,NOT_APPLICABLE_ORGANIZATION,Volkov Group,1900-01-01,Synthetic City B,SY,79 Watchlist Street,Synthetic City B,SY,SYN-P-37973250,SYN-N-825065360,Volkov Global Holdings,Synthetic Regional,Synthetic prototype record,Synthetic Prototype,2024-01-01,1,Critical,0
WL000447,Organization,Volkov Global Holdings,NOT_APPLICABLE_ORGANIZATION,NO_MIDDLE_NAME,NOT_APPLICABLE_ORGANIZATION,Volkov Group,1900-01-01,Synthetic City B,RU,379 Watchlist Street,Synthetic City A,RU,SYN-P-70478684,SYN-N-626071861,Volkov Global Holdings,Internal Watchlist,Synthetic prototype record,Synthetic Prototype,2024-01-01,1,High,0
WL000448,Individual,Omar Abramov,Omar,NO_MIDDLE_NAME,Abramov,Omar Abramov,1978-04-12,Unknown,KP,169 Watchlist Street,Synthetic City A,RU,SYN-P-55401586,SYN-N-891775116,NOT_APPLICABLE_INDIVIDUAL,Synthetic Global,Synthetic prototype record,Synthetic Prototype,2024-01-01,1,Critical,1
WL000449,Individual,Farid Sokolov,Farid,NO_MIDDLE_NAME,Sokolov,Farid Sokolov,1978-04-12,Synthetic City B,RU,138 Watchlist Street,Synthetic City B,SY,SYN-P-20460857,SYN-N-581170653,NOT_APPLICABLE_INDIVIDUAL,Internal Watchlist,Synthetic prototype record,Synthetic Prototype,2024-01-01,1,High,1
WL000450,Individual,Hassan Haddad,Hassan,NO_MIDDLE_NAME,Haddad,Hassan Haddad,1978-04-12,Synthetic City B,SY,133 Watchlist Street,Synthetic City A,RU,SYN-P-82291341,SYN-N-055008260,NOT_APPLICABLE_INDIVIDUAL,Synthetic Global,Synthetic prototype record,Synthetic Prototype,2024-01-01,1,High,1
WL000451,Individual,Hassan Abramov,Hassan,NO_MIDDLE_NAME,Abramov,Hassan Abramov,1978-04-12,Unknown,KP,340 Watchlist Street,Synthetic City B,RU,SYN-P-54048159,SYN-N-020160357,NOT_APPLICABLE_INDIVIDUAL,Synthetic Regional,Synthetic prototype record,Synthetic Prototype,2024-01-01,1,Critical,1
WL000452,Individual,Omar Volkov,Omar,NO_MIDDLE_NAME,Volkov,Omar Volkov,1978-04-12,Unknown,RU,113 Watchlist Street,Synthetic City A,RU,SYN-P-42600168,SYN-N-174223653,NOT_APPLICABLE_INDIVIDUAL,Synthetic Global,Synthetic prototype record,Synthetic Prototype,2024-01-01,1,High,1
WL000453,Individual,Farid Ivanov,Farid,NO_MIDDLE_NAME,Ivanov,Farid Ivanov,1978-04-12,Synthetic City B,RU,142 Watchlist Street,Synthetic City A,RU,SYN-P-51626692,SYN-N-757450530,NOT_APPLICABLE_INDIVIDUAL,Synthetic Global,Synthetic prototype record,Synthetic Prototype,2024-01-01,1,High,1
WL000454,Individual,Omar Karimov,Omar,NO_MIDDLE_NAME,Karimov,Omar Karimov,1978-04-12,Synthetic City B,SY,70 Watchlist Street,Synthetic City A,SY,SYN-P-08358470,SYN-N-091299112,NOT_APPLICABLE_INDIVIDUAL,Internal Watchlist,Synthetic prototype record,Synthetic Prototype,2024-01-01,1,Critical,1
WL000455,Individual,Farid Ivanov,Farid,NO_MIDDLE_NAME,Ivanov,Farid Ivanov,1978-04-12,Unknown,KP,246 Watchlist Street,Synthetic City A,KP,SYN-P-71082035,SYN-N-069084559,NOT_APPLICABLE_INDIVIDUAL,Internal Watchlist,Synthetic prototype record,Synthetic Prototype,2024-01-01,0,Critical,1
WL000456,Organization,Petrov Global Holdings,NOT_APPLICABLE_ORGANIZATION,NO_MIDDLE_NAME,NOT_APPLICABLE_ORGANIZATION,Petrov Group,1900-01-01,Synthetic City B,RU,65 Watchlist Street,Synthetic City A,RU,SYN-P-45759144,SYN-N-148670052,Petrov Global Holdings,Synthetic Global,Synthetic prototype record,Synthetic Prototype,2024-01-01,1,High,0
WL000457,Organization,Karimov Global Holdings,NOT_APPLICABLE_ORGANIZATION,NO_MIDDLE_NAME,NOT_APPLICABLE_ORGANIZATION,Karimov Group,1900-01-01,Synthetic City A,KP,206 Watchlist Street,Synthetic City B,RU,SYN-P-84690187,SYN-N-265423746,Karimov Global Holdings,Synthetic Regional,Synthetic prototype record,Synthetic Prototype,2024-01-01,1,High,0
WL000458,Individual,Ivan Volkov,Ivan,NO_MIDDLE_NAME,Volkov,Ivan Volkov,1978-04-12,Synthetic City A,RU,394 Watchlist Street,Synthetic City A,RU,SYN-P-10303354,SYN-N-128890449,NOT_APPLICABLE_INDIVIDUAL,Synthetic Regional,Synthetic prototype record,Synthetic Prototype,2024-01-01,1,Critical,1
WL000459,Individual,Laila Sokolov,Laila,NO_MIDDLE_NAME,Sokolov,Laila Sokolov,1978-04-12,Unknown,RU,335 Watchlist Street,Synthetic City A,SY,SYN-P-55288606,SYN-N-085015880,NOT_APPLICABLE_INDIVIDUAL,Synthetic Regional,Synthetic prototype record,Synthetic Prototype,2024-01-01,1,High,1
WL000460,Individual,Farid Haddad,Farid,NO_MIDDLE_NAME,Haddad,Farid Haddad,1978-04-12,Synthetic City B,RU,366 Watchlist Street,Synthetic City A,KP,SYN-P-60830803,SYN-N-177973126,NOT_APPLICABLE_INDIVIDUAL,Synthetic Regional,Synthetic prototype record,Synthetic Prototype,2024-01-01,1,Critical,1
WL000461,Individual,Sergei Petrov,Sergei,NO_MIDDLE_NAME,Petrov,Sergei Petrov,1978-04-12,Synthetic City A,KP,134 Watchlist Street,Synthetic City B,RU,SYN-P-49416010,SYN-N-707234873,NOT_APPLICABLE_INDIVIDUAL,Synthetic Global,Synthetic prototype record,Synthetic Prototype,2024-01-01,1,High,1
WL000462,Individual,Ivan Abramov,Ivan,NO_MIDDLE_NAME,Abramov,Ivan Abramov,1978-04-12,Synthetic City B,RU,212 Watchlist Street,Synthetic City B,KP,SYN-P-94969048,SYN-N-017114388,NOT_APPLICABLE_INDIVIDUAL,Synthetic Regional,Synthetic prototype record,Synthetic Prototype,2024-01-01,1,Critical,1
WL000463,Individual,Omar Haddad,Omar,NO_MIDDLE_NAME,Haddad,Omar Haddad,1978-04-12,Synthetic City A,RU,146 Watchlist Street,Synthetic City B,SY,SYN-P-07074484,SYN-N-237507167,NOT_APPLICABLE_INDIVIDUAL,Synthetic Regional,Synthetic prototype record,Synthetic Prototype,2024-01-01,1,Critical,1
WL000464,Individual,Sergei Haddad,Sergei,NO_MIDDLE_NAME,Haddad,Sergei Haddad,1978-04-12,Synthetic City A,SY,380 Watchlist Street,Synthetic City A,KP,SYN-P-03766075,SYN-N-890054415,NOT_APPLICABLE_INDIVIDUAL,Synthetic Global,Synthetic prototype record,Synthetic Prototype,2024-01-01,1,High,1
WL000465,Individual,Omar Sokolov,Omar,NO_MIDDLE_NAME,Sokolov,Omar Sokolov,1978-04-12,Synthetic City B,SY,179 Watchlist Street,Synthetic City B,SY,SYN-P-83169825,SYN-N-286360752,NOT_APPLICABLE_INDIVIDUAL,Synthetic Regional,Synthetic prototype record,Synthetic Prototype,2024-01-01,1,High,1
WL000466,Individual,Alexander Karimov,Alexander,NO_MIDDLE_NAME,Karimov,Alexander Karimov,1978-04-12,Synthetic City B,RU,315 Watchlist Street,Synthetic City A,SY,SYN-P-30480289,SYN-N-070692782,NOT_APPLICABLE_INDIVIDUAL,Synthetic Global,Synthetic prototype record,Synthetic Prototype,2024-01-01,1,High,1
WL000467,Individual,Hassan Karimov,Hassan,NO_MIDDLE_NAME,Karimov,Hassan Karimov,1978-04-12,Synthetic City A,KP,233 Watchlist Street,Synthetic City A,SY,SYN-P-89812189,SYN-N-614486993,NOT_APPLICABLE_INDIVIDUAL,Synthetic Global,Synthetic prototype record,Synthetic Prototype,2024-01-01,1,Critical,1
WL000468,Individual,Hassan Petrov,Hassan,NO_MIDDLE_NAME,Petrov,Hassan Petrov,1978-04-12,Synthetic City A,RU,159 Watchlist Street,Synthetic City B,RU,SYN-P-47645942,SYN-N-523041851,NOT_APPLICABLE_INDIVIDUAL,Synthetic Regional,Synthetic prototype record,Synthetic Prototype,2024-01-01,1,Critical,1
WL000469,Individual,Farid Karimov,Farid,NO_MIDDLE_NAME,Karimov,Farid Karimov,1978-04-12,Synthetic City A,RU,41 Watchlist Street,Synthetic City B,RU,SYN-P-94152230,SYN-N-467687411,NOT_APPLICABLE_INDIVIDUAL,Internal Watchlist,Synthetic prototype record,Synthetic Prototype,2024-01-01,1,Critical,1
WL000470,Individual,Hassan Abramov,Hassan,NO_MIDDLE_NAME,Abramov,Hassan Abramov,1978-04-12,Unknown,RU,66 Watchlist Street,Synthetic City A,SY,SYN-P-79160358,SYN-N-233479327,NOT_APPLICABLE_INDIVIDUAL,Internal Watchlist,Synthetic prototype record,Synthetic Prototype,2024-01-01,0,High,1
WL000471,Organization,Abramov Global Holdings,NOT_APPLICABLE_ORGANIZATION,NO_MIDDLE_NAME,NOT_APPLICABLE_ORGANIZATION,Abramov Group,1900-01-01,Unknown,KP,227 Watchlist Street,Synthetic City A,KP,SYN-P-61417077,SYN-N-240324813,Abramov Global Holdings,Internal Watchlist,Synthetic prototype record,Synthetic Prototype,2024-01-01,1,Critical,0
WL000472,Individual,Hassan Sokolov,Hassan,NO_MIDDLE_NAME,Sokolov,Hassan Sokolov,1978-04-12,Synthetic City A,RU,17 Watchlist Street,Synthetic City B,RU,SYN-P-47280100,SYN-N-735355573,NOT_APPLICABLE_INDIVIDUAL,Synthetic Global,Synthetic prototype record,Synthetic Prototype,2024-01-01,1,Critical,1
WL000473,Individual,Omar Haddad,Omar,NO_MIDDLE_NAME,Haddad,Omar Haddad,1978-04-12,Unknown,RU,319 Watchlist Street,Synthetic City B,RU,SYN-P-89205783,SYN-N-067542794,NOT_APPLICABLE_INDIVIDUAL,Synthetic Global,Synthetic prototype record,Synthetic Prototype,2024-01-01,1,Critical,1
WL000474,Individual,Karim Bashir,Karim,NO_MIDDLE_NAME,Bashir,Karim Bashir,1978-04-12,Unknown,KP,106 Watchlist Street,Synthetic City A,KP,SYN-P-29761628,SYN-N-440865018,NOT_APPLICABLE_INDIVIDUAL,Synthetic Global,Synthetic prototype record,Synthetic Prototype,2024-01-01,1,Critical,1
WL000475,Individual,Omar Ivanov,Omar,NO_MIDDLE_NAME,Ivanov,Omar Ivanov,1978-04-12,Unknown,RU,53 Watchlist Street,Synthetic City A,KP,SYN-P-09569358,SYN-N-234842631,NOT_APPLICABLE_INDIVIDUAL,Internal Watchlist,Synthetic prototype record,Synthetic Prototype,2024-01-01,1,High,1
WL000476,Individual,Alexander Karimov,Alexander,NO_MIDDLE_NAME,Karimov,Alexander Karimov,1978-04-12,Synthetic City A,KP,209 Watchlist Street,Synthetic City A,SY,SYN-P-78609769,SYN-N-714144851,NOT_APPLICABLE_INDIVIDUAL,Synthetic Regional,Synthetic prototype record,Synthetic Prototype,2024-01-01,1,High,1
WL000477,Organization,Volkov Global Holdings,NOT_APPLICABLE_ORGANIZATION,NO_MIDDLE_NAME,NOT_APPLICABLE_ORGANIZATION,Volkov Group,1900-01-01,Unknown,SY,112 Watchlist Street,Synthetic City B,SY,SYN-P-74594482,SYN-N-684387846,Volkov Global Holdings,Internal Watchlist,Synthetic prototype record,Synthetic Prototype,2024-01-01,0,Critical,0
WL000478,Individual,Elena Haddad,Elena,NO_MIDDLE_NAME,Haddad,Elena Haddad,1978-04-12,Synthetic City B,RU,217 Watchlist Street,Synthetic City B,SY,SYN-P-17444345,SYN-N-695615784,NOT_APPLICABLE_INDIVIDUAL,Synthetic Global,Synthetic prototype record,Synthetic Prototype,2024-01-01,1,High,1
WL000479,Individual,Hassan Bashir,Hassan,NO_MIDDLE_NAME,Bashir,Hassan Bashir,1978-04-12,Synthetic City A,KP,182 Watchlist Street,Synthetic City A,SY,SYN-P-04926610,SYN-N-429258186,NOT_APPLICABLE_INDIVIDUAL,Internal Watchlist,Synthetic prototype record,Synthetic Prototype,2024-01-01,1,High,1
WL000480,Individual,Dmitri Bashir,Dmitri,NO_MIDDLE_NAME,Bashir,Dmitri Bashir,1978-04-12,Synthetic City A,RU,353 Watchlist Street,Synthetic City B,KP,SYN-P-30622745,SYN-N-496378880,NOT_APPLICABLE_INDIVIDUAL,Internal Watchlist,Synthetic prototype record,Synthetic Prototype,2024-01-01,1,High,1
WL000481,Individual,Karim Petrov,Karim,NO_MIDDLE_NAME,Petrov,Karim Petrov,1978-04-12,Synthetic City B,SY,186 Watchlist Street,Synthetic City A,SY,SYN-P-30239947,SYN-N-402124671,NOT_APPLICABLE_INDIVIDUAL,Synthetic Global,Synthetic prototype record,Synthetic Prototype,2024-01-01,1,High,1
WL000482,Individual,Ivan Petrov,Ivan,NO_MIDDLE_NAME,Petrov,Ivan Petrov,1978-04-12,Synthetic City B,SY,255 Watchlist Street,Synthetic City B,RU,SYN-P-27094445,SYN-N-189708791,NOT_APPLICABLE_INDIVIDUAL,Synthetic Global,Synthetic prototype record,Synthetic Prototype,2024-01-01,1,High,1
WL000483,Organization,Haddad Global Holdings,NOT_APPLICABLE_ORGANIZATION,NO_MIDDLE_NAME,NOT_APPLICABLE_ORGANIZATION,Haddad Group,1900-01-01,Synthetic City A,RU,150 Watchlist Street,Synthetic City B,SY,SYN-P-40317717,SYN-N-189419577,Haddad Global Holdings,Synthetic Regional,Synthetic prototype record,Synthetic Prototype,2024-01-01,1,Critical,0
WL000484,Individual,Karim Bashir,Karim,NO_MIDDLE_NAME,Bashir,Karim Bashir,1978-04-12,Unknown,SY,260 Watchlist Street,Synthetic City B,RU,SYN-P-18472936,SYN-N-583772433,NOT_APPLICABLE_INDIVIDUAL,Internal Watchlist,Synthetic prototype record,Synthetic Prototype,2024-01-01,1,High,1
WL000485,Individual,Farid Karimov,Farid,NO_MIDDLE_NAME,Karimov,Farid Karimov,1978-04-12,Unknown,SY,68 Watchlist Street,Synthetic City A,RU,SYN-P-79254351,SYN-N-001845513,NOT_APPLICABLE_INDIVIDUAL,Internal Watchlist,Synthetic prototype record,Synthetic Prototype,2024-01-01,1,High,1
WL000486,Individual,Karim Bashir,Karim,NO_MIDDLE_NAME,Bashir,Karim Bashir,1978-04-12,Synthetic City A,RU,46 Watchlist Street,Synthetic City A,RU,SYN-P-32603291,SYN-N-659828755,NOT_APPLICABLE_INDIVIDUAL,Synthetic Global,Synthetic prototype record,Synthetic Prototype,2024-01-01,1,Critical,1
WL000487,Individual,Ivan Bashir,Ivan,NO_MIDDLE_NAME,Bashir,Ivan Bashir,1978-04-12,Synthetic City B,KP,221 Watchlist Street,Synthetic City B,SY,SYN-P-98340630,SYN-N-960366144,NOT_APPLICABLE_INDIVIDUAL,Internal Watchlist,Synthetic prototype record,Synthetic Prototype,2024-01-01,1,Critical,1
WL000488,Individual,Omar Volkov,Omar,NO_MIDDLE_NAME,Volkov,Omar Volkov,1978-04-12,Synthetic City A,KP,358 Watchlist Street,Synthetic City A,KP,SYN-P-70562981,SYN-N-542513159,NOT_APPLICABLE_INDIVIDUAL,Synthetic Regional,Synthetic prototype record,Synthetic Prototype,2024-01-01,1,High,1
WL000489,Organization,Bashir Global Holdings,NOT_APPLICABLE_ORGANIZATION,NO_MIDDLE_NAME,NOT_APPLICABLE_ORGANIZATION,Bashir Group,1900-01-01,Synthetic City A,SY,398 Watchlist Street,Synthetic City B,KP,SYN-P-84892786,SYN-N-090726555,Bashir Global Holdings,Synthetic Regional,Synthetic prototype record,Synthetic Prototype,2024-01-01,0,High,0
WL000490,Individual,Sergei Karimov,Sergei,NO_MIDDLE_NAME,Karimov,Sergei Karimov,1978-04-12,Unknown,SY,345 Watchlist Street,Synthetic City B,KP,SYN-P-39218128,SYN-N-977333556,NOT_APPLICABLE_INDIVIDUAL,Synthetic Regional,Synthetic prototype record,Synthetic Prototype,2024-01-01,1,Critical,1
WL000491,Individual,Laila Abramov,Laila,NO_MIDDLE_NAME,Abramov,Laila Abramov,1978-04-12,Synthetic City A,SY,136 Watchlist Street,Synthetic City B,RU,SYN-P-49977472,SYN-N-104272073,NOT_APPLICABLE_INDIVIDUAL,Internal Watchlist,Synthetic prototype record,Synthetic Prototype,2024-01-01,0,High,1
WL000492,Individual,Alexander Bashir,Alexander,NO_MIDDLE_NAME,Bashir,Alexander Bashir,1978-04-12,Synthetic City A,SY,90 Watchlist Street,Synthetic City A,RU,SYN-P-31076693,SYN-N-090759038,NOT_APPLICABLE_INDIVIDUAL,Synthetic Global,Synthetic prototype record,Synthetic Prototype,2024-01-01,1,High,1
WL000493,Individual,Ivan Sokolov,Ivan,NO_MIDDLE_NAME,Sokolov,Ivan Sokolov,1978-04-12,Synthetic City B,KP,195 Watchlist Street,Synthetic City A,SY,SYN-P-13009477,SYN-N-329138802,NOT_APPLICABLE_INDIVIDUAL,Synthetic Regional,Synthetic prototype record,Synthetic Prototype,2024-01-01,1,High,1
WL000494,Individual,Farid Abramov,Farid,NO_MIDDLE_NAME,Abramov,Farid Abramov,1978-04-12,Synthetic City B,RU,181 Watchlist Street,Synthetic City A,KP,SYN-P-10359644,SYN-N-895180733,NOT_APPLICABLE_INDIVIDUAL,Synthetic Regional,Synthetic prototype record,Synthetic Prototype,2024-01-01,1,High,1
WL000495,Individual,Alexander Haddad,Alexander,NO_MIDDLE_NAME,Haddad,Alexander Haddad,1978-04-12,Synthetic City B,KP,138 Watchlist Street,Synthetic City B,RU,SYN-P-88723840,SYN-N-047975239,NOT_APPLICABLE_INDIVIDUAL,Internal Watchlist,Synthetic prototype record,Synthetic Prototype,2024-01-01,1,High,1
WL000496,Organization,Ivanov Global Holdings,NOT_APPLICABLE_ORGANIZATION,NO_MIDDLE_NAME,NOT_APPLICABLE_ORGANIZATION,Ivanov Group,1900-01-01,Unknown,RU,69 Watchlist Street,Synthetic City A,KP,SYN-P-73124737,SYN-N-484950281,Ivanov Global Holdings,Internal Watchlist,Synthetic prototype record,Synthetic Prototype,2024-01-01,0,High,0
WL000497,Individual,Dmitri Abramov,Dmitri,NO_MIDDLE_NAME,Abramov,Dmitri Abramov,1978-04-12,Unknown,SY,391 Watchlist Street,Synthetic City A,RU,SYN-P-67795399,SYN-N-295902070,NOT_APPLICABLE_INDIVIDUAL,Internal Watchlist,Synthetic prototype record,Synthetic Prototype,2024-01-01,0,High,1
WL000498,Organization,Ivanov Global Holdings,NOT_APPLICABLE_ORGANIZATION,NO_MIDDLE_NAME,NOT_APPLICABLE_ORGANIZATION,Ivanov Group,1900-01-01,Unknown,SY,292 Watchlist Street,Synthetic City A,SY,SYN-P-18473879,SYN-N-633656258,Ivanov Global Holdings,Internal Watchlist,Synthetic prototype record,Synthetic Prototype,2024-01-01,1,Critical,0
WL000499,Individual,Elena Ivanov,Elena,NO_MIDDLE_NAME,Ivanov,Elena Ivanov,1978-04-12,Synthetic City A,RU,300 Watchlist Street,Synthetic City B,SY,SYN-P-86134549,SYN-N-018029627,NOT_APPLICABLE_INDIVIDUAL,Synthetic Global,Synthetic prototype record,Synthetic Prototype,2024-01-01,1,High,1
WL000500,Individual,Sergei Haddad,Sergei,NO_MIDDLE_NAME,Haddad,Sergei Haddad,1978-04-12,Unknown,KP,395 Watchlist Street,Synthetic City A,KP,SYN-P-30150630,SYN-N-134731432,NOT_APPLICABLE_INDIVIDUAL,Synthetic Regional,Synthetic prototype record,Synthetic Prototype,2024-01-01,1,High,1
WL000501,Individual,Farid Ivanov,Farid,NO_MIDDLE_NAME,Ivanov,Farid Ivanov,1978-04-12,Synthetic City A,SY,19 Watchlist Street,Synthetic City B,SY,SYN-P-62830165,SYN-N-312883407,NOT_APPLICABLE_INDIVIDUAL,Synthetic Global,Synthetic prototype record,Synthetic Prototype,2024-01-01,1,Critical,1
WL000502,Organization,Petrov Global Holdings,NOT_APPLICABLE_ORGANIZATION,NO_MIDDLE_NAME,NOT_APPLICABLE_ORGANIZATION,Petrov Group,1900-01-01,Synthetic City A,RU,66 Watchlist Street,Synthetic City B,KP,SYN-P-63699654,SYN-N-833710407,Petrov Global Holdings,Synthetic Regional,Synthetic prototype record,Synthetic Prototype,2024-01-01,1,Critical,0
WL000503,Organization,Karimov Global Holdings,NOT_APPLICABLE_ORGANIZATION,NO_MIDDLE_NAME,NOT_APPLICABLE_ORGANIZATION,Karimov Group,1900-01-01,Synthetic City A,SY,157 Watchlist Street,Synthetic City B,SY,SYN-P-44967704,SYN-N-009947185,Karimov Global Holdings,Synthetic Global,Synthetic prototype record,Synthetic Prototype,2024-01-01,1,Critical,0
WL000504,Organization,Bashir Global Holdings,NOT_APPLICABLE_ORGANIZATION,NO_MIDDLE_NAME,NOT_APPLICABLE_ORGANIZATION,Bashir Group,1900-01-01,Unknown,RU,163 Watchlist Street,Synthetic City A,RU,SYN-P-95092364,SYN-N-825687251,Bashir Global Holdings,Internal Watchlist,Synthetic prototype record,Synthetic Prototype,2024-01-01,1,High,0
WL000505,Organization,Volkov Global Holdings,NOT_APPLICABLE_ORGANIZATION,NO_MIDDLE_NAME,NOT_APPLICABLE_ORGANIZATION,Volkov Group,1900-01-01,Synthetic City A,RU,87 Watchlist Street,Synthetic City A,SY,SYN-P-49878428,SYN-N-057431554,Volkov Global Holdings,Synthetic Regional,Synthetic prototype record,Synthetic Prototype,2024-01-01,1,High,0
WL000506,Individual,Alexander Ivanov,Alexander,NO_MIDDLE_NAME,Ivanov,Alexander Ivanov,1978-04-12,Synthetic City B,RU,91 Watchlist Street,Synthetic City B,RU,SYN-P-62187624,SYN-N-126372010,NOT_APPLICABLE_INDIVIDUAL,Synthetic Global,Synthetic prototype record,Synthetic Prototype,2024-01-01,1,Critical,1
WL000507,Individual,Farid Bashir,Farid,NO_MIDDLE_NAME,Bashir,Farid Bashir,1978-04-12,Unknown,SY,345 Watchlist Street,Synthetic City A,SY,SYN-P-61129127,SYN-N-708366628,NOT_APPLICABLE_INDIVIDUAL,Synthetic Global,Synthetic prototype record,Synthetic Prototype,2024-01-01,1,High,1
WL000508,Organization,Volkov Global Holdings,NOT_APPLICABLE_ORGANIZATION,NO_MIDDLE_NAME,NOT_APPLICABLE_ORGANIZATION,Volkov Group,1900-01-01,Synthetic City B,KP,59 Watchlist Street,Synthetic City A,SY,SYN-P-35979372,SYN-N-454392623,Volkov Global Holdings,Internal Watchlist,Synthetic prototype record,Synthetic Prototype,2024-01-01,1,Critical,0
WL000509,Individual,Ivan Ivanov,Ivan,NO_MIDDLE_NAME,Ivanov,Ivan Ivanov,1978-04-12,Unknown,SY,373 Watchlist Street,Synthetic City B,KP,SYN-P-70295342,SYN-N-521556651,NOT_APPLICABLE_INDIVIDUAL,Synthetic Regional,Synthetic prototype record,Synthetic Prototype,2024-01-01,1,High,1
WL000510,Individual,Alexander Bashir,Alexander,NO_MIDDLE_NAME,Bashir,Alexander Bashir,1978-04-12,Unknown,KP,166 Watchlist Street,Synthetic City A,SY,SYN-P-65792646,SYN-N-579039727,NOT_APPLICABLE_INDIVIDUAL,Synthetic Regional,Synthetic prototype record,Synthetic Prototype,2024-01-01,1,Critical,1
WL000511,Organization,Sokolov Global Holdings,NOT_APPLICABLE_ORGANIZATION,NO_MIDDLE_NAME,NOT_APPLICABLE_ORGANIZATION,Sokolov Group,1900-01-01,Synthetic City B,KP,285 Watchlist Street,Synthetic City B,RU,SYN-P-70969562,SYN-N-944616233,Sokolov Global Holdings,Internal Watchlist,Synthetic prototype record,Synthetic Prototype,2024-01-01,1,High,0
WL000512,Organization,Abramov Global Holdings,NOT_APPLICABLE_ORGANIZATION,NO_MIDDLE_NAME,NOT_APPLICABLE_ORGANIZATION,Abramov Group,1900-01-01,Synthetic City B,KP,344 Watchlist Street,Synthetic City B,SY,SYN-P-16321175,SYN-N-649947219,Abramov Global Holdings,Synthetic Regional,Synthetic prototype record,Synthetic Prototype,2024-01-01,1,Critical,0
WL000513,Individual,Hassan Volkov,Hassan,NO_MIDDLE_NAME,Volkov,Hassan Volkov,1978-04-12,Synthetic City B,KP,8 Watchlist Street,Synthetic City A,RU,SYN-P-40551101,SYN-N-101596507,NOT_APPLICABLE_INDIVIDUAL,Synthetic Regional,Synthetic prototype record,Synthetic Prototype,2024-01-01,1,Critical,1
WL000514,Organization,Haddad Global Holdings,NOT_APPLICABLE_ORGANIZATION,NO_MIDDLE_NAME,NOT_APPLICABLE_ORGANIZATION,Haddad Group,1900-01-01,Synthetic City B,KP,130 Watchlist Street,Synthetic City B,KP,SYN-P-78647278,SYN-N-378161149,Haddad Global Holdings,Synthetic Regional,Synthetic prototype record,Synthetic Prototype,2024-01-01,1,High,0
WL000515,Individual,Karim Petrov,Karim,NO_MIDDLE_NAME,Petrov,Karim Petrov,1978-04-12,Unknown,RU,53 Watchlist Street,Synthetic City A,SY,SYN-P-64856263,SYN-N-344853348,NOT_APPLICABLE_INDIVIDUAL,Synthetic Regional,Synthetic prototype record,Synthetic Prototype,2024-01-01,1,Critical,1
WL000516,Individual,Karim Bashir,Karim,NO_MIDDLE_NAME,Bashir,Karim Bashir,1978-04-12,Unknown,KP,190 Watchlist Street,Synthetic City A,RU,SYN-P-49808950,SYN-N-469407021,NOT_APPLICABLE_INDIVIDUAL,Synthetic Regional,Synthetic prototype record,Synthetic Prototype,2024-01-01,1,High,1
WL000517,Organization,Karimov Global Holdings,NOT_APPLICABLE_ORGANIZATION,NO_MIDDLE_NAME,NOT_APPLICABLE_ORGANIZATION,Karimov Group,1900-01-01,Synthetic City A,SY,225 Watchlist Street,Synthetic City A,SY,SYN-P-60958681,SYN-N-277609534,Karimov Global Holdings,Internal Watchlist,Synthetic prototype record,Synthetic Prototype,2024-01-01,1,Critical,0
WL000518,Individual,Omar Haddad,Omar,NO_MIDDLE_NAME,Haddad,Omar Haddad,1978-04-12,Synthetic City A,KP,88 Watchlist Street,Synthetic City A,SY,SYN-P-25210712,SYN-N-249016812,NOT_APPLICABLE_INDIVIDUAL,Internal Watchlist,Synthetic prototype record,Synthetic Prototype,2024-01-01,1,High,1
WL000519,Individual,Dmitri Karimov,Dmitri,NO_MIDDLE_NAME,Karimov,Dmitri Karimov,1978-04-12,Synthetic City B,KP,281 Watchlist Street,Synthetic City A,KP,SYN-P-38411575,SYN-N-352576037,NOT_APPLICABLE_INDIVIDUAL,Synthetic Regional,Synthetic prototype record,Synthetic Prototype,2024-01-01,1,High,1
WL000520,Individual,Laila Ivanov,Laila,NO_MIDDLE_NAME,Ivanov,Laila Ivanov,1978-04-12,Unknown,RU,359 Watchlist Street,Synthetic City B,RU,SYN-P-41370889,SYN-N-877916737,NOT_APPLICABLE_INDIVIDUAL,Internal Watchlist,Synthetic prototype record,Synthetic Prototype,2024-01-01,1,Critical,1
WL000521,Individual,Karim Bashir,Karim,NO_MIDDLE_NAME,Bashir,Karim Bashir,1978-04-12,Unknown,KP,41 Watchlist Street,Synthetic City A,SY,SYN-P-81916870,SYN-N-474990471,NOT_APPLICABLE_INDIVIDUAL,Internal Watchlist,Synthetic prototype record,Synthetic Prototype,2024-01-01,1,Critical,1
WL000522,Organization,Volkov Global Holdings,NOT_APPLICABLE_ORGANIZATION,NO_MIDDLE_NAME,NOT_APPLICABLE_ORGANIZATION,Volkov Group,1900-01-01,Synthetic City A,SY,125 Watchlist Street,Synthetic City B,RU,SYN-P-20793955,SYN-N-425893755,Volkov Global Holdings,Synthetic Global,Synthetic prototype record,Synthetic Prototype,2024-01-01,1,High,0
WL000523,Individual,Elena Ivanov,Elena,NO_MIDDLE_NAME,Ivanov,Elena Ivanov,1978-04-12,Synthetic City B,RU,214 Watchlist Street,Synthetic City A,RU,SYN-P-04186262,SYN-N-261185646,NOT_APPLICABLE_INDIVIDUAL,Synthetic Global,Synthetic prototype record,Synthetic Prototype,2024-01-01,1,High,1
WL000524,Individual,Alexander Bashir,Alexander,NO_MIDDLE_NAME,Bashir,Alexander Bashir,1978-04-12,Synthetic City B,SY,102 Watchlist Street,Synthetic City A,SY,SYN-P-65042340,SYN-N-884894289,NOT_APPLICABLE_INDIVIDUAL,Synthetic Regional,Synthetic prototype record,Synthetic Prototype,2024-01-01,1,Critical,1
WL000525,Individual,Laila Karimov,Laila,NO_MIDDLE_NAME,Karimov,Laila Karimov,1978-04-12,Unknown,RU,227 Watchlist Street,Synthetic City A,SY,SYN-P-46337827,SYN-N-704866092,NOT_APPLICABLE_INDIVIDUAL,Synthetic Regional,Synthetic prototype record,Synthetic Prototype,2024-01-01,1,High,1
WL000526,Individual,Laila Karimov,Laila,NO_MIDDLE_NAME,Karimov,Laila Karimov,1978-04-12,Unknown,RU,95 Watchlist Street,Synthetic City B,SY,SYN-P-96135636,SYN-N-588808618,NOT_APPLICABLE_INDIVIDUAL,Internal Watchlist,Synthetic prototype record,Synthetic Prototype,2024-01-01,0,Critical,1
WL000527,Individual,Elena Petrov,Elena,NO_MIDDLE_NAME,Petrov,Elena Petrov,1978-04-12,Unknown,SY,262 Watchlist Street,Synthetic City B,RU,SYN-P-00631547,SYN-N-859784045,NOT_APPLICABLE_INDIVIDUAL,Synthetic Global,Synthetic prototype record,Synthetic Prototype,2024-01-01,1,Critical,1
WL000528,Organization,Abramov Global Holdings,NOT_APPLICABLE_ORGANIZATION,NO_MIDDLE_NAME,NOT_APPLICABLE_ORGANIZATION,Abramov Group,1900-01-01,Synthetic City B,RU,136 Watchlist Street,Synthetic City A,RU,SYN-P-40903795,SYN-N-255485225,Abramov Global Holdings,Internal Watchlist,Synthetic prototype record,Synthetic Prototype,2024-01-01,1,High,0
WL000529,Individual,Dmitri Sokolov,Dmitri,NO_MIDDLE_NAME,Sokolov,Dmitri Sokolov,1978-04-12,Synthetic City A,KP,251 Watchlist Street,Synthetic City A,SY,SYN-P-60604598,SYN-N-912866447,NOT_APPLICABLE_INDIVIDUAL,Synthetic Global,Synthetic prototype record,Synthetic Prototype,2024-01-01,1,Critical,1
WL000530,Individual,Sergei Bashir,Sergei,NO_MIDDLE_NAME,Bashir,Sergei Bashir,1978-04-12,Unknown,RU,166 Watchlist Street,Synthetic City B,KP,SYN-P-78421064,SYN-N-389669318,NOT_APPLICABLE_INDIVIDUAL,Internal Watchlist,Synthetic prototype record,Synthetic Prototype,2024-01-01,1,High,1
WL000531,Individual,Sergei Volkov,Sergei,NO_MIDDLE_NAME,Volkov,Sergei Volkov,1978-04-12,Synthetic City B,KP,159 Watchlist Street,Synthetic City B,RU,SYN-P-46608859,SYN-N-206754550,NOT_APPLICABLE_INDIVIDUAL,Synthetic Global,Synthetic prototype record,Synthetic Prototype,2024-01-01,1,High,1
WL000532,Organization,Petrov Global Holdings,NOT_APPLICABLE_ORGANIZATION,NO_MIDDLE_NAME,NOT_APPLICABLE_ORGANIZATION,Petrov Group,1900-01-01,Synthetic City B,KP,32 Watchlist Street,Synthetic City B,KP,SYN-P-20234648,SYN-N-386999293,Petrov Global Holdings,Synthetic Global,Synthetic prototype record,Synthetic Prototype,2024-01-01,1,Critical,0
WL000533,Individual,Hassan Sokolov,Hassan,NO_MIDDLE_NAME,Sokolov,Hassan Sokolov,1978-04-12,Synthetic City B,SY,309 Watchlist Street,Synthetic City A,SY,SYN-P-42128841,SYN-N-430004044,NOT_APPLICABLE_INDIVIDUAL,Synthetic Regional,Synthetic prototype record,Synthetic Prototype,2024-01-01,1,High,1
WL000534,Individual,Dmitri Karimov,Dmitri,NO_MIDDLE_NAME,Karimov,Dmitri Karimov,1978-04-12,Synthetic City A,RU,166 Watchlist Street,Synthetic City A,KP,SYN-P-27995458,SYN-N-247192267,NOT_APPLICABLE_INDIVIDUAL,Synthetic Global,Synthetic prototype record,Synthetic Prototype,2024-01-01,1,Critical,1
WL000535,Individual,Alexander Karimov,Alexander,NO_MIDDLE_NAME,Karimov,Alexander Karimov,1978-04-12,Synthetic City A,KP,277 Watchlist Street,Synthetic City A,SY,SYN-P-82000741,SYN-N-501753600,NOT_APPLICABLE_INDIVIDUAL,Synthetic Global,Synthetic prototype record,Synthetic Prototype,2024-01-01,1,High,1
WL000536,Individual,Omar Ivanov,Omar,NO_MIDDLE_NAME,Ivanov,Omar Ivanov,1978-04-12,Synthetic City B,SY,13 Watchlist Street,Synthetic City A,RU,SYN-P-04889457,SYN-N-515386222,NOT_APPLICABLE_INDIVIDUAL,Synthetic Global,Synthetic prototype record,Synthetic Prototype,2024-01-01,0,Critical,1
WL000537,Individual,Alexander Bashir,Alexander,NO_MIDDLE_NAME,Bashir,Alexander Bashir,1978-04-12,Unknown,RU,104 Watchlist Street,Synthetic City A,KP,SYN-P-19850689,SYN-N-241040332,NOT_APPLICABLE_INDIVIDUAL,Synthetic Global,Synthetic prototype record,Synthetic Prototype,2024-01-01,1,High,1
WL000538,Organization,Petrov Global Holdings,NOT_APPLICABLE_ORGANIZATION,NO_MIDDLE_NAME,NOT_APPLICABLE_ORGANIZATION,Petrov Group,1900-01-01,Unknown,KP,303 Watchlist Street,Synthetic City A,KP,SYN-P-76646261,SYN-N-584517450,Petrov Global Holdings,Internal Watchlist,Synthetic prototype record,Synthetic Prototype,2024-01-01,1,Critical,0
WL000539,Individual,Dmitri Karimov,Dmitri,NO_MIDDLE_NAME,Karimov,Dmitri Karimov,1978-04-12,Synthetic City B,SY,65 Watchlist Street,Synthetic City B,KP,SYN-P-47979114,SYN-N-177974004,NOT_APPLICABLE_INDIVIDUAL,Synthetic Regional,Synthetic prototype record,Synthetic Prototype,2024-01-01,1,High,1
WL000540,Organization,Ivanov Global Holdings,NOT_APPLICABLE_ORGANIZATION,NO_MIDDLE_NAME,NOT_APPLICABLE_ORGANIZATION,Ivanov Group,1900-01-01,Unknown,KP,107 Watchlist Street,Synthetic City A,KP,SYN-P-63542766,SYN-N-293081292,Ivanov Global Holdings,Synthetic Global,Synthetic prototype record,Synthetic Prototype,2024-01-01,1,High,0
WL000541,Individual,Laila Sokolov,Laila,NO_MIDDLE_NAME,Sokolov,Laila Sokolov,1978-04-12,Synthetic City B,RU,80 Watchlist Street,Synthetic City A,RU,SYN-P-69765569,SYN-N-445878751,NOT_APPLICABLE_INDIVIDUAL,Synthetic Regional,Synthetic prototype record,Synthetic Prototype,2024-01-01,1,High,1
WL000542,Individual,Hassan Haddad,Hassan,NO_MIDDLE_NAME,Haddad,Hassan Haddad,1978-04-12,Synthetic City A,RU,207 Watchlist Street,Synthetic City B,SY,SYN-P-14318763,SYN-N-308074258,NOT_APPLICABLE_INDIVIDUAL,Synthetic Global,Synthetic prototype record,Synthetic Prototype,2024-01-01,1,Critical,1
WL000543,Individual,Farid Ivanov,Farid,NO_MIDDLE_NAME,Ivanov,Farid Ivanov,1978-04-12,Synthetic City B,RU,219 Watchlist Street,Synthetic City A,KP,SYN-P-57103816,SYN-N-209991659,NOT_APPLICABLE_INDIVIDUAL,Synthetic Regional,Synthetic prototype record,Synthetic Prototype,2024-01-01,1,Critical,1
WL000544,Individual,Sergei Karimov,Sergei,NO_MIDDLE_NAME,Karimov,Sergei Karimov,1978-04-12,Synthetic City A,KP,109 Watchlist Street,Synthetic City A,SY,SYN-P-37313962,SYN-N-601057811,NOT_APPLICABLE_INDIVIDUAL,Synthetic Regional,Synthetic prototype record,Synthetic Prototype,2024-01-01,1,Critical,1
WL000545,Individual,Hassan Sokolov,Hassan,NO_MIDDLE_NAME,Sokolov,Hassan Sokolov,1978-04-12,Synthetic City A,RU,378 Watchlist Street,Synthetic City A,SY,SYN-P-78920610,SYN-N-397872242,NOT_APPLICABLE_INDIVIDUAL,Internal Watchlist,Synthetic prototype record,Synthetic Prototype,2024-01-01,1,High,1
WL000546,Individual,Omar Sokolov,Omar,NO_MIDDLE_NAME,Sokolov,Omar Sokolov,1978-04-12,Synthetic City B,RU,395 Watchlist Street,Synthetic City B,SY,SYN-P-57245185,SYN-N-019155859,NOT_APPLICABLE_INDIVIDUAL,Internal Watchlist,Synthetic prototype record,Synthetic Prototype,2024-01-01,1,Critical,1
WL000547,Individual,Alexander Abramov,Alexander,NO_MIDDLE_NAME,Abramov,Alexander Abramov,1978-04-12,Unknown,RU,260 Watchlist Street,Synthetic City A,KP,SYN-P-53601143,SYN-N-030887894,NOT_APPLICABLE_INDIVIDUAL,Internal Watchlist,Synthetic prototype record,Synthetic Prototype,2024-01-01,1,High,1
WL000548,Organization,Ivanov Global Holdings,NOT_APPLICABLE_ORGANIZATION,NO_MIDDLE_NAME,NOT_APPLICABLE_ORGANIZATION,Ivanov Group,1900-01-01,Unknown,KP,272 Watchlist Street,Synthetic City A,SY,SYN-P-70379625,SYN-N-076906776,Ivanov Global Holdings,Internal Watchlist,Synthetic prototype record,Synthetic Prototype,2024-01-01,1,Critical,0
WL000549,Individual,Laila Volkov,Laila,NO_MIDDLE_NAME,Volkov,Laila Volkov,1978-04-12,Synthetic City B,SY,344 Watchlist Street,Synthetic City A,KP,SYN-P-43901596,SYN-N-743344337,NOT_APPLICABLE_INDIVIDUAL,Synthetic Regional,Synthetic prototype record,Synthetic Prototype,2024-01-01,1,High,1
WL000550,Organization,Petrov Global Holdings,NOT_APPLICABLE_ORGANIZATION,NO_MIDDLE_NAME,NOT_APPLICABLE_ORGANIZATION,Petrov Group,1900-01-01,Synthetic City A,SY,201 Watchlist Street,Synthetic City B,KP,SYN-P-32545013,SYN-N-225739058,Petrov Global Holdings,Synthetic Regional,Synthetic prototype record,Synthetic Prototype,2024-01-01,1,High,0
WL000551,Individual,Laila Haddad,Laila,NO_MIDDLE_NAME,Haddad,Laila Haddad,1978-04-12,Synthetic City A,SY,164 Watchlist Street,Synthetic City B,KP,SYN-P-67898297,SYN-N-367554778,NOT_APPLICABLE_INDIVIDUAL,Synthetic Regional,Synthetic prototype record,Synthetic Prototype,2024-01-01,1,Critical,1
WL000552,Individual,Elena Haddad,Elena,NO_MIDDLE_NAME,Haddad,Elena Haddad,1978-04-12,Synthetic City A,KP,270 Watchlist Street,Synthetic City A,KP,SYN-P-88772091,SYN-N-717090025,NOT_APPLICABLE_INDIVIDUAL,Synthetic Regional,Synthetic prototype record,Synthetic Prototype,2024-01-01,1,High,1
WL000553,Individual,Laila Abramov,Laila,NO_MIDDLE_NAME,Abramov,Laila Abramov,1978-04-12,Unknown,KP,201 Watchlist Street,Synthetic City B,RU,SYN-P-95053284,SYN-N-868382003,NOT_APPLICABLE_INDIVIDUAL,Internal Watchlist,Synthetic prototype record,Synthetic Prototype,2024-01-01,1,Critical,1
WL000554,Individual,Laila Haddad,Laila,NO_MIDDLE_NAME,Haddad,Laila Haddad,1978-04-12,Unknown,RU,272 Watchlist Street,Synthetic City A,SY,SYN-P-28656843,SYN-N-759237685,NOT_APPLICABLE_INDIVIDUAL,Internal Watchlist,Synthetic prototype record,Synthetic Prototype,2024-01-01,1,Critical,1
WL000555,Individual,Omar Karimov,Omar,NO_MIDDLE_NAME,Karimov,Omar Karimov,1978-04-12,Synthetic City B,KP,248 Watchlist Street,Synthetic City A,SY,SYN-P-61308866,SYN-N-571517875,NOT_APPLICABLE_INDIVIDUAL,Synthetic Regional,Synthetic prototype record,Synthetic Prototype,2024-01-01,1,Critical,1
WL000556,Individual,Ivan Abramov,Ivan,NO_MIDDLE_NAME,Abramov,Ivan Abramov,1978-04-12,Synthetic City A,KP,102 Watchlist Street,Synthetic City A,SY,SYN-P-09997801,SYN-N-274233192,NOT_APPLICABLE_INDIVIDUAL,Internal Watchlist,Synthetic prototype record,Synthetic Prototype,2024-01-01,1,Critical,1
WL000557,Individual,Alexander Volkov,Alexander,NO_MIDDLE_NAME,Volkov,Alexander Volkov,1978-04-12,Unknown,KP,191 Watchlist Street,Synthetic City B,SY,SYN-P-65697246,SYN-N-604211270,NOT_APPLICABLE_INDIVIDUAL,Internal Watchlist,Synthetic prototype record,Synthetic Prototype,2024-01-01,1,High,1
WL000558,Individual,Elena Karimov,Elena,NO_MIDDLE_NAME,Karimov,Elena Karimov,1978-04-12,Synthetic City B,RU,275 Watchlist Street,Synthetic City B,KP,SYN-P-24364382,SYN-N-259700900,NOT_APPLICABLE_INDIVIDUAL,Synthetic Regional,Synthetic prototype record,Synthetic Prototype,2024-01-01,1,High,1
WL000559,Individual,Karim Abramov,Karim,NO_MIDDLE_NAME,Abramov,Karim Abramov,1978-04-12,Synthetic City A,SY,375 Watchlist Street,Synthetic City A,KP,SYN-P-86214786,SYN-N-580408246,NOT_APPLICABLE_INDIVIDUAL,Synthetic Regional,Synthetic prototype record,Synthetic Prototype,2024-01-01,1,Critical,1
WL000560,Individual,Farid Sokolov,Farid,NO_MIDDLE_NAME,Sokolov,Farid Sokolov,1978-04-12,Unknown,SY,128 Watchlist Street,Synthetic City B,KP,SYN-P-61168328,SYN-N-086597459,NOT_APPLICABLE_INDIVIDUAL,Synthetic Regional,Synthetic prototype record,Synthetic Prototype,2024-01-01,1,High,1
WL000561,Individual,Laila Volkov,Laila,NO_MIDDLE_NAME,Volkov,Laila Volkov,1978-04-12,Unknown,RU,21 Watchlist Street,Synthetic City A,SY,SYN-P-11310883,SYN-N-300858147,NOT_APPLICABLE_INDIVIDUAL,Synthetic Regional,Synthetic prototype record,Synthetic Prototype,2024-01-01,1,High,1
WL000562,Individual,Hassan Bashir,Hassan,NO_MIDDLE_NAME,Bashir,Hassan Bashir,1978-04-12,Unknown,SY,335 Watchlist Street,Synthetic City A,KP,SYN-P-33396399,SYN-N-645116146,NOT_APPLICABLE_INDIVIDUAL,Synthetic Global,Synthetic prototype record,Synthetic Prototype,2024-01-01,1,Critical,1
WL000563,Individual,Ivan Karimov,Ivan,NO_MIDDLE_NAME,Karimov,Ivan Karimov,1978-04-12,Unknown,KP,340 Watchlist Street,Synthetic City A,SY,SYN-P-55127461,SYN-N-876034647,NOT_APPLICABLE_INDIVIDUAL,Synthetic Regional,Synthetic prototype record,Synthetic Prototype,2024-01-01,1,Critical,1
WL000564,Individual,Karim Volkov,Karim,NO_MIDDLE_NAME,Volkov,Karim Volkov,1978-04-12,Unknown,SY,77 Watchlist Street,Synthetic City A,KP,SYN-P-56527391,SYN-N-299614672,NOT_APPLICABLE_INDIVIDUAL,Internal Watchlist,Synthetic prototype record,Synthetic Prototype,2024-01-01,1,High,1
WL000565,Individual,Laila Petrov,Laila,NO_MIDDLE_NAME,Petrov,Laila Petrov,1978-04-12,Synthetic City A,KP,162 Watchlist Street,Synthetic City A,SY,SYN-P-59810489,SYN-N-206790716,NOT_APPLICABLE_INDIVIDUAL,Internal Watchlist,Synthetic prototype record,Synthetic Prototype,2024-01-01,1,Critical,1
WL000566,Individual,Farid Karimov,Farid,NO_MIDDLE_NAME,Karimov,Farid Karimov,1978-04-12,Synthetic City B,RU,118 Watchlist Street,Synthetic City B,SY,SYN-P-33333668,SYN-N-194644156,NOT_APPLICABLE_INDIVIDUAL,Synthetic Regional,Synthetic prototype record,Synthetic Prototype,2024-01-01,1,Critical,1
WL000567,Individual,Dmitri Karimov,Dmitri,NO_MIDDLE_NAME,Karimov,Dmitri Karimov,1978-04-12,Synthetic City B,RU,50 Watchlist Street,Synthetic City A,SY,SYN-P-22125597,SYN-N-954638718,NOT_APPLICABLE_INDIVIDUAL,Internal Watchlist,Synthetic prototype record,Synthetic Prototype,2024-01-01,1,Critical,1
WL000568,Individual,Ivan Volkov,Ivan,NO_MIDDLE_NAME,Volkov,Ivan Volkov,1978-04-12,Synthetic City A,KP,353 Watchlist Street,Synthetic City B,KP,SYN-P-57047268,SYN-N-963847055,NOT_APPLICABLE_INDIVIDUAL,Synthetic Global,Synthetic prototype record,Synthetic Prototype,2024-01-01,1,Critical,1
WL000569,Individual,Karim Haddad,Karim,NO_MIDDLE_NAME,Haddad,Karim Haddad,1978-04-12,Unknown,SY,331 Watchlist Street,Synthetic City A,SY,SYN-P-29487653,SYN-N-961288928,NOT_APPLICABLE_INDIVIDUAL,Synthetic Regional,Synthetic prototype record,Synthetic Prototype,2024-01-01,1,High,1
WL000570,Individual,Karim Haddad,Karim,NO_MIDDLE_NAME,Haddad,Karim Haddad,1978-04-12,Unknown,RU,172 Watchlist Street,Synthetic City B,SY,SYN-P-59126155,SYN-N-625256518,NOT_APPLICABLE_INDIVIDUAL,Internal Watchlist,Synthetic prototype record,Synthetic Prototype,2024-01-01,1,Critical,1
WL000571,Individual,Karim Haddad,Karim,NO_MIDDLE_NAME,Haddad,Karim Haddad,1978-04-12,Unknown,RU,225 Watchlist Street,Synthetic City A,KP,SYN-P-95980647,SYN-N-682423934,NOT_APPLICABLE_INDIVIDUAL,Synthetic Regional,Synthetic prototype record,Synthetic Prototype,2024-01-01,1,Critical,1
WL000572,Individual,Farid Petrov,Farid,NO_MIDDLE_NAME,Petrov,Farid Petrov,1978-04-12,Synthetic City A,RU,343 Watchlist Street,Synthetic City B,RU,SYN-P-32861834,SYN-N-688553022,NOT_APPLICABLE_INDIVIDUAL,Internal Watchlist,Synthetic prototype record,Synthetic Prototype,2024-01-01,1,High,1
WL000573,Organization,Volkov Global Holdings,NOT_APPLICABLE_ORGANIZATION,NO_MIDDLE_NAME,NOT_APPLICABLE_ORGANIZATION,Volkov Group,1900-01-01,Unknown,RU,202 Watchlist Street,Synthetic City A,RU,SYN-P-32757020,SYN-N-450260812,Volkov Global Holdings,Synthetic Global,Synthetic prototype record,Synthetic Prototype,2024-01-01,0,Critical,0
WL000574,Individual,Laila Sokolov,Laila,NO_MIDDLE_NAME,Sokolov,Laila Sokolov,1978-04-12,Synthetic City B,KP,116 Watchlist Street,Synthetic City A,SY,SYN-P-62351490,SYN-N-747384433,NOT_APPLICABLE_INDIVIDUAL,Internal Watchlist,Synthetic prototype record,Synthetic Prototype,2024-01-01,1,Critical,1
WL000575,Individual,Omar Karimov,Omar,NO_MIDDLE_NAME,Karimov,Omar Karimov,1978-04-12,Unknown,KP,84 Watchlist Street,Synthetic City B,KP,SYN-P-20683551,SYN-N-222369849,NOT_APPLICABLE_INDIVIDUAL,Synthetic Global,Synthetic prototype record,Synthetic Prototype,2024-01-01,1,Critical,1
WL000576,Individual,Karim Karimov,Karim,NO_MIDDLE_NAME,Karimov,Karim Karimov,1978-04-12,Synthetic City A,RU,271 Watchlist Street,Synthetic City B,SY,SYN-P-71377416,SYN-N-882031487,NOT_APPLICABLE_INDIVIDUAL,Synthetic Regional,Synthetic prototype record,Synthetic Prototype,2024-01-01,1,Critical,1
WL000577,Individual,Hassan Bashir,Hassan,NO_MIDDLE_NAME,Bashir,Hassan Bashir,1978-04-12,Unknown,KP,48 Watchlist Street,Synthetic City B,KP,SYN-P-13919904,SYN-N-837814762,NOT_APPLICABLE_INDIVIDUAL,Synthetic Regional,Synthetic prototype record,Synthetic Prototype,2024-01-01,1,High,1
WL000578,Individual,Omar Petrov,Omar,NO_MIDDLE_NAME,Petrov,Omar Petrov,1978-04-12,Synthetic City A,SY,395 Watchlist Street,Synthetic City A,KP,SYN-P-96983972,SYN-N-421307822,NOT_APPLICABLE_INDIVIDUAL,Internal Watchlist,Synthetic prototype record,Synthetic Prototype,2024-01-01,1,Critical,1
WL000579,Individual,Laila Bashir,Laila,NO_MIDDLE_NAME,Bashir,Laila Bashir,1978-04-12,Synthetic City B,SY,169 Watchlist Street,Synthetic City B,RU,SYN-P-84016366,SYN-N-498056380,NOT_APPLICABLE_INDIVIDUAL,Synthetic Regional,Synthetic prototype record,Synthetic Prototype,2024-01-01,1,Critical,1
WL000580,Individual,Farid Ivanov,Farid,NO_MIDDLE_NAME,Ivanov,Farid Ivanov,1978-04-12,Synthetic City B,RU,120 Watchlist Street,Synthetic City B,RU,SYN-P-69893534,SYN-N-438314580,NOT_APPLICABLE_INDIVIDUAL,Synthetic Regional,Synthetic prototype record,Synthetic Prototype,2024-01-01,1,Critical,1
WL000581,Individual,Farid Ivanov,Farid,NO_MIDDLE_NAME,Ivanov,Farid Ivanov,1978-04-12,Unknown,RU,277 Watchlist Street,Synthetic City A,SY,SYN-P-66644578,SYN-N-038569424,NOT_APPLICABLE_INDIVIDUAL,Synthetic Global,Synthetic prototype record,Synthetic Prototype,2024-01-01,0,Critical,1
WL000582,Organization,Bashir Global Holdings,NOT_APPLICABLE_ORGANIZATION,NO_MIDDLE_NAME,NOT_APPLICABLE_ORGANIZATION,Bashir Group,1900-01-01,Synthetic City A,RU,269 Watchlist Street,Synthetic City A,SY,SYN-P-16346414,SYN-N-642108466,Bashir Global Holdings,Synthetic Global,Synthetic prototype record,Synthetic Prototype,2024-01-01,1,High,0
WL000583,Individual,Alexander Abramov,Alexander,NO_MIDDLE_NAME,Abramov,Alexander Abramov,1978-04-12,Unknown,KP,293 Watchlist Street,Synthetic City A,SY,SYN-P-39721136,SYN-N-751993362,NOT_APPLICABLE_INDIVIDUAL,Internal Watchlist,Synthetic prototype record,Synthetic Prototype,2024-01-01,1,High,1
WL000584,Individual,Farid Ivanov,Farid,NO_MIDDLE_NAME,Ivanov,Farid Ivanov,1978-04-12,Unknown,KP,369 Watchlist Street,Synthetic City A,SY,SYN-P-83354132,SYN-N-357351620,NOT_APPLICABLE_INDIVIDUAL,Synthetic Regional,Synthetic prototype record,Synthetic Prototype,2024-01-01,1,High,1
WL000585,Individual,Alexander Volkov,Alexander,NO_MIDDLE_NAME,Volkov,Alexander Volkov,1978-04-12,Synthetic City B,RU,233 Watchlist Street,Synthetic City A,SY,SYN-P-65856707,SYN-N-753541927,NOT_APPLICABLE_INDIVIDUAL,Internal Watchlist,Synthetic prototype record,Synthetic Prototype,2024-01-01,1,High,1
WL000586,Organization,Karimov Global Holdings,NOT_APPLICABLE_ORGANIZATION,NO_MIDDLE_NAME,NOT_APPLICABLE_ORGANIZATION,Karimov Group,1900-01-01,Unknown,RU,132 Watchlist Street,Synthetic City B,SY,SYN-P-71022339,SYN-N-712294082,Karimov Global Holdings,Synthetic Regional,Synthetic prototype record,Synthetic Prototype,2024-01-01,1,High,0
WL000587,Individual,Ivan Abramov,Ivan,NO_MIDDLE_NAME,Abramov,Ivan Abramov,1978-04-12,Synthetic City B,KP,148 Watchlist Street,Synthetic City A,RU,SYN-P-04632711,SYN-N-579192271,NOT_APPLICABLE_INDIVIDUAL,Synthetic Global,Synthetic prototype record,Synthetic Prototype,2024-01-01,1,Critical,1
WL000588,Individual,Alexander Haddad,Alexander,NO_MIDDLE_NAME,Haddad,Alexander Haddad,1978-04-12,Synthetic City A,SY,20 Watchlist Street,Synthetic City B,SY,SYN-P-86201832,SYN-N-585354554,NOT_APPLICABLE_INDIVIDUAL,Synthetic Global,Synthetic prototype record,Synthetic Prototype,2024-01-01,1,Critical,1
WL000589,Individual,Ivan Sokolov,Ivan,NO_MIDDLE_NAME,Sokolov,Ivan Sokolov,1978-04-12,Synthetic City A,RU,170 Watchlist Street,Synthetic City B,SY,SYN-P-74014802,SYN-N-529657424,NOT_APPLICABLE_INDIVIDUAL,Synthetic Regional,Synthetic prototype record,Synthetic Prototype,2024-01-01,0,High,1
WL000590,Organization,Volkov Global Holdings,NOT_APPLICABLE_ORGANIZATION,NO_MIDDLE_NAME,NOT_APPLICABLE_ORGANIZATION,Volkov Group,1900-01-01,Synthetic City A,SY,56 Watchlist Street,Synthetic City B,SY,SYN-P-67499910,SYN-N-180985237,Volkov Global Holdings,Synthetic Regional,Synthetic prototype record,Synthetic Prototype,2024-01-01,1,Critical,0
WL000591,Individual,Dmitri Bashir,Dmitri,NO_MIDDLE_NAME,Bashir,Dmitri Bashir,1978-04-12,Unknown,KP,346 Watchlist Street,Synthetic City B,RU,SYN-P-75625413,SYN-N-129596413,NOT_APPLICABLE_INDIVIDUAL,Synthetic Global,Synthetic prototype record,Synthetic Prototype,2024-01-01,1,Critical,1
WL000592,Individual,Karim Karimov,Karim,NO_MIDDLE_NAME,Karimov,Karim Karimov,1978-04-12,Unknown,KP,181 Watchlist Street,Synthetic City B,KP,SYN-P-51793436,SYN-N-985936827,NOT_APPLICABLE_INDIVIDUAL,Synthetic Regional,Synthetic prototype record,Synthetic Prototype,2024-01-01,1,High,1
WL000593,Individual,Ivan Bashir,Ivan,NO_MIDDLE_NAME,Bashir,Ivan Bashir,1978-04-12,Synthetic City A,KP,371 Watchlist Street,Synthetic City A,RU,SYN-P-77571356,SYN-N-627730095,NOT_APPLICABLE_INDIVIDUAL,Synthetic Regional,Synthetic prototype record,Synthetic Prototype,2024-01-01,1,Critical,1
WL000594,Organization,Volkov Global Holdings,NOT_APPLICABLE_ORGANIZATION,NO_MIDDLE_NAME,NOT_APPLICABLE_ORGANIZATION,Volkov Group,1900-01-01,Synthetic City B,RU,10 Watchlist Street,Synthetic City B,KP,SYN-P-40921468,SYN-N-033929696,Volkov Global Holdings,Internal Watchlist,Synthetic prototype record,Synthetic Prototype,2024-01-01,1,Critical,0
WL000595,Organization,Abramov Global Holdings,NOT_APPLICABLE_ORGANIZATION,NO_MIDDLE_NAME,NOT_APPLICABLE_ORGANIZATION,Abramov Group,1900-01-01,Synthetic City A,KP,366 Watchlist Street,Synthetic City A,SY,SYN-P-82874304,SYN-N-646227767,Abramov Global Holdings,Synthetic Regional,Synthetic prototype record,Synthetic Prototype,2024-01-01,1,Critical,0
WL000596,Individual,Sergei Ivanov,Sergei,NO_MIDDLE_NAME,Ivanov,Sergei Ivanov,1978-04-12,Synthetic City B,KP,376 Watchlist Street,Synthetic City B,RU,SYN-P-85745381,SYN-N-802309826,NOT_APPLICABLE_INDIVIDUAL,Internal Watchlist,Synthetic prototype record,Synthetic Prototype,2024-01-01,1,High,1
WL000597,Individual,Dmitri Haddad,Dmitri,NO_MIDDLE_NAME,Haddad,Dmitri Haddad,1978-04-12,Synthetic City B,KP,3 Watchlist Street,Synthetic City B,RU,SYN-P-28863616,SYN-N-776693133,NOT_APPLICABLE_INDIVIDUAL,Synthetic Global,Synthetic prototype record,Synthetic Prototype,2024-01-01,1,High,1
WL000598,Individual,Laila Abramov,Laila,NO_MIDDLE_NAME,Abramov,Laila Abramov,1978-04-12,Unknown,KP,147 Watchlist Street,Synthetic City A,KP,SYN-P-63946579,SYN-N-433136249,NOT_APPLICABLE_INDIVIDUAL,Synthetic Global,Synthetic prototype record,Synthetic Prototype,2024-01-01,1,High,1
WL000599,Individual,Farid Ivanov,Farid,NO_MIDDLE_NAME,Ivanov,Farid Ivanov,1978-04-12,Unknown,RU,184 Watchlist Street,Synthetic City A,KP,SYN-P-25828327,SYN-N-307844684,NOT_APPLICABLE_INDIVIDUAL,Synthetic Global,Synthetic prototype record,Synthetic Prototype,2024-01-01,1,High,1
WL000600,Individual,Omar Haddad,Omar,NO_MIDDLE_NAME,Haddad,Omar Haddad,1978-04-12,Unknown,RU,198 Watchlist Street,Synthetic City A,RU,SYN-P-36033622,SYN-N-285181323,NOT_APPLICABLE_INDIVIDUAL,Synthetic Global,Synthetic prototype record,Synthetic Prototype,2024-01-01,1,High,1
WL000601,Individual,Sergei Abramov,Sergei,NO_MIDDLE_NAME,Abramov,Sergei Abramov,1978-04-12,Unknown,RU,46 Watchlist Street,Synthetic City A,KP,SYN-P-12749353,SYN-N-546002086,NOT_APPLICABLE_INDIVIDUAL,Synthetic Global,Synthetic prototype record,Synthetic Prototype,2024-01-01,1,Critical,1
WL000602,Individual,Ivan Petrov,Ivan,NO_MIDDLE_NAME,Petrov,Ivan Petrov,1978-04-12,Synthetic City A,SY,282 Watchlist Street,Synthetic City A,KP,SYN-P-09453431,SYN-N-186269336,NOT_APPLICABLE_INDIVIDUAL,Synthetic Global,Synthetic prototype record,Synthetic Prototype,2024-01-01,1,High,1
WL000603,Individual,Omar Petrov,Omar,NO_MIDDLE_NAME,Petrov,Omar Petrov,1978-04-12,Synthetic City B,KP,254 Watchlist Street,Synthetic City A,SY,SYN-P-45628117,SYN-N-013363019,NOT_APPLICABLE_INDIVIDUAL,Internal Watchlist,Synthetic prototype record,Synthetic Prototype,2024-01-01,1,Critical,1
WL000604,Organization,Karimov Global Holdings,NOT_APPLICABLE_ORGANIZATION,NO_MIDDLE_NAME,NOT_APPLICABLE_ORGANIZATION,Karimov Group,1900-01-01,Unknown,KP,73 Watchlist Street,Synthetic City B,RU,SYN-P-18148241,SYN-N-053963033,Karimov Global Holdings,Synthetic Regional,Synthetic prototype record,Synthetic Prototype,2024-01-01,1,Critical,0
WL000605,Organization,Ivanov Global Holdings,NOT_APPLICABLE_ORGANIZATION,NO_MIDDLE_NAME,NOT_APPLICABLE_ORGANIZATION,Ivanov Group,1900-01-01,Synthetic City A,SY,163 Watchlist Street,Synthetic City B,SY,SYN-P-23815834,SYN-N-243390655,Ivanov Global Holdings,Internal Watchlist,Synthetic prototype record,Synthetic Prototype,2024-01-01,1,High,0
WL000606,Individual,Farid Petrov,Farid,NO_MIDDLE_NAME,Petrov,Farid Petrov,1978-04-12,Unknown,RU,44 Watchlist Street,Synthetic City A,SY,SYN-P-03254870,SYN-N-541694030,NOT_APPLICABLE_INDIVIDUAL,Synthetic Global,Synthetic prototype record,Synthetic Prototype,2024-01-01,1,Critical,1
WL000607,Organization,Haddad Global Holdings,NOT_APPLICABLE_ORGANIZATION,NO_MIDDLE_NAME,NOT_APPLICABLE_ORGANIZATION,Haddad Group,1900-01-01,Unknown,SY,142 Watchlist Street,Synthetic City A,SY,SYN-P-15799322,SYN-N-389155730,Haddad Global Holdings,Synthetic Global,Synthetic prototype record,Synthetic Prototype,2024-01-01,1,High,0
WL000608,Individual,Ivan Karimov,Ivan,NO_MIDDLE_NAME,Karimov,Ivan Karimov,1978-04-12,Synthetic City B,SY,325 Watchlist Street,Synthetic City B,KP,SYN-P-87683091,SYN-N-780217515,NOT_APPLICABLE_INDIVIDUAL,Internal Watchlist,Synthetic prototype record,Synthetic Prototype,2024-01-01,1,Critical,1
WL000609,Individual,Elena Sokolov,Elena,NO_MIDDLE_NAME,Sokolov,Elena Sokolov,1978-04-12,Synthetic City B,RU,87 Watchlist Street,Synthetic City B,RU,SYN-P-04544172,SYN-N-854978754,NOT_APPLICABLE_INDIVIDUAL,Internal Watchlist,Synthetic prototype record,Synthetic Prototype,2024-01-01,1,Critical,1
WL000610,Individual,Laila Sokolov,Laila,NO_MIDDLE_NAME,Sokolov,Laila Sokolov,1978-04-12,Synthetic City B,RU,112 Watchlist Street,Synthetic City B,KP,SYN-P-73114897,SYN-N-813384763,NOT_APPLICABLE_INDIVIDUAL,Synthetic Global,Synthetic prototype record,Synthetic Prototype,2024-01-01,1,High,1
WL000611,Organization,Abramov Global Holdings,NOT_APPLICABLE_ORGANIZATION,NO_MIDDLE_NAME,NOT_APPLICABLE_ORGANIZATION,Abramov Group,1900-01-01,Unknown,KP,313 Watchlist Street,Synthetic City A,RU,SYN-P-33987404,SYN-N-915850885,Abramov Global Holdings,Synthetic Global,Synthetic prototype record,Synthetic Prototype,2024-01-01,1,High,0
WL000612,Individual,Sergei Karimov,Sergei,NO_MIDDLE_NAME,Karimov,Sergei Karimov,1978-04-12,Synthetic City A,SY,194 Watchlist Street,Synthetic City B,RU,SYN-P-39116882,SYN-N-857694306,NOT_APPLICABLE_INDIVIDUAL,Synthetic Global,Synthetic prototype record,Synthetic Prototype,2024-01-01,1,Critical,1
WL000613,Individual,Karim Petrov,Karim,NO_MIDDLE_NAME,Petrov,Karim Petrov,1978-04-12,Synthetic City B,RU,148 Watchlist Street,Synthetic City A,RU,SYN-P-82335626,SYN-N-930237148,NOT_APPLICABLE_INDIVIDUAL,Synthetic Global,Synthetic prototype record,Synthetic Prototype,2024-01-01,1,Critical,1
WL000614,Organization,Abramov Global Holdings,NOT_APPLICABLE_ORGANIZATION,NO_MIDDLE_NAME,NOT_APPLICABLE_ORGANIZATION,Abramov Group,1900-01-01,Synthetic City B,SY,160 Watchlist Street,Synthetic City B,SY,SYN-P-09766920,SYN-N-568308111,Abramov Global Holdings,Internal Watchlist,Synthetic prototype record,Synthetic Prototype,2024-01-01,1,Critical,0
WL000615,Individual,Omar Abramov,Omar,NO_MIDDLE_NAME,Abramov,Omar Abramov,1978-04-12,Unknown,SY,345 Watchlist Street,Synthetic City B,SY,SYN-P-21027029,SYN-N-011856127,NOT_APPLICABLE_INDIVIDUAL,Internal Watchlist,Synthetic prototype record,Synthetic Prototype,2024-01-01,1,High,1
WL000616,Organization,Haddad Global Holdings,NOT_APPLICABLE_ORGANIZATION,NO_MIDDLE_NAME,NOT_APPLICABLE_ORGANIZATION,Haddad Group,1900-01-01,Synthetic City A,SY,83 Watchlist Street,Synthetic City B,RU,SYN-P-91947716,SYN-N-250161826,Haddad Global Holdings,Internal Watchlist,Synthetic prototype record,Synthetic Prototype,2024-01-01,1,High,0
WL000617,Individual,Elena Sokolov,Elena,NO_MIDDLE_NAME,Sokolov,Elena Sokolov,1978-04-12,Synthetic City A,SY,254 Watchlist Street,Synthetic City A,SY,SYN-P-07407468,SYN-N-036559772,NOT_APPLICABLE_INDIVIDUAL,Synthetic Regional,Synthetic prototype record,Synthetic Prototype,2024-01-01,1,High,1
WL000618,Individual,Ivan Ivanov,Ivan,NO_MIDDLE_NAME,Ivanov,Ivan Ivanov,1978-04-12,Unknown,SY,175 Watchlist Street,Synthetic City A,KP,SYN-P-50628672,SYN-N-816363176,NOT_APPLICABLE_INDIVIDUAL,Synthetic Global,Synthetic prototype record,Synthetic Prototype,2024-01-01,1,Critical,1
WL000619,Organization,Petrov Global Holdings,NOT_APPLICABLE_ORGANIZATION,NO_MIDDLE_NAME,NOT_APPLICABLE_ORGANIZATION,Petrov Group,1900-01-01,Unknown,SY,52 Watchlist Street,Synthetic City A,RU,SYN-P-92525523,SYN-N-922569405,Petrov Global Holdings,Synthetic Regional,Synthetic prototype record,Synthetic Prototype,2024-01-01,1,High,0
WL000620,Individual,Laila Petrov,Laila,NO_MIDDLE_NAME,Petrov,Laila Petrov,1978-04-12,Synthetic City A,SY,147 Watchlist Street,Synthetic City B,RU,SYN-P-16872345,SYN-N-308297021,NOT_APPLICABLE_INDIVIDUAL,Internal Watchlist,Synthetic prototype record,Synthetic Prototype,2024-01-01,1,High,1
WL000621,Individual,Karim Karimov,Karim,NO_MIDDLE_NAME,Karimov,Karim Karimov,1978-04-12,Unknown,RU,374 Watchlist Street,Synthetic City A,RU,SYN-P-83062823,SYN-N-721335505,NOT_APPLICABLE_INDIVIDUAL,Synthetic Global,Synthetic prototype record,Synthetic Prototype,2024-01-01,1,Critical,1
WL000622,Individual,Ivan Bashir,Ivan,NO_MIDDLE_NAME,Bashir,Ivan Bashir,1978-04-12,Unknown,SY,150 Watchlist Street,Synthetic City A,RU,SYN-P-95348292,SYN-N-566780162,NOT_APPLICABLE_INDIVIDUAL,Synthetic Regional,Synthetic prototype record,Synthetic Prototype,2024-01-01,1,Critical,1
WL000623,Individual,Laila Volkov,Laila,NO_MIDDLE_NAME,Volkov,Laila Volkov,1978-04-12,Synthetic City A,SY,51 Watchlist Street,Synthetic City B,SY,SYN-P-28885091,SYN-N-510069773,NOT_APPLICABLE_INDIVIDUAL,Internal Watchlist,Synthetic prototype record,Synthetic Prototype,2024-01-01,1,Critical,1
WL000624,Individual,Dmitri Abramov,Dmitri,NO_MIDDLE_NAME,Abramov,Dmitri Abramov,1978-04-12,Unknown,SY,227 Watchlist Street,Synthetic City A,SY,SYN-P-72040180,SYN-N-138029479,NOT_APPLICABLE_INDIVIDUAL,Synthetic Regional,Synthetic prototype record,Synthetic Prototype,2024-01-01,1,High,1
WL000625,Individual,Ivan Ivanov,Ivan,NO_MIDDLE_NAME,Ivanov,Ivan Ivanov,1978-04-12,Synthetic City A,KP,54 Watchlist Street,Synthetic City A,SY,SYN-P-23850457,SYN-N-700491747,NOT_APPLICABLE_INDIVIDUAL,Internal Watchlist,Synthetic prototype record,Synthetic Prototype,2024-01-01,1,High,1
WL000626,Individual,Hassan Bashir,Hassan,NO_MIDDLE_NAME,Bashir,Hassan Bashir,1978-04-12,Unknown,KP,119 Watchlist Street,Synthetic City B,SY,SYN-P-95367881,SYN-N-039207868,NOT_APPLICABLE_INDIVIDUAL,Internal Watchlist,Synthetic prototype record,Synthetic Prototype,2024-01-01,1,Critical,1
WL000627,Individual,Dmitri Bashir,Dmitri,NO_MIDDLE_NAME,Bashir,Dmitri Bashir,1978-04-12,Synthetic City B,SY,26 Watchlist Street,Synthetic City A,RU,SYN-P-94929504,SYN-N-803742951,NOT_APPLICABLE_INDIVIDUAL,Synthetic Global,Synthetic prototype record,Synthetic Prototype,2024-01-01,1,Critical,1
WL000628,Individual,Dmitri Karimov,Dmitri,NO_MIDDLE_NAME,Karimov,Dmitri Karimov,1978-04-12,Synthetic City B,RU,350 Watchlist Street,Synthetic City B,RU,SYN-P-11227708,SYN-N-604866459,NOT_APPLICABLE_INDIVIDUAL,Synthetic Regional,Synthetic prototype record,Synthetic Prototype,2024-01-01,1,High,1
WL000629,Organization,Volkov Global Holdings,NOT_APPLICABLE_ORGANIZATION,NO_MIDDLE_NAME,NOT_APPLICABLE_ORGANIZATION,Volkov Group,1900-01-01,Synthetic City B,SY,274 Watchlist Street,Synthetic City A,RU,SYN-P-83142699,SYN-N-668002419,Volkov Global Holdings,Synthetic Regional,Synthetic prototype record,Synthetic Prototype,2024-01-01,1,High,0
WL000630,Individual,Elena Ivanov,Elena,NO_MIDDLE_NAME,Ivanov,Elena Ivanov,1978-04-12,Unknown,SY,368 Watchlist Street,Synthetic City B,SY,SYN-P-62241489,SYN-N-433317683,NOT_APPLICABLE_INDIVIDUAL,Synthetic Regional,Synthetic prototype record,Synthetic Prototype,2024-01-01,1,Critical,1
WL000631,Individual,Elena Karimov,Elena,NO_MIDDLE_NAME,Karimov,Elena Karimov,1978-04-12,Synthetic City B,SY,307 Watchlist Street,Synthetic City A,KP,SYN-P-78292732,SYN-N-948128555,NOT_APPLICABLE_INDIVIDUAL,Synthetic Global,Synthetic prototype record,Synthetic Prototype,2024-01-01,1,Critical,1
WL000632,Organization,Karimov Global Holdings,NOT_APPLICABLE_ORGANIZATION,NO_MIDDLE_NAME,NOT_APPLICABLE_ORGANIZATION,Karimov Group,1900-01-01,Synthetic City A,KP,50 Watchlist Street,Synthetic City A,RU,SYN-P-33460777,SYN-N-706367597,Karimov Global Holdings,Internal Watchlist,Synthetic prototype record,Synthetic Prototype,2024-01-01,1,High,0
WL000633,Individual,Farid Volkov,Farid,NO_MIDDLE_NAME,Volkov,Farid Volkov,1978-04-12,Synthetic City A,KP,332 Watchlist Street,Synthetic City A,RU,SYN-P-89450619,SYN-N-217873345,NOT_APPLICABLE_INDIVIDUAL,Synthetic Regional,Synthetic prototype record,Synthetic Prototype,2024-01-01,1,High,1
WL000634,Individual,Sergei Ivanov,Sergei,NO_MIDDLE_NAME,Ivanov,Sergei Ivanov,1978-04-12,Synthetic City B,SY,9 Watchlist Street,Synthetic City A,KP,SYN-P-48434772,SYN-N-791357231,NOT_APPLICABLE_INDIVIDUAL,Internal Watchlist,Synthetic prototype record,Synthetic Prototype,2024-01-01,1,Critical,1
WL000635,Individual,Farid Volkov,Farid,NO_MIDDLE_NAME,Volkov,Farid Volkov,1978-04-12,Unknown,SY,399 Watchlist Street,Synthetic City B,SY,SYN-P-22436816,SYN-N-000327807,NOT_APPLICABLE_INDIVIDUAL,Internal Watchlist,Synthetic prototype record,Synthetic Prototype,2024-01-01,1,High,1
WL000636,Individual,Farid Haddad,Farid,NO_MIDDLE_NAME,Haddad,Farid Haddad,1978-04-12,Synthetic City A,SY,68 Watchlist Street,Synthetic City A,RU,SYN-P-03795587,SYN-N-659494656,NOT_APPLICABLE_INDIVIDUAL,Synthetic Global,Synthetic prototype record,Synthetic Prototype,2024-01-01,1,High,1
WL000637,Individual,Hassan Haddad,Hassan,NO_MIDDLE_NAME,Haddad,Hassan Haddad,1978-04-12,Unknown,KP,319 Watchlist Street,Synthetic City A,SY,SYN-P-59855657,SYN-N-558349413,NOT_APPLICABLE_INDIVIDUAL,Synthetic Regional,Synthetic prototype record,Synthetic Prototype,2024-01-01,1,Critical,1
WL000638,Individual,Elena Sokolov,Elena,NO_MIDDLE_NAME,Sokolov,Elena Sokolov,1978-04-12,Unknown,KP,90 Watchlist Street,Synthetic City A,RU,SYN-P-26392754,SYN-N-540456689,NOT_APPLICABLE_INDIVIDUAL,Internal Watchlist,Synthetic prototype record,Synthetic Prototype,2024-01-01,1,Critical,1
WL000639,Individual,Ivan Haddad,Ivan,NO_MIDDLE_NAME,Haddad,Ivan Haddad,1978-04-12,Synthetic City B,RU,116 Watchlist Street,Synthetic City B,SY,SYN-P-22785013,SYN-N-569388620,NOT_APPLICABLE_INDIVIDUAL,Synthetic Global,Synthetic prototype record,Synthetic Prototype,2024-01-01,1,High,1
WL000640,Organization,Haddad Global Holdings,NOT_APPLICABLE_ORGANIZATION,NO_MIDDLE_NAME,NOT_APPLICABLE_ORGANIZATION,Haddad Group,1900-01-01,Unknown,KP,71 Watchlist Street,Synthetic City A,SY,SYN-P-05248620,SYN-N-895178537,Haddad Global Holdings,Synthetic Regional,Synthetic prototype record,Synthetic Prototype,2024-01-01,1,Critical,0
WL000641,Individual,Karim Petrov,Karim,NO_MIDDLE_NAME,Petrov,Karim Petrov,1978-04-12,Unknown,RU,383 Watchlist Street,Synthetic City A,RU,SYN-P-66153349,SYN-N-126541549,NOT_APPLICABLE_INDIVIDUAL,Internal Watchlist,Synthetic prototype record,Synthetic Prototype,2024-01-01,1,High,1
WL000642,Individual,Hassan Abramov,Hassan,NO_MIDDLE_NAME,Abramov,Hassan Abramov,1978-04-12,Unknown,SY,200 Watchlist Street,Synthetic City A,KP,SYN-P-74298270,SYN-N-620416193,NOT_APPLICABLE_INDIVIDUAL,Synthetic Regional,Synthetic prototype record,Synthetic Prototype,2024-01-01,1,High,1
WL000643,Organization,Petrov Global Holdings,NOT_APPLICABLE_ORGANIZATION,NO_MIDDLE_NAME,NOT_APPLICABLE_ORGANIZATION,Petrov Group,1900-01-01,Unknown,KP,71 Watchlist Street,Synthetic City B,KP,SYN-P-40938035,SYN-N-732371685,Petrov Global Holdings,Synthetic Regional,Synthetic prototype record,Synthetic Prototype,2024-01-01,1,Critical,0
WL000644,Individual,Farid Karimov,Farid,NO_MIDDLE_NAME,Karimov,Farid Karimov,1978-04-12,Synthetic City B,SY,183 Watchlist Street,Synthetic City A,RU,SYN-P-85873917,SYN-N-946920111,NOT_APPLICABLE_INDIVIDUAL,Synthetic Regional,Synthetic prototype record,Synthetic Prototype,2024-01-01,1,High,1
WL000645,Individual,Ivan Sokolov,Ivan,NO_MIDDLE_NAME,Sokolov,Ivan Sokolov,1978-04-12,Unknown,RU,318 Watchlist Street,Synthetic City A,RU,SYN-P-78911302,SYN-N-463926410,NOT_APPLICABLE_INDIVIDUAL,Synthetic Global,Synthetic prototype record,Synthetic Prototype,2024-01-01,1,Critical,1
WL000646,Individual,Ivan Ivanov,Ivan,NO_MIDDLE_NAME,Ivanov,Ivan Ivanov,1978-04-12,Unknown,SY,122 Watchlist Street,Synthetic City A,RU,SYN-P-11217919,SYN-N-152885059,NOT_APPLICABLE_INDIVIDUAL,Synthetic Global,Synthetic prototype record,Synthetic Prototype,2024-01-01,0,Critical,1
WL000647,Individual,Dmitri Abramov,Dmitri,NO_MIDDLE_NAME,Abramov,Dmitri Abramov,1978-04-12,Synthetic City A,RU,23 Watchlist Street,Synthetic City B,RU,SYN-P-21816468,SYN-N-740580732,NOT_APPLICABLE_INDIVIDUAL,Synthetic Global,Synthetic prototype record,Synthetic Prototype,2024-01-01,1,High,1
WL000648,Organization,Volkov Global Holdings,NOT_APPLICABLE_ORGANIZATION,NO_MIDDLE_NAME,NOT_APPLICABLE_ORGANIZATION,Volkov Group,1900-01-01,Synthetic City A,SY,117 Watchlist Street,Synthetic City A,KP,SYN-P-49075509,SYN-N-003290297,Volkov Global Holdings,Synthetic Global,Synthetic prototype record,Synthetic Prototype,2024-01-01,1,Critical,0
WL000649,Individual,Omar Karimov,Omar,NO_MIDDLE_NAME,Karimov,Omar Karimov,1978-04-12,Synthetic City A,RU,339 Watchlist Street,Synthetic City B,KP,SYN-P-35788090,SYN-N-969792272,NOT_APPLICABLE_INDIVIDUAL,Synthetic Global,Synthetic prototype record,Synthetic Prototype,2024-01-01,1,High,1
WL000650,Organization,Karimov Global Holdings,NOT_APPLICABLE_ORGANIZATION,NO_MIDDLE_NAME,NOT_APPLICABLE_ORGANIZATION,Karimov Group,1900-01-01,Unknown,KP,174 Watchlist Street,Synthetic City A,RU,SYN-P-88819033,SYN-N-857637391,Karimov Global Holdings,Synthetic Regional,Synthetic prototype record,Synthetic Prototype,2024-01-01,1,Critical,0
WL000651,Individual,Alexander Petrov,Alexander,NO_MIDDLE_NAME,Petrov,Alexander Petrov,1978-04-12,Unknown,SY,180 Watchlist Street,Synthetic City A,KP,SYN-P-95237238,SYN-N-887142934,NOT_APPLICABLE_INDIVIDUAL,Synthetic Global,Synthetic prototype record,Synthetic Prototype,2024-01-01,1,Critical,1
WL000652,Organization,Abramov Global Holdings,NOT_APPLICABLE_ORGANIZATION,NO_MIDDLE_NAME,NOT_APPLICABLE_ORGANIZATION,Abramov Group,1900-01-01,Synthetic City B,RU,258 Watchlist Street,Synthetic City A,SY,SYN-P-68024160,SYN-N-991064758,Abramov Global Holdings,Synthetic Global,Synthetic prototype record,Synthetic Prototype,2024-01-01,1,High,0
WL000653,Organization,Karimov Global Holdings,NOT_APPLICABLE_ORGANIZATION,NO_MIDDLE_NAME,NOT_APPLICABLE_ORGANIZATION,Karimov Group,1900-01-01,Synthetic City A,RU,170 Watchlist Street,Synthetic City B,KP,SYN-P-01339441,SYN-N-043127212,Karimov Global Holdings,Synthetic Global,Synthetic prototype record,Synthetic Prototype,2024-01-01,1,Critical,0
WL000654,Individual,Farid Ivanov,Farid,NO_MIDDLE_NAME,Ivanov,Farid Ivanov,1978-04-12,Synthetic City A,KP,386 Watchlist Street,Synthetic City A,RU,SYN-P-17359785,SYN-N-652009680,NOT_APPLICABLE_INDIVIDUAL,Synthetic Regional,Synthetic prototype record,Synthetic Prototype,2024-01-01,1,Critical,1
WL000655,Organization,Petrov Global Holdings,NOT_APPLICABLE_ORGANIZATION,NO_MIDDLE_NAME,NOT_APPLICABLE_ORGANIZATION,Petrov Group,1900-01-01,Unknown,KP,5 Watchlist Street,Synthetic City B,KP,SYN-P-90752956,SYN-N-352757359,Petrov Global Holdings,Synthetic Global,Synthetic prototype record,Synthetic Prototype,2024-01-01,1,High,0
WL000656,Organization,Karimov Global Holdings,NOT_APPLICABLE_ORGANIZATION,NO_MIDDLE_NAME,NOT_APPLICABLE_ORGANIZATION,Karimov Group,1900-01-01,Synthetic City B,SY,88 Watchlist Street,Synthetic City B,KP,SYN-P-37870418,SYN-N-377241292,Karimov Global Holdings,Synthetic Global,Synthetic prototype record,Synthetic Prototype,2024-01-01,1,Critical,0
WL000657,Organization,Haddad Global Holdings,NOT_APPLICABLE_ORGANIZATION,NO_MIDDLE_NAME,NOT_APPLICABLE_ORGANIZATION,Haddad Group,1900-01-01,Synthetic City B,SY,218 Watchlist Street,Synthetic City A,RU,SYN-P-53084625,SYN-N-608670560,Haddad Global Holdings,Synthetic Regional,Synthetic prototype record,Synthetic Prototype,2024-01-01,1,Critical,0
WL000658,Individual,Omar Bashir,Omar,NO_MIDDLE_NAME,Bashir,Omar Bashir,1978-04-12,Synthetic City B,RU,313 Watchlist Street,Synthetic City B,KP,SYN-P-25869312,SYN-N-408865937,NOT_APPLICABLE_INDIVIDUAL,Internal Watchlist,Synthetic prototype record,Synthetic Prototype,2024-01-01,1,High,1
WL000659,Individual,Farid Karimov,Farid,NO_MIDDLE_NAME,Karimov,Farid Karimov,1978-04-12,Synthetic City B,RU,145 Watchlist Street,Synthetic City A,SY,SYN-P-18682137,SYN-N-685583637,NOT_APPLICABLE_INDIVIDUAL,Synthetic Regional,Synthetic prototype record,Synthetic Prototype,2024-01-01,1,Critical,1
WL000660,Individual,Alexander Karimov,Alexander,NO_MIDDLE_NAME,Karimov,Alexander Karimov,1978-04-12,Synthetic City A,RU,20 Watchlist Street,Synthetic City B,RU,SYN-P-73744890,SYN-N-104112528,NOT_APPLICABLE_INDIVIDUAL,Synthetic Global,Synthetic prototype record,Synthetic Prototype,2024-01-01,1,High,1
WL000661,Organization,Bashir Global Holdings,NOT_APPLICABLE_ORGANIZATION,NO_MIDDLE_NAME,NOT_APPLICABLE_ORGANIZATION,Bashir Group,1900-01-01,Synthetic City A,RU,137 Watchlist Street,Synthetic City B,KP,SYN-P-36751804,SYN-N-299305215,Bashir Global Holdings,Internal Watchlist,Synthetic prototype record,Synthetic Prototype,2024-01-01,1,Critical,0
WL000662,Organization,Petrov Global Holdings,NOT_APPLICABLE_ORGANIZATION,NO_MIDDLE_NAME,NOT_APPLICABLE_ORGANIZATION,Petrov Group,1900-01-01,Unknown,RU,316 Watchlist Street,Synthetic City A,RU,SYN-P-91428392,SYN-N-603743752,Petrov Global Holdings,Internal Watchlist,Synthetic prototype record,Synthetic Prototype,2024-01-01,1,Critical,0
WL000663,Individual,Hassan Sokolov,Hassan,NO_MIDDLE_NAME,Sokolov,Hassan Sokolov,1978-04-12,Unknown,KP,5 Watchlist Street,Synthetic City A,KP,SYN-P-18834341,SYN-N-179885094,NOT_APPLICABLE_INDIVIDUAL,Synthetic Regional,Synthetic prototype record,Synthetic Prototype,2024-01-01,1,Critical,1
WL000664,Individual,Elena Karimov,Elena,NO_MIDDLE_NAME,Karimov,Elena Karimov,1978-04-12,Unknown,RU,301 Watchlist Street,Synthetic City A,RU,SYN-P-71375652,SYN-N-831247858,NOT_APPLICABLE_INDIVIDUAL,Synthetic Global,Synthetic prototype record,Synthetic Prototype,2024-01-01,1,Critical,1
WL000665,Individual,Karim Volkov,Karim,NO_MIDDLE_NAME,Volkov,Karim Volkov,1978-04-12,Synthetic City B,KP,16 Watchlist Street,Synthetic City A,KP,SYN-P-95769104,SYN-N-020387777,NOT_APPLICABLE_INDIVIDUAL,Synthetic Regional,Synthetic prototype record,Synthetic Prototype,2024-01-01,1,Critical,1
WL000666,Organization,Ivanov Global Holdings,NOT_APPLICABLE_ORGANIZATION,NO_MIDDLE_NAME,NOT_APPLICABLE_ORGANIZATION,Ivanov Group,1900-01-01,Synthetic City B,KP,380 Watchlist Street,Synthetic City A,KP,SYN-P-29114532,SYN-N-706053654,Ivanov Global Holdings,Internal Watchlist,Synthetic prototype record,Synthetic Prototype,2024-01-01,1,Critical,0
WL000667,Individual,Karim Bashir,Karim,NO_MIDDLE_NAME,Bashir,Karim Bashir,1978-04-12,Synthetic City B,RU,196 Watchlist Street,Synthetic City B,KP,SYN-P-89001934,SYN-N-741947402,NOT_APPLICABLE_INDIVIDUAL,Synthetic Global,Synthetic prototype record,Synthetic Prototype,2024-01-01,1,High,1
WL000668,Organization,Petrov Global Holdings,NOT_APPLICABLE_ORGANIZATION,NO_MIDDLE_NAME,NOT_APPLICABLE_ORGANIZATION,Petrov Group,1900-01-01,Unknown,SY,206 Watchlist Street,Synthetic City A,RU,SYN-P-40017817,SYN-N-095714529,Petrov Global Holdings,Internal Watchlist,Synthetic prototype record,Synthetic Prototype,2024-01-01,1,High,0
WL000669,Individual,Hassan Sokolov,Hassan,NO_MIDDLE_NAME,Sokolov,Hassan Sokolov,1978-04-12,Synthetic City A,SY,85 Watchlist Street,Synthetic City B,KP,SYN-P-38166081,SYN-N-114672079,NOT_APPLICABLE_INDIVIDUAL,Internal Watchlist,Synthetic prototype record,Synthetic Prototype,2024-01-01,1,High,1
WL000670,Individual,Omar Karimov,Omar,NO_MIDDLE_NAME,Karimov,Omar Karimov,1978-04-12,Unknown,SY,58 Watchlist Street,Synthetic City B,KP,SYN-P-87050627,SYN-N-901573256,NOT_APPLICABLE_INDIVIDUAL,Synthetic Regional,Synthetic prototype record,Synthetic Prototype,2024-01-01,0,High,1
WL000671,Individual,Laila Bashir,Laila,NO_MIDDLE_NAME,Bashir,Laila Bashir,1978-04-12,Unknown,RU,395 Watchlist Street,Synthetic City B,KP,SYN-P-29308588,SYN-N-710747549,NOT_APPLICABLE_INDIVIDUAL,Internal Watchlist,Synthetic prototype record,Synthetic Prototype,2024-01-01,1,Critical,1
WL000672,Individual,Ivan Abramov,Ivan,NO_MIDDLE_NAME,Abramov,Ivan Abramov,1978-04-12,Synthetic City A,SY,58 Watchlist Street,Synthetic City B,RU,SYN-P-45960025,SYN-N-902049711,NOT_APPLICABLE_INDIVIDUAL,Synthetic Global,Synthetic prototype record,Synthetic Prototype,2024-01-01,1,Critical,1
WL000673,Individual,Elena Ivanov,Elena,NO_MIDDLE_NAME,Ivanov,Elena Ivanov,1978-04-12,Synthetic City B,SY,130 Watchlist Street,Synthetic City A,RU,SYN-P-19761174,SYN-N-961535554,NOT_APPLICABLE_INDIVIDUAL,Synthetic Regional,Synthetic prototype record,Synthetic Prototype,2024-01-01,1,High,1
WL000674,Individual,Farid Sokolov,Farid,NO_MIDDLE_NAME,Sokolov,Farid Sokolov,1978-04-12,Unknown,SY,229 Watchlist Street,Synthetic City B,KP,SYN-P-80567117,SYN-N-540290676,NOT_APPLICABLE_INDIVIDUAL,Synthetic Global,Synthetic prototype record,Synthetic Prototype,2024-01-01,1,Critical,1
WL000675,Organization,Ivanov Global Holdings,NOT_APPLICABLE_ORGANIZATION,NO_MIDDLE_NAME,NOT_APPLICABLE_ORGANIZATION,Ivanov Group,1900-01-01,Unknown,KP,124 Watchlist Street,Synthetic City B,SY,SYN-P-80881441,SYN-N-575862037,Ivanov Global Holdings,Internal Watchlist,Synthetic prototype record,Synthetic Prototype,2024-01-01,1,Critical,0
WL000676,Individual,Laila Sokolov,Laila,NO_MIDDLE_NAME,Sokolov,Laila Sokolov,1978-04-12,Synthetic City A,RU,25 Watchlist Street,Synthetic City A,SY,SYN-P-54865126,SYN-N-392131426,NOT_APPLICABLE_INDIVIDUAL,Internal Watchlist,Synthetic prototype record,Synthetic Prototype,2024-01-01,1,High,1
WL000677,Organization,Abramov Global Holdings,NOT_APPLICABLE_ORGANIZATION,NO_MIDDLE_NAME,NOT_APPLICABLE_ORGANIZATION,Abramov Group,1900-01-01,Synthetic City A,SY,295 Watchlist Street,Synthetic City A,SY,SYN-P-61044551,SYN-N-538347840,Abramov Global Holdings,Internal Watchlist,Synthetic prototype record,Synthetic Prototype,2024-01-01,1,High,0
WL000678,Individual,Omar Bashir,Omar,NO_MIDDLE_NAME,Bashir,Omar Bashir,1978-04-12,Unknown,RU,92 Watchlist Street,Synthetic City A,SY,SYN-P-40230448,SYN-N-259426289,NOT_APPLICABLE_INDIVIDUAL,Internal Watchlist,Synthetic prototype record,Synthetic Prototype,2024-01-01,1,Critical,1
WL000679,Individual,Farid Karimov,Farid,NO_MIDDLE_NAME,Karimov,Farid Karimov,1978-04-12,Synthetic City B,RU,224 Watchlist Street,Synthetic City B,RU,SYN-P-84684306,SYN-N-707247233,NOT_APPLICABLE_INDIVIDUAL,Synthetic Global,Synthetic prototype record,Synthetic Prototype,2024-01-01,1,High,1
WL000680,Individual,Hassan Abramov,Hassan,NO_MIDDLE_NAME,Abramov,Hassan Abramov,1978-04-12,Synthetic City B,RU,240 Watchlist Street,Synthetic City A,KP,SYN-P-24031629,SYN-N-620985996,NOT_APPLICABLE_INDIVIDUAL,Synthetic Regional,Synthetic prototype record,Synthetic Prototype,2024-01-01,1,High,1
WL000681,Individual,Laila Abramov,Laila,NO_MIDDLE_NAME,Abramov,Laila Abramov,1978-04-12,Unknown,KP,136 Watchlist Street,Synthetic City B,KP,SYN-P-42412630,SYN-N-032040670,NOT_APPLICABLE_INDIVIDUAL,Internal Watchlist,Synthetic prototype record,Synthetic Prototype,2024-01-01,1,Critical,1
WL000682,Individual,Ivan Petrov,Ivan,NO_MIDDLE_NAME,Petrov,Ivan Petrov,1978-04-12,Synthetic City A,KP,142 Watchlist Street,Synthetic City B,KP,SYN-P-51283615,SYN-N-444796559,NOT_APPLICABLE_INDIVIDUAL,Synthetic Regional,Synthetic prototype record,Synthetic Prototype,2024-01-01,1,Critical,1
WL000683,Individual,Farid Sokolov,Farid,NO_MIDDLE_NAME,Sokolov,Farid Sokolov,1978-04-12,Synthetic City A,SY,271 Watchlist Street,Synthetic City B,SY,SYN-P-22056021,SYN-N-598559944,NOT_APPLICABLE_INDIVIDUAL,Internal Watchlist,Synthetic prototype record,Synthetic Prototype,2024-01-01,1,High,1
WL000684,Individual,Omar Karimov,Omar,NO_MIDDLE_NAME,Karimov,Omar Karimov,1978-04-12,Synthetic City B,KP,292 Watchlist Street,Synthetic City A,KP,SYN-P-39020552,SYN-N-871461254,NOT_APPLICABLE_INDIVIDUAL,Synthetic Global,Synthetic prototype record,Synthetic Prototype,2024-01-01,1,High,1
WL000685,Individual,Farid Bashir,Farid,NO_MIDDLE_NAME,Bashir,Farid Bashir,1978-04-12,Unknown,SY,331 Watchlist Street,Synthetic City B,KP,SYN-P-09125909,SYN-N-822101857,NOT_APPLICABLE_INDIVIDUAL,Synthetic Global,Synthetic prototype record,Synthetic Prototype,2024-01-01,1,High,1
WL000686,Individual,Ivan Abramov,Ivan,NO_MIDDLE_NAME,Abramov,Ivan Abramov,1978-04-12,Unknown,RU,356 Watchlist Street,Synthetic City A,KP,SYN-P-99857251,SYN-N-828915035,NOT_APPLICABLE_INDIVIDUAL,Internal Watchlist,Synthetic prototype record,Synthetic Prototype,2024-01-01,1,Critical,1
WL000687,Individual,Sergei Abramov,Sergei,NO_MIDDLE_NAME,Abramov,Sergei Abramov,1978-04-12,Unknown,RU,316 Watchlist Street,Synthetic City B,SY,SYN-P-99444993,SYN-N-785939755,NOT_APPLICABLE_INDIVIDUAL,Synthetic Regional,Synthetic prototype record,Synthetic Prototype,2024-01-01,1,High,1
WL000688,Individual,Elena Karimov,Elena,NO_MIDDLE_NAME,Karimov,Elena Karimov,1978-04-12,Synthetic City B,KP,79 Watchlist Street,Synthetic City A,SY,SYN-P-07796022,SYN-N-599014291,NOT_APPLICABLE_INDIVIDUAL,Internal Watchlist,Synthetic prototype record,Synthetic Prototype,2024-01-01,1,High,1
WL000689,Individual,Dmitri Petrov,Dmitri,NO_MIDDLE_NAME,Petrov,Dmitri Petrov,1978-04-12,Synthetic City B,SY,297 Watchlist Street,Synthetic City A,RU,SYN-P-63914648,SYN-N-013916764,NOT_APPLICABLE_INDIVIDUAL,Synthetic Global,Synthetic prototype record,Synthetic Prototype,2024-01-01,1,High,1
WL000690,Individual,Elena Ivanov,Elena,NO_MIDDLE_NAME,Ivanov,Elena Ivanov,1978-04-12,Unknown,SY,287 Watchlist Street,Synthetic City A,RU,SYN-P-43867903,SYN-N-447362897,NOT_APPLICABLE_INDIVIDUAL,Synthetic Global,Synthetic prototype record,Synthetic Prototype,2024-01-01,1,High,1
WL000691,Individual,Alexander Karimov,Alexander,NO_MIDDLE_NAME,Karimov,Alexander Karimov,1978-04-12,Unknown,RU,158 Watchlist Street,Synthetic City B,KP,SYN-P-47341658,SYN-N-853060198,NOT_APPLICABLE_INDIVIDUAL,Synthetic Regional,Synthetic prototype record,Synthetic Prototype,2024-01-01,1,High,1
WL000692,Individual,Ivan Bashir,Ivan,NO_MIDDLE_NAME,Bashir,Ivan Bashir,1978-04-12,Synthetic City A,SY,271 Watchlist Street,Synthetic City A,SY,SYN-P-22005739,SYN-N-160372096,NOT_APPLICABLE_INDIVIDUAL,Synthetic Global,Synthetic prototype record,Synthetic Prototype,2024-01-01,1,Critical,1
WL000693,Individual,Farid Haddad,Farid,NO_MIDDLE_NAME,Haddad,Farid Haddad,1978-04-12,Synthetic City A,RU,184 Watchlist Street,Synthetic City B,SY,SYN-P-85993044,SYN-N-203465599,NOT_APPLICABLE_INDIVIDUAL,Synthetic Global,Synthetic prototype record,Synthetic Prototype,2024-01-01,1,High,1
WL000694,Individual,Ivan Abramov,Ivan,NO_MIDDLE_NAME,Abramov,Ivan Abramov,1978-04-12,Synthetic City B,SY,332 Watchlist Street,Synthetic City A,KP,SYN-P-68196068,SYN-N-170646523,NOT_APPLICABLE_INDIVIDUAL,Internal Watchlist,Synthetic prototype record,Synthetic Prototype,2024-01-01,1,Critical,1
WL000695,Individual,Ivan Abramov,Ivan,NO_MIDDLE_NAME,Abramov,Ivan Abramov,1978-04-12,Synthetic City B,SY,166 Watchlist Street,Synthetic City A,RU,SYN-P-90681355,SYN-N-062540223,NOT_APPLICABLE_INDIVIDUAL,Internal Watchlist,Synthetic prototype record,Synthetic Prototype,2024-01-01,1,Critical,1
WL000696,Organization,Petrov Global Holdings,NOT_APPLICABLE_ORGANIZATION,NO_MIDDLE_NAME,NOT_APPLICABLE_ORGANIZATION,Petrov Group,1900-01-01,Synthetic City A,KP,294 Watchlist Street,Synthetic City B,SY,SYN-P-60539735,SYN-N-762084694,Petrov Global Holdings,Internal Watchlist,Synthetic prototype record,Synthetic Prototype,2024-01-01,1,Critical,0
WL000697,Individual,Elena Bashir,Elena,NO_MIDDLE_NAME,Bashir,Elena Bashir,1978-04-12,Synthetic City B,SY,125 Watchlist Street,Synthetic City A,SY,SYN-P-29436993,SYN-N-073544462,NOT_APPLICABLE_INDIVIDUAL,Synthetic Regional,Synthetic prototype record,Synthetic Prototype,2024-01-01,1,High,1
WL000698,Individual,Elena Volkov,Elena,NO_MIDDLE_NAME,Volkov,Elena Volkov,1978-04-12,Unknown,RU,155 Watchlist Street,Synthetic City B,RU,SYN-P-76219002,SYN-N-587047529,NOT_APPLICABLE_INDIVIDUAL,Internal Watchlist,Synthetic prototype record,Synthetic Prototype,2024-01-01,1,High,1
WL000699,Organization,Karimov Global Holdings,NOT_APPLICABLE_ORGANIZATION,NO_MIDDLE_NAME,NOT_APPLICABLE_ORGANIZATION,Karimov Group,1900-01-01,Synthetic City A,SY,12 Watchlist Street,Synthetic City B,RU,SYN-P-66808638,SYN-N-706088287,Karimov Global Holdings,Internal Watchlist,Synthetic prototype record,Synthetic Prototype,2024-01-01,1,High,0
WL000700,Individual,Sergei Bashir,Sergei,NO_MIDDLE_NAME,Bashir,Sergei Bashir,1978-04-12,Synthetic City B,KP,72 Watchlist Street,Synthetic City A,SY,SYN-P-97827581,SYN-N-964598977,NOT_APPLICABLE_INDIVIDUAL,Synthetic Global,Synthetic prototype record,Synthetic Prototype,2024-01-01,1,Critical,1
WL000701,Individual,Ivan Sokolov,Ivan,NO_MIDDLE_NAME,Sokolov,Ivan Sokolov,1978-04-12,Synthetic City B,KP,122 Watchlist Street,Synthetic City B,SY,SYN-P-64765256,SYN-N-648730547,NOT_APPLICABLE_INDIVIDUAL,Synthetic Regional,Synthetic prototype record,Synthetic Prototype,2024-01-01,1,Critical,1
WL000702,Individual,Dmitri Ivanov,Dmitri,NO_MIDDLE_NAME,Ivanov,Dmitri Ivanov,1978-04-12,Synthetic City A,SY,31 Watchlist Street,Synthetic City B,RU,SYN-P-50923326,SYN-N-522042372,NOT_APPLICABLE_INDIVIDUAL,Synthetic Global,Synthetic prototype record,Synthetic Prototype,2024-01-01,1,Critical,1
WL000703,Organization,Bashir Global Holdings,NOT_APPLICABLE_ORGANIZATION,NO_MIDDLE_NAME,NOT_APPLICABLE_ORGANIZATION,Bashir Group,1900-01-01,Synthetic City A,RU,25 Watchlist Street,Synthetic City B,KP,SYN-P-99778637,SYN-N-684674976,Bashir Global Holdings,Internal Watchlist,Synthetic prototype record,Synthetic Prototype,2024-01-01,1,High,0
WL000704,Organization,Volkov Global Holdings,NOT_APPLICABLE_ORGANIZATION,NO_MIDDLE_NAME,NOT_APPLICABLE_ORGANIZATION,Volkov Group,1900-01-01,Unknown,SY,224 Watchlist Street,Synthetic City A,SY,SYN-P-81559895,SYN-N-110081146,Volkov Global Holdings,Internal Watchlist,Synthetic prototype record,Synthetic Prototype,2024-01-01,1,High,0
WL000705,Individual,Laila Karimov,Laila,NO_MIDDLE_NAME,Karimov,Laila Karimov,1978-04-12,Synthetic City B,RU,41 Watchlist Street,Synthetic City A,RU,SYN-P-87743614,SYN-N-016540015,NOT_APPLICABLE_INDIVIDUAL,Synthetic Global,Synthetic prototype record,Synthetic Prototype,2024-01-01,1,High,1
WL000706,Individual,Karim Karimov,Karim,NO_MIDDLE_NAME,Karimov,Karim Karimov,1978-04-12,Synthetic City B,RU,270 Watchlist Street,Synthetic City B,RU,SYN-P-10060345,SYN-N-464780918,NOT_APPLICABLE_INDIVIDUAL,Internal Watchlist,Synthetic prototype record,Synthetic Prototype,2024-01-01,1,Critical,1
WL000707,Individual,Laila Volkov,Laila,NO_MIDDLE_NAME,Volkov,Laila Volkov,1978-04-12,Synthetic City B,SY,66 Watchlist Street,Synthetic City A,SY,SYN-P-96669429,SYN-N-339843679,NOT_APPLICABLE_INDIVIDUAL,Synthetic Global,Synthetic prototype record,Synthetic Prototype,2024-01-01,1,Critical,1
WL000708,Organization,Petrov Global Holdings,NOT_APPLICABLE_ORGANIZATION,NO_MIDDLE_NAME,NOT_APPLICABLE_ORGANIZATION,Petrov Group,1900-01-01,Synthetic City B,SY,287 Watchlist Street,Synthetic City B,RU,SYN-P-72202921,SYN-N-945051273,Petrov Global Holdings,Synthetic Regional,Synthetic prototype record,Synthetic Prototype,2024-01-01,1,Critical,0
WL000709,Individual,Dmitri Petrov,Dmitri,NO_MIDDLE_NAME,Petrov,Dmitri Petrov,1978-04-12,Synthetic City B,RU,316 Watchlist Street,Synthetic City A,SY,SYN-P-70532550,SYN-N-282568337,NOT_APPLICABLE_INDIVIDUAL,Internal Watchlist,Synthetic prototype record,Synthetic Prototype,2024-01-01,1,High,1
WL000710,Individual,Hassan Bashir,Hassan,NO_MIDDLE_NAME,Bashir,Hassan Bashir,1978-04-12,Synthetic City B,RU,262 Watchlist Street,Synthetic City A,SY,SYN-P-70366535,SYN-N-950876833,NOT_APPLICABLE_INDIVIDUAL,Synthetic Regional,Synthetic prototype record,Synthetic Prototype,2024-01-01,1,High,1
WL000711,Individual,Ivan Sokolov,Ivan,NO_MIDDLE_NAME,Sokolov,Ivan Sokolov,1978-04-12,Unknown,KP,218 Watchlist Street,Synthetic City A,RU,SYN-P-81706120,SYN-N-847025936,NOT_APPLICABLE_INDIVIDUAL,Synthetic Global,Synthetic prototype record,Synthetic Prototype,2024-01-01,1,High,1
WL000712,Individual,Hassan Volkov,Hassan,NO_MIDDLE_NAME,Volkov,Hassan Volkov,1978-04-12,Unknown,RU,210 Watchlist Street,Synthetic City B,RU,SYN-P-47942665,SYN-N-095524150,NOT_APPLICABLE_INDIVIDUAL,Synthetic Global,Synthetic prototype record,Synthetic Prototype,2024-01-01,1,High,1
WL000713,Organization,Abramov Global Holdings,NOT_APPLICABLE_ORGANIZATION,NO_MIDDLE_NAME,NOT_APPLICABLE_ORGANIZATION,Abramov Group,1900-01-01,Synthetic City A,KP,146 Watchlist Street,Synthetic City A,RU,SYN-P-94366069,SYN-N-296075653,Abramov Global Holdings,Internal Watchlist,Synthetic prototype record,Synthetic Prototype,2024-01-01,1,Critical,0
WL000714,Organization,Volkov Global Holdings,NOT_APPLICABLE_ORGANIZATION,NO_MIDDLE_NAME,NOT_APPLICABLE_ORGANIZATION,Volkov Group,1900-01-01,Synthetic City A,SY,29 Watchlist Street,Synthetic City B,RU,SYN-P-50759981,SYN-N-016570290,Volkov Global Holdings,Internal Watchlist,Synthetic prototype record,Synthetic Prototype,2024-01-01,0,High,0
WL000715,Individual,Dmitri Haddad,Dmitri,NO_MIDDLE_NAME,Haddad,Dmitri Haddad,1978-04-12,Synthetic City A,RU,356 Watchlist Street,Synthetic City A,RU,SYN-P-06402225,SYN-N-265942327,NOT_APPLICABLE_INDIVIDUAL,Synthetic Regional,Synthetic prototype record,Synthetic Prototype,2024-01-01,1,High,1
WL000716,Individual,Omar Ivanov,Omar,NO_MIDDLE_NAME,Ivanov,Omar Ivanov,1978-04-12,Unknown,SY,103 Watchlist Street,Synthetic City A,RU,SYN-P-46873706,SYN-N-864771120,NOT_APPLICABLE_INDIVIDUAL,Synthetic Global,Synthetic prototype record,Synthetic Prototype,2024-01-01,1,High,1
WL000717,Individual,Hassan Abramov,Hassan,NO_MIDDLE_NAME,Abramov,Hassan Abramov,1978-04-12,Unknown,SY,364 Watchlist Street,Synthetic City B,RU,SYN-P-89781413,SYN-N-163676540,NOT_APPLICABLE_INDIVIDUAL,Internal Watchlist,Synthetic prototype record,Synthetic Prototype,2024-01-01,1,High,1
WL000718,Individual,Elena Abramov,Elena,NO_MIDDLE_NAME,Abramov,Elena Abramov,1978-04-12,Synthetic City B,RU,237 Watchlist Street,Synthetic City B,SY,SYN-P-53769401,SYN-N-264408577,NOT_APPLICABLE_INDIVIDUAL,Synthetic Regional,Synthetic prototype record,Synthetic Prototype,2024-01-01,1,High,1
WL000719,Individual,Karim Abramov,Karim,NO_MIDDLE_NAME,Abramov,Karim Abramov,1978-04-12,Unknown,SY,374 Watchlist Street,Synthetic City B,KP,SYN-P-61698907,SYN-N-788066301,NOT_APPLICABLE_INDIVIDUAL,Synthetic Regional,Synthetic prototype record,Synthetic Prototype,2024-01-01,1,Critical,1
WL000720,Individual,Sergei Petrov,Sergei,NO_MIDDLE_NAME,Petrov,Sergei Petrov,1978-04-12,Synthetic City B,SY,72 Watchlist Street,Synthetic City A,RU,SYN-P-12961236,SYN-N-368287970,NOT_APPLICABLE_INDIVIDUAL,Synthetic Regional,Synthetic prototype record,Synthetic Prototype,2024-01-01,1,Critical,1
WL000721,Individual,Farid Petrov,Farid,NO_MIDDLE_NAME,Petrov,Farid Petrov,1978-04-12,Unknown,SY,318 Watchlist Street,Synthetic City B,SY,SYN-P-51369772,SYN-N-681543023,NOT_APPLICABLE_INDIVIDUAL,Synthetic Regional,Synthetic prototype record,Synthetic Prototype,2024-01-01,1,Critical,1
WL000722,Individual,Laila Haddad,Laila,NO_MIDDLE_NAME,Haddad,Laila Haddad,1978-04-12,Synthetic City B,RU,99 Watchlist Street,Synthetic City A,SY,SYN-P-96714518,SYN-N-550327472,NOT_APPLICABLE_INDIVIDUAL,Synthetic Regional,Synthetic prototype record,Synthetic Prototype,2024-01-01,1,High,1
WL000723,Individual,Ivan Haddad,Ivan,NO_MIDDLE_NAME,Haddad,Ivan Haddad,1978-04-12,Synthetic City B,RU,368 Watchlist Street,Synthetic City A,RU,SYN-P-62827951,SYN-N-006218261,NOT_APPLICABLE_INDIVIDUAL,Internal Watchlist,Synthetic prototype record,Synthetic Prototype,2024-01-01,1,Critical,1
WL000724,Individual,Omar Volkov,Omar,NO_MIDDLE_NAME,Volkov,Omar Volkov,1978-04-12,Synthetic City A,RU,263 Watchlist Street,Synthetic City A,SY,SYN-P-81520786,SYN-N-902436414,NOT_APPLICABLE_INDIVIDUAL,Synthetic Global,Synthetic prototype record,Synthetic Prototype,2024-01-01,1,High,1
WL000725,Individual,Laila Karimov,Laila,NO_MIDDLE_NAME,Karimov,Laila Karimov,1978-04-12,Unknown,SY,326 Watchlist Street,Synthetic City A,SY,SYN-P-49721004,SYN-N-825765065,NOT_APPLICABLE_INDIVIDUAL,Synthetic Regional,Synthetic prototype record,Synthetic Prototype,2024-01-01,1,High,1
WL000726,Individual,Sergei Bashir,Sergei,NO_MIDDLE_NAME,Bashir,Sergei Bashir,1978-04-12,Synthetic City B,SY,101 Watchlist Street,Synthetic City B,SY,SYN-P-34179238,SYN-N-188541022,NOT_APPLICABLE_INDIVIDUAL,Synthetic Global,Synthetic prototype record,Synthetic Prototype,2024-01-01,1,High,1
WL000727,Individual,Sergei Haddad,Sergei,NO_MIDDLE_NAME,Haddad,Sergei Haddad,1978-04-12,Synthetic City B,SY,279 Watchlist Street,Synthetic City A,SY,SYN-P-54318461,SYN-N-734446324,NOT_APPLICABLE_INDIVIDUAL,Synthetic Global,Synthetic prototype record,Synthetic Prototype,2024-01-01,1,High,1
WL000728,Organization,Petrov Global Holdings,NOT_APPLICABLE_ORGANIZATION,NO_MIDDLE_NAME,NOT_APPLICABLE_ORGANIZATION,Petrov Group,1900-01-01,Synthetic City A,KP,75 Watchlist Street,Synthetic City A,KP,SYN-P-76474445,SYN-N-234674340,Petrov Global Holdings,Synthetic Global,Synthetic prototype record,Synthetic Prototype,2024-01-01,1,Critical,0
WL000729,Organization,Ivanov Global Holdings,NOT_APPLICABLE_ORGANIZATION,NO_MIDDLE_NAME,NOT_APPLICABLE_ORGANIZATION,Ivanov Group,1900-01-01,Synthetic City A,RU,68 Watchlist Street,Synthetic City B,RU,SYN-P-03155674,SYN-N-305556117,Ivanov Global Holdings,Internal Watchlist,Synthetic prototype record,Synthetic Prototype,2024-01-01,1,Critical,0
WL000730,Individual,Karim Bashir,Karim,NO_MIDDLE_NAME,Bashir,Karim Bashir,1978-04-12,Synthetic City A,RU,376 Watchlist Street,Synthetic City A,RU,SYN-P-87842216,SYN-N-455185429,NOT_APPLICABLE_INDIVIDUAL,Internal Watchlist,Synthetic prototype record,Synthetic Prototype,2024-01-01,1,High,1
WL000731,Individual,Omar Haddad,Omar,NO_MIDDLE_NAME,Haddad,Omar Haddad,1978-04-12,Unknown,RU,213 Watchlist Street,Synthetic City B,KP,SYN-P-34530720,SYN-N-730068760,NOT_APPLICABLE_INDIVIDUAL,Internal Watchlist,Synthetic prototype record,Synthetic Prototype,2024-01-01,1,Critical,1
WL000732,Individual,Elena Bashir,Elena,NO_MIDDLE_NAME,Bashir,Elena Bashir,1978-04-12,Unknown,KP,340 Watchlist Street,Synthetic City B,KP,SYN-P-72740263,SYN-N-876047364,NOT_APPLICABLE_INDIVIDUAL,Internal Watchlist,Synthetic prototype record,Synthetic Prototype,2024-01-01,1,High,1
WL000733,Individual,Ivan Sokolov,Ivan,NO_MIDDLE_NAME,Sokolov,Ivan Sokolov,1978-04-12,Synthetic City B,SY,20 Watchlist Street,Synthetic City A,SY,SYN-P-83873143,SYN-N-388487678,NOT_APPLICABLE_INDIVIDUAL,Synthetic Regional,Synthetic prototype record,Synthetic Prototype,2024-01-01,1,High,1
WL000734,Individual,Farid Ivanov,Farid,NO_MIDDLE_NAME,Ivanov,Farid Ivanov,1978-04-12,Synthetic City B,SY,376 Watchlist Street,Synthetic City B,SY,SYN-P-90717319,SYN-N-982836680,NOT_APPLICABLE_INDIVIDUAL,Synthetic Regional,Synthetic prototype record,Synthetic Prototype,2024-01-01,1,Critical,1
WL000735,Organization,Abramov Global Holdings,NOT_APPLICABLE_ORGANIZATION,NO_MIDDLE_NAME,NOT_APPLICABLE_ORGANIZATION,Abramov Group,1900-01-01,Synthetic City B,RU,265 Watchlist Street,Synthetic City A,RU,SYN-P-60680434,SYN-N-054533382,Abramov Global Holdings,Internal Watchlist,Synthetic prototype record,Synthetic Prototype,2024-01-01,1,Critical,0
WL000736,Individual,Omar Sokolov,Omar,NO_MIDDLE_NAME,Sokolov,Omar Sokolov,1978-04-12,Synthetic City B,KP,301 Watchlist Street,Synthetic City A,KP,SYN-P-71561679,SYN-N-287109030,NOT_APPLICABLE_INDIVIDUAL,Synthetic Global,Synthetic prototype record,Synthetic Prototype,2024-01-01,0,Critical,1
WL000737,Individual,Dmitri Sokolov,Dmitri,NO_MIDDLE_NAME,Sokolov,Dmitri Sokolov,1978-04-12,Synthetic City B,KP,330 Watchlist Street,Synthetic City B,KP,SYN-P-11532902,SYN-N-373865304,NOT_APPLICABLE_INDIVIDUAL,Synthetic Regional,Synthetic prototype record,Synthetic Prototype,2024-01-01,1,Critical,1
WL000738,Individual,Alexander Sokolov,Alexander,NO_MIDDLE_NAME,Sokolov,Alexander Sokolov,1978-04-12,Synthetic City B,SY,5 Watchlist Street,Synthetic City A,KP,SYN-P-40525021,SYN-N-768843381,NOT_APPLICABLE_INDIVIDUAL,Synthetic Global,Synthetic prototype record,Synthetic Prototype,2024-01-01,1,Critical,1
WL000739,Individual,Sergei Sokolov,Sergei,NO_MIDDLE_NAME,Sokolov,Sergei Sokolov,1978-04-12,Unknown,SY,337 Watchlist Street,Synthetic City A,RU,SYN-P-29707923,SYN-N-712929339,NOT_APPLICABLE_INDIVIDUAL,Synthetic Regional,Synthetic prototype record,Synthetic Prototype,2024-01-01,1,High,1
WL000740,Organization,Haddad Global Holdings,NOT_APPLICABLE_ORGANIZATION,NO_MIDDLE_NAME,NOT_APPLICABLE_ORGANIZATION,Haddad Group,1900-01-01,Unknown,KP,166 Watchlist Street,Synthetic City B,RU,SYN-P-31456594,SYN-N-025556453,Haddad Global Holdings,Synthetic Global,Synthetic prototype record,Synthetic Prototype,2024-01-01,1,Critical,0
WL000741,Individual,Omar Abramov,Omar,NO_MIDDLE_NAME,Abramov,Omar Abramov,1978-04-12,Unknown,SY,78 Watchlist Street,Synthetic City A,SY,SYN-P-55534780,SYN-N-479803690,NOT_APPLICABLE_INDIVIDUAL,Synthetic Global,Synthetic prototype record,Synthetic Prototype,2024-01-01,1,Critical,1
WL000742,Individual,Elena Ivanov,Elena,NO_MIDDLE_NAME,Ivanov,Elena Ivanov,1978-04-12,Synthetic City A,SY,272 Watchlist Street,Synthetic City B,KP,SYN-P-51546669,SYN-N-053646745,NOT_APPLICABLE_INDIVIDUAL,Synthetic Regional,Synthetic prototype record,Synthetic Prototype,2024-01-01,1,Critical,1
WL000743,Individual,Omar Bashir,Omar,NO_MIDDLE_NAME,Bashir,Omar Bashir,1978-04-12,Unknown,RU,122 Watchlist Street,Synthetic City B,KP,SYN-P-44551039,SYN-N-755568015,NOT_APPLICABLE_INDIVIDUAL,Synthetic Regional,Synthetic prototype record,Synthetic Prototype,2024-01-01,1,Critical,1
WL000744,Individual,Omar Sokolov,Omar,NO_MIDDLE_NAME,Sokolov,Omar Sokolov,1978-04-12,Synthetic City B,KP,260 Watchlist Street,Synthetic City A,KP,SYN-P-43964802,SYN-N-062066328,NOT_APPLICABLE_INDIVIDUAL,Internal Watchlist,Synthetic prototype record,Synthetic Prototype,2024-01-01,1,Critical,1
WL000745,Individual,Alexander Bashir,Alexander,NO_MIDDLE_NAME,Bashir,Alexander Bashir,1978-04-12,Synthetic City B,RU,62 Watchlist Street,Synthetic City A,KP,SYN-P-63908637,SYN-N-571613866,NOT_APPLICABLE_INDIVIDUAL,Synthetic Global,Synthetic prototype record,Synthetic Prototype,2024-01-01,1,High,1
WL000746,Individual,Elena Abramov,Elena,NO_MIDDLE_NAME,Abramov,Elena Abramov,1978-04-12,Unknown,SY,326 Watchlist Street,Synthetic City A,SY,SYN-P-63543983,SYN-N-556119024,NOT_APPLICABLE_INDIVIDUAL,Synthetic Regional,Synthetic prototype record,Synthetic Prototype,2024-01-01,1,Critical,1
WL000747,Individual,Farid Abramov,Farid,NO_MIDDLE_NAME,Abramov,Farid Abramov,1978-04-12,Unknown,RU,310 Watchlist Street,Synthetic City A,RU,SYN-P-19994480,SYN-N-497675114,NOT_APPLICABLE_INDIVIDUAL,Synthetic Global,Synthetic prototype record,Synthetic Prototype,2024-01-01,1,High,1
WL000748,Organization,Haddad Global Holdings,NOT_APPLICABLE_ORGANIZATION,NO_MIDDLE_NAME,NOT_APPLICABLE_ORGANIZATION,Haddad Group,1900-01-01,Synthetic City A,SY,265 Watchlist Street,Synthetic City B,SY,SYN-P-60189160,SYN-N-003126478,Haddad Global Holdings,Internal Watchlist,Synthetic prototype record,Synthetic Prototype,2024-01-01,1,Critical,0
WL000749,Organization,Abramov Global Holdings,NOT_APPLICABLE_ORGANIZATION,NO_MIDDLE_NAME,NOT_APPLICABLE_ORGANIZATION,Abramov Group,1900-01-01,Synthetic City A,SY,386 Watchlist Street,Synthetic City A,SY,SYN-P-00314736,SYN-N-964710105,Abramov Global Holdings,Synthetic Regional,Synthetic prototype record,Synthetic Prototype,2024-01-01,0,High,0
WL000750,Individual,Sergei Bashir,Sergei,NO_MIDDLE_NAME,Bashir,Sergei Bashir,1978-04-12,Synthetic City B,RU,111 Watchlist Street,Synthetic City A,RU,SYN-P-91915992,SYN-N-301776715,NOT_APPLICABLE_INDIVIDUAL,Internal Watchlist,Synthetic prototype record,Synthetic Prototype,2024-01-01,1,High,1
WL000751,Individual,Hassan Volkov,Hassan,NO_MIDDLE_NAME,Volkov,Hassan Volkov,1978-04-12,Synthetic City A,KP,67 Watchlist Street,Synthetic City B,RU,SYN-P-41199298,SYN-N-265580695,NOT_APPLICABLE_INDIVIDUAL,Synthetic Global,Synthetic prototype record,Synthetic Prototype,2024-01-01,1,High,1
WL000752,Individual,Laila Abramov,Laila,NO_MIDDLE_NAME,Abramov,Laila Abramov,1978-04-12,Synthetic City A,KP,397 Watchlist Street,Synthetic City B,RU,SYN-P-09529054,SYN-N-815408763,NOT_APPLICABLE_INDIVIDUAL,Internal Watchlist,Synthetic prototype record,Synthetic Prototype,2024-01-01,1,High,1
WL000753,Individual,Ivan Volkov,Ivan,NO_MIDDLE_NAME,Volkov,Ivan Volkov,1978-04-12,Unknown,RU,63 Watchlist Street,Synthetic City A,RU,SYN-P-43904673,SYN-N-893412935,NOT_APPLICABLE_INDIVIDUAL,Internal Watchlist,Synthetic prototype record,Synthetic Prototype,2024-01-01,1,Critical,1
WL000754,Individual,Hassan Petrov,Hassan,NO_MIDDLE_NAME,Petrov,Hassan Petrov,1978-04-12,Synthetic City B,RU,226 Watchlist Street,Synthetic City B,KP,SYN-P-47010030,SYN-N-301084454,NOT_APPLICABLE_INDIVIDUAL,Internal Watchlist,Synthetic prototype record,Synthetic Prototype,2024-01-01,1,High,1
WL000755,Individual,Laila Petrov,Laila,NO_MIDDLE_NAME,Petrov,Laila Petrov,1978-04-12,Synthetic City B,SY,261 Watchlist Street,Synthetic City B,KP,SYN-P-24315425,SYN-N-475299580,NOT_APPLICABLE_INDIVIDUAL,Internal Watchlist,Synthetic prototype record,Synthetic Prototype,2024-01-01,1,High,1
WL000756,Individual,Alexander Karimov,Alexander,NO_MIDDLE_NAME,Karimov,Alexander Karimov,1978-04-12,Synthetic City A,KP,86 Watchlist Street,Synthetic City B,SY,SYN-P-31111188,SYN-N-335467548,NOT_APPLICABLE_INDIVIDUAL,Synthetic Global,Synthetic prototype record,Synthetic Prototype,2024-01-01,1,Critical,1
WL000757,Individual,Dmitri Karimov,Dmitri,NO_MIDDLE_NAME,Karimov,Dmitri Karimov,1978-04-12,Synthetic City A,RU,281 Watchlist Street,Synthetic City B,RU,SYN-P-88621028,SYN-N-116296636,NOT_APPLICABLE_INDIVIDUAL,Synthetic Regional,Synthetic prototype record,Synthetic Prototype,2024-01-01,1,High,1
WL000758,Individual,Hassan Ivanov,Hassan,NO_MIDDLE_NAME,Ivanov,Hassan Ivanov,1978-04-12,Unknown,RU,196 Watchlist Street,Synthetic City A,KP,SYN-P-30122735,SYN-N-889320515,NOT_APPLICABLE_INDIVIDUAL,Synthetic Regional,Synthetic prototype record,Synthetic Prototype,2024-01-01,1,Critical,1
WL000759,Individual,Omar Abramov,Omar,NO_MIDDLE_NAME,Abramov,Omar Abramov,1978-04-12,Synthetic City B,SY,59 Watchlist Street,Synthetic City A,SY,SYN-P-95444791,SYN-N-001405966,NOT_APPLICABLE_INDIVIDUAL,Synthetic Regional,Synthetic prototype record,Synthetic Prototype,2024-01-01,1,High,1
WL000760,Individual,Laila Bashir,Laila,NO_MIDDLE_NAME,Bashir,Laila Bashir,1978-04-12,Synthetic City B,SY,395 Watchlist Street,Synthetic City A,KP,SYN-P-02045498,SYN-N-940533718,NOT_APPLICABLE_INDIVIDUAL,Internal Watchlist,Synthetic prototype record,Synthetic Prototype,2024-01-01,1,High,1
WL000761,Individual,Hassan Karimov,Hassan,NO_MIDDLE_NAME,Karimov,Hassan Karimov,1978-04-12,Synthetic City A,KP,84 Watchlist Street,Synthetic City B,SY,SYN-P-82901371,SYN-N-023448303,NOT_APPLICABLE_INDIVIDUAL,Synthetic Regional,Synthetic prototype record,Synthetic Prototype,2024-01-01,1,High,1
WL000762,Individual,Karim Haddad,Karim,NO_MIDDLE_NAME,Haddad,Karim Haddad,1978-04-12,Synthetic City A,SY,41 Watchlist Street,Synthetic City A,SY,SYN-P-19278497,SYN-N-748146696,NOT_APPLICABLE_INDIVIDUAL,Internal Watchlist,Synthetic prototype record,Synthetic Prototype,2024-01-01,0,High,1
WL000763,Individual,Hassan Volkov,Hassan,NO_MIDDLE_NAME,Volkov,Hassan Volkov,1978-04-12,Synthetic City A,KP,368 Watchlist Street,Synthetic City A,SY,SYN-P-07035955,SYN-N-777611756,NOT_APPLICABLE_INDIVIDUAL,Synthetic Regional,Synthetic prototype record,Synthetic Prototype,2024-01-01,1,Critical,1
WL000764,Individual,Hassan Bashir,Hassan,NO_MIDDLE_NAME,Bashir,Hassan Bashir,1978-04-12,Synthetic City B,RU,135 Watchlist Street,Synthetic City B,RU,SYN-P-16732600,SYN-N-690055017,NOT_APPLICABLE_INDIVIDUAL,Internal Watchlist,Synthetic prototype record,Synthetic Prototype,2024-01-01,1,High,1
WL000765,Organization,Volkov Global Holdings,NOT_APPLICABLE_ORGANIZATION,NO_MIDDLE_NAME,NOT_APPLICABLE_ORGANIZATION,Volkov Group,1900-01-01,Unknown,RU,170 Watchlist Street,Synthetic City B,KP,SYN-P-38284423,SYN-N-720440419,Volkov Global Holdings,Internal Watchlist,Synthetic prototype record,Synthetic Prototype,2024-01-01,1,Critical,0
WL000766,Individual,Alexander Haddad,Alexander,NO_MIDDLE_NAME,Haddad,Alexander Haddad,1978-04-12,Synthetic City A,SY,141 Watchlist Street,Synthetic City A,RU,SYN-P-54116275,SYN-N-659518408,NOT_APPLICABLE_INDIVIDUAL,Internal Watchlist,Synthetic prototype record,Synthetic Prototype,2024-01-01,1,Critical,1
WL000767,Individual,Karim Abramov,Karim,NO_MIDDLE_NAME,Abramov,Karim Abramov,1978-04-12,Synthetic City B,SY,368 Watchlist Street,Synthetic City A,RU,SYN-P-19926594,SYN-N-448620879,NOT_APPLICABLE_INDIVIDUAL,Synthetic Global,Synthetic prototype record,Synthetic Prototype,2024-01-01,1,High,1
WL000768,Individual,Omar Volkov,Omar,NO_MIDDLE_NAME,Volkov,Omar Volkov,1978-04-12,Unknown,KP,227 Watchlist Street,Synthetic City A,SY,SYN-P-65096760,SYN-N-458090796,NOT_APPLICABLE_INDIVIDUAL,Synthetic Global,Synthetic prototype record,Synthetic Prototype,2024-01-01,1,Critical,1
WL000769,Organization,Volkov Global Holdings,NOT_APPLICABLE_ORGANIZATION,NO_MIDDLE_NAME,NOT_APPLICABLE_ORGANIZATION,Volkov Group,1900-01-01,Synthetic City A,SY,114 Watchlist Street,Synthetic City B,KP,SYN-P-45868776,SYN-N-057890631,Volkov Global Holdings,Internal Watchlist,Synthetic prototype record,Synthetic Prototype,2024-01-01,1,High,0
WL000770,Individual,Omar Petrov,Omar,NO_MIDDLE_NAME,Petrov,Omar Petrov,1978-04-12,Unknown,KP,101 Watchlist Street,Synthetic City A,RU,SYN-P-37138588,SYN-N-891950531,NOT_APPLICABLE_INDIVIDUAL,Synthetic Regional,Synthetic prototype record,Synthetic Prototype,2024-01-01,1,High,1
WL000771,Organization,Haddad Global Holdings,NOT_APPLICABLE_ORGANIZATION,NO_MIDDLE_NAME,NOT_APPLICABLE_ORGANIZATION,Haddad Group,1900-01-01,Unknown,KP,339 Watchlist Street,Synthetic City A,RU,SYN-P-26059770,SYN-N-865953475,Haddad Global Holdings,Synthetic Regional,Synthetic prototype record,Synthetic Prototype,2024-01-01,1,High,0
WL000772,Individual,Farid Abramov,Farid,NO_MIDDLE_NAME,Abramov,Farid Abramov,1978-04-12,Synthetic City B,SY,174 Watchlist Street,Synthetic City B,RU,SYN-P-02665568,SYN-N-352256060,NOT_APPLICABLE_INDIVIDUAL,Synthetic Regional,Synthetic prototype record,Synthetic Prototype,2024-01-01,1,High,1
WL000773,Individual,Elena Volkov,Elena,NO_MIDDLE_NAME,Volkov,Elena Volkov,1978-04-12,Synthetic City B,SY,251 Watchlist Street,Synthetic City B,KP,SYN-P-22073736,SYN-N-473071710,NOT_APPLICABLE_INDIVIDUAL,Synthetic Global,Synthetic prototype record,Synthetic Prototype,2024-01-01,1,High,1
WL000774,Individual,Laila Bashir,Laila,NO_MIDDLE_NAME,Bashir,Laila Bashir,1978-04-12,Unknown,SY,234 Watchlist Street,Synthetic City A,KP,SYN-P-35728333,SYN-N-893925881,NOT_APPLICABLE_INDIVIDUAL,Synthetic Global,Synthetic prototype record,Synthetic Prototype,2024-01-01,1,High,1
WL000775,Individual,Farid Abramov,Farid,NO_MIDDLE_NAME,Abramov,Farid Abramov,1978-04-12,Synthetic City A,KP,67 Watchlist Street,Synthetic City A,SY,SYN-P-11372302,SYN-N-584476345,NOT_APPLICABLE_INDIVIDUAL,Synthetic Regional,Synthetic prototype record,Synthetic Prototype,2024-01-01,1,Critical,1
WL000776,Individual,Omar Bashir,Omar,NO_MIDDLE_NAME,Bashir,Omar Bashir,1978-04-12,Synthetic City A,SY,230 Watchlist Street,Synthetic City A,KP,SYN-P-45305977,SYN-N-095869821,NOT_APPLICABLE_INDIVIDUAL,Synthetic Global,Synthetic prototype record,Synthetic Prototype,2024-01-01,1,High,1
WL000777,Individual,Dmitri Volkov,Dmitri,NO_MIDDLE_NAME,Volkov,Dmitri Volkov,1978-04-12,Synthetic City A,RU,287 Watchlist Street,Synthetic City A,SY,SYN-P-72832466,SYN-N-058156450,NOT_APPLICABLE_INDIVIDUAL,Synthetic Global,Synthetic prototype record,Synthetic Prototype,2024-01-01,1,Critical,1
WL000778,Individual,Laila Abramov,Laila,NO_MIDDLE_NAME,Abramov,Laila Abramov,1978-04-12,Unknown,KP,317 Watchlist Street,Synthetic City B,KP,SYN-P-48896694,SYN-N-076138398,NOT_APPLICABLE_INDIVIDUAL,Synthetic Regional,Synthetic prototype record,Synthetic Prototype,2024-01-01,1,High,1
WL000779,Individual,Laila Bashir,Laila,NO_MIDDLE_NAME,Bashir,Laila Bashir,1978-04-12,Synthetic City B,SY,201 Watchlist Street,Synthetic City A,RU,SYN-P-91704397,SYN-N-938999275,NOT_APPLICABLE_INDIVIDUAL,Synthetic Regional,Synthetic prototype record,Synthetic Prototype,2024-01-01,1,Critical,1
WL000780,Individual,Dmitri Petrov,Dmitri,NO_MIDDLE_NAME,Petrov,Dmitri Petrov,1978-04-12,Synthetic City B,SY,222 Watchlist Street,Synthetic City B,KP,SYN-P-42937822,SYN-N-926815991,NOT_APPLICABLE_INDIVIDUAL,Synthetic Regional,Synthetic prototype record,Synthetic Prototype,2024-01-01,1,Critical,1
WL000781,Individual,Omar Karimov,Omar,NO_MIDDLE_NAME,Karimov,Omar Karimov,1978-04-12,Unknown,RU,303 Watchlist Street,Synthetic City B,RU,SYN-P-84412140,SYN-N-004301414,NOT_APPLICABLE_INDIVIDUAL,Internal Watchlist,Synthetic prototype record,Synthetic Prototype,2024-01-01,1,Critical,1
WL000782,Individual,Elena Petrov,Elena,NO_MIDDLE_NAME,Petrov,Elena Petrov,1978-04-12,Unknown,RU,59 Watchlist Street,Synthetic City B,SY,SYN-P-35086275,SYN-N-601336046,NOT_APPLICABLE_INDIVIDUAL,Internal Watchlist,Synthetic prototype record,Synthetic Prototype,2024-01-01,1,High,1
WL000783,Individual,Omar Karimov,Omar,NO_MIDDLE_NAME,Karimov,Omar Karimov,1978-04-12,Unknown,SY,222 Watchlist Street,Synthetic City A,RU,SYN-P-55442133,SYN-N-401683626,NOT_APPLICABLE_INDIVIDUAL,Internal Watchlist,Synthetic prototype record,Synthetic Prototype,2024-01-01,1,High,1
WL000784,Organization,Sokolov Global Holdings,NOT_APPLICABLE_ORGANIZATION,NO_MIDDLE_NAME,NOT_APPLICABLE_ORGANIZATION,Sokolov Group,1900-01-01,Synthetic City A,KP,190 Watchlist Street,Synthetic City A,RU,SYN-P-81965161,SYN-N-857782074,Sokolov Global Holdings,Synthetic Global,Synthetic prototype record,Synthetic Prototype,2024-01-01,1,High,0
WL000785,Organization,Karimov Global Holdings,NOT_APPLICABLE_ORGANIZATION,NO_MIDDLE_NAME,NOT_APPLICABLE_ORGANIZATION,Karimov Group,1900-01-01,Synthetic City B,SY,375 Watchlist Street,Synthetic City B,SY,SYN-P-80658778,SYN-N-986022607,Karimov Global Holdings,Synthetic Regional,Synthetic prototype record,Synthetic Prototype,2024-01-01,1,Critical,0
WL000786,Individual,Dmitri Haddad,Dmitri,NO_MIDDLE_NAME,Haddad,Dmitri Haddad,1978-04-12,Synthetic City A,SY,346 Watchlist Street,Synthetic City A,RU,SYN-P-70863319,SYN-N-517113799,NOT_APPLICABLE_INDIVIDUAL,Synthetic Global,Synthetic prototype record,Synthetic Prototype,2024-01-01,1,High,1
WL000787,Individual,Dmitri Ivanov,Dmitri,NO_MIDDLE_NAME,Ivanov,Dmitri Ivanov,1978-04-12,Synthetic City A,SY,325 Watchlist Street,Synthetic City A,RU,SYN-P-79192444,SYN-N-663728863,NOT_APPLICABLE_INDIVIDUAL,Synthetic Regional,Synthetic prototype record,Synthetic Prototype,2024-01-01,1,Critical,1
WL000788,Organization,Haddad Global Holdings,NOT_APPLICABLE_ORGANIZATION,NO_MIDDLE_NAME,NOT_APPLICABLE_ORGANIZATION,Haddad Group,1900-01-01,Synthetic City B,SY,295 Watchlist Street,Synthetic City A,RU,SYN-P-66070294,SYN-N-669709437,Haddad Global Holdings,Internal Watchlist,Synthetic prototype record,Synthetic Prototype,2024-01-01,1,High,0
WL000789,Individual,Omar Petrov,Omar,NO_MIDDLE_NAME,Petrov,Omar Petrov,1978-04-12,Synthetic City A,KP,290 Watchlist Street,Synthetic City B,SY,SYN-P-17699365,SYN-N-009925739,NOT_APPLICABLE_INDIVIDUAL,Internal Watchlist,Synthetic prototype record,Synthetic Prototype,2024-01-01,1,Critical,1
WL000790,Individual,Elena Sokolov,Elena,NO_MIDDLE_NAME,Sokolov,Elena Sokolov,1978-04-12,Unknown,KP,55 Watchlist Street,Synthetic City B,SY,SYN-P-36185924,SYN-N-691102626,NOT_APPLICABLE_INDIVIDUAL,Synthetic Regional,Synthetic prototype record,Synthetic Prototype,2024-01-01,1,High,1
WL000791,Individual,Dmitri Abramov,Dmitri,NO_MIDDLE_NAME,Abramov,Dmitri Abramov,1978-04-12,Unknown,RU,41 Watchlist Street,Synthetic City B,SY,SYN-P-28085850,SYN-N-115857560,NOT_APPLICABLE_INDIVIDUAL,Internal Watchlist,Synthetic prototype record,Synthetic Prototype,2024-01-01,1,Critical,1
WL000792,Organization,Karimov Global Holdings,NOT_APPLICABLE_ORGANIZATION,NO_MIDDLE_NAME,NOT_APPLICABLE_ORGANIZATION,Karimov Group,1900-01-01,Synthetic City B,KP,231 Watchlist Street,Synthetic City A,RU,SYN-P-84814763,SYN-N-783114229,Karimov Global Holdings,Synthetic Global,Synthetic prototype record,Synthetic Prototype,2024-01-01,1,High,0
WL000793,Individual,Ivan Abramov,Ivan,NO_MIDDLE_NAME,Abramov,Ivan Abramov,1978-04-12,Unknown,RU,398 Watchlist Street,Synthetic City B,KP,SYN-P-36708219,SYN-N-609184481,NOT_APPLICABLE_INDIVIDUAL,Synthetic Global,Synthetic prototype record,Synthetic Prototype,2024-01-01,1,High,1
WL000794,Organization,Abramov Global Holdings,NOT_APPLICABLE_ORGANIZATION,NO_MIDDLE_NAME,NOT_APPLICABLE_ORGANIZATION,Abramov Group,1900-01-01,Synthetic City A,SY,202 Watchlist Street,Synthetic City B,RU,SYN-P-54646528,SYN-N-193870443,Abramov Global Holdings,Synthetic Regional,Synthetic prototype record,Synthetic Prototype,2024-01-01,1,High,0
WL000795,Individual,Sergei Abramov,Sergei,NO_MIDDLE_NAME,Abramov,Sergei Abramov,1978-04-12,Synthetic City B,KP,236 Watchlist Street,Synthetic City B,KP,SYN-P-00495695,SYN-N-702943731,NOT_APPLICABLE_INDIVIDUAL,Synthetic Global,Synthetic prototype record,Synthetic Prototype,2024-01-01,1,High,1
WL000796,Individual,Dmitri Karimov,Dmitri,NO_MIDDLE_NAME,Karimov,Dmitri Karimov,1978-04-12,Synthetic City A,KP,383 Watchlist Street,Synthetic City A,SY,SYN-P-49554805,SYN-N-958745326,NOT_APPLICABLE_INDIVIDUAL,Synthetic Global,Synthetic prototype record,Synthetic Prototype,2024-01-01,1,High,1
WL000797,Organization,Ivanov Global Holdings,NOT_APPLICABLE_ORGANIZATION,NO_MIDDLE_NAME,NOT_APPLICABLE_ORGANIZATION,Ivanov Group,1900-01-01,Synthetic City B,KP,176 Watchlist Street,Synthetic City B,SY,SYN-P-36605026,SYN-N-150696397,Ivanov Global Holdings,Synthetic Regional,Synthetic prototype record,Synthetic Prototype,2024-01-01,1,Critical,0
WL000798,Organization,Haddad Global Holdings,NOT_APPLICABLE_ORGANIZATION,NO_MIDDLE_NAME,NOT_APPLICABLE_ORGANIZATION,Haddad Group,1900-01-01,Unknown,SY,66 Watchlist Street,Synthetic City B,SY,SYN-P-48588310,SYN-N-568823876,Haddad Global Holdings,Synthetic Global,Synthetic prototype record,Synthetic Prototype,2024-01-01,1,Critical,0
WL000799,Individual,Alexander Ivanov,Alexander,NO_MIDDLE_NAME,Ivanov,Alexander Ivanov,1978-04-12,Unknown,RU,137 Watchlist Street,Synthetic City B,KP,SYN-P-56981751,SYN-N-360870345,NOT_APPLICABLE_INDIVIDUAL,Synthetic Global,Synthetic prototype record,Synthetic Prototype,2024-01-01,1,Critical,1
WL000800,Organization,Abramov Global Holdings,NOT_APPLICABLE_ORGANIZATION,NO_MIDDLE_NAME,NOT_APPLICABLE_ORGANIZATION,Abramov Group,1900-01-01,Synthetic City A,KP,234 Watchlist Street,Synthetic City B,SY,SYN-P-56266002,SYN-N-026394011,Abramov Global Holdings,Synthetic Regional,Synthetic prototype record,Synthetic Prototype,2024-01-01,1,High,0
WL000801,Individual,Sergei Abramov,Sergei,NO_MIDDLE_NAME,Abramov,Sergei Abramov,1978-04-12,Synthetic City B,KP,281 Watchlist Street,Synthetic City B,KP,SYN-P-25548591,SYN-N-309942115,NOT_APPLICABLE_INDIVIDUAL,Internal Watchlist,Synthetic prototype record,Synthetic Prototype,2024-01-01,1,Critical,1
WL000802,Organization,Abramov Global Holdings,NOT_APPLICABLE_ORGANIZATION,NO_MIDDLE_NAME,NOT_APPLICABLE_ORGANIZATION,Abramov Group,1900-01-01,Synthetic City A,KP,204 Watchlist Street,Synthetic City A,RU,SYN-P-71668566,SYN-N-327734058,Abramov Global Holdings,Synthetic Global,Synthetic prototype record,Synthetic Prototype,2024-01-01,1,High,0
WL000803,Individual,Elena Haddad,Elena,NO_MIDDLE_NAME,Haddad,Elena Haddad,1978-04-12,Unknown,SY,223 Watchlist Street,Synthetic City B,KP,SYN-P-53959735,SYN-N-215998696,NOT_APPLICABLE_INDIVIDUAL,Synthetic Global,Synthetic prototype record,Synthetic Prototype,2024-01-01,1,High,1
WL000804,Individual,Alexander Haddad,Alexander,NO_MIDDLE_NAME,Haddad,Alexander Haddad,1978-04-12,Synthetic City B,SY,88 Watchlist Street,Synthetic City B,KP,SYN-P-53817053,SYN-N-984143953,NOT_APPLICABLE_INDIVIDUAL,Internal Watchlist,Synthetic prototype record,Synthetic Prototype,2024-01-01,1,High,1
WL000805,Individual,Sergei Petrov,Sergei,NO_MIDDLE_NAME,Petrov,Sergei Petrov,1978-04-12,Synthetic City B,SY,254 Watchlist Street,Synthetic City A,KP,SYN-P-04233895,SYN-N-274969790,NOT_APPLICABLE_INDIVIDUAL,Internal Watchlist,Synthetic prototype record,Synthetic Prototype,2024-01-01,1,High,1
WL000806,Individual,Karim Sokolov,Karim,NO_MIDDLE_NAME,Sokolov,Karim Sokolov,1978-04-12,Synthetic City B,KP,253 Watchlist Street,Synthetic City A,RU,SYN-P-71494278,SYN-N-129454762,NOT_APPLICABLE_INDIVIDUAL,Internal Watchlist,Synthetic prototype record,Synthetic Prototype,2024-01-01,1,High,1
WL000807,Individual,Alexander Petrov,Alexander,NO_MIDDLE_NAME,Petrov,Alexander Petrov,1978-04-12,Unknown,RU,165 Watchlist Street,Synthetic City A,SY,SYN-P-19629420,SYN-N-355078078,NOT_APPLICABLE_INDIVIDUAL,Internal Watchlist,Synthetic prototype record,Synthetic Prototype,2024-01-01,1,Critical,1
WL000808,Individual,Sergei Volkov,Sergei,NO_MIDDLE_NAME,Volkov,Sergei Volkov,1978-04-12,Synthetic City A,KP,167 Watchlist Street,Synthetic City A,KP,SYN-P-69877216,SYN-N-892463915,NOT_APPLICABLE_INDIVIDUAL,Synthetic Regional,Synthetic prototype record,Synthetic Prototype,2024-01-01,1,Critical,1
WL000809,Individual,Alexander Bashir,Alexander,NO_MIDDLE_NAME,Bashir,Alexander Bashir,1978-04-12,Synthetic City B,RU,379 Watchlist Street,Synthetic City B,RU,SYN-P-42880105,SYN-N-370100959,NOT_APPLICABLE_INDIVIDUAL,Synthetic Regional,Synthetic prototype record,Synthetic Prototype,2024-01-01,1,Critical,1
WL000810,Individual,Alexander Sokolov,Alexander,NO_MIDDLE_NAME,Sokolov,Alexander Sokolov,1978-04-12,Unknown,KP,301 Watchlist Street,Synthetic City A,RU,SYN-P-24167165,SYN-N-676680642,NOT_APPLICABLE_INDIVIDUAL,Synthetic Global,Synthetic prototype record,Synthetic Prototype,2024-01-01,1,Critical,1
WL000811,Individual,Laila Abramov,Laila,NO_MIDDLE_NAME,Abramov,Laila Abramov,1978-04-12,Unknown,SY,27 Watchlist Street,Synthetic City A,SY,SYN-P-78439056,SYN-N-790880290,NOT_APPLICABLE_INDIVIDUAL,Synthetic Global,Synthetic prototype record,Synthetic Prototype,2024-01-01,1,Critical,1
WL000812,Individual,Sergei Ivanov,Sergei,NO_MIDDLE_NAME,Ivanov,Sergei Ivanov,1978-04-12,Unknown,RU,98 Watchlist Street,Synthetic City A,KP,SYN-P-20087741,SYN-N-435771107,NOT_APPLICABLE_INDIVIDUAL,Internal Watchlist,Synthetic prototype record,Synthetic Prototype,2024-01-01,1,High,1
WL000813,Individual,Dmitri Volkov,Dmitri,NO_MIDDLE_NAME,Volkov,Dmitri Volkov,1978-04-12,Synthetic City B,KP,290 Watchlist Street,Synthetic City A,RU,SYN-P-56824249,SYN-N-954871921,NOT_APPLICABLE_INDIVIDUAL,Internal Watchlist,Synthetic prototype record,Synthetic Prototype,2024-01-01,1,Critical,1
WL000814,Organization,Ivanov Global Holdings,NOT_APPLICABLE_ORGANIZATION,NO_MIDDLE_NAME,NOT_APPLICABLE_ORGANIZATION,Ivanov Group,1900-01-01,Synthetic City B,RU,300 Watchlist Street,Synthetic City B,KP,SYN-P-92156480,SYN-N-441986283,Ivanov Global Holdings,Synthetic Global,Synthetic prototype record,Synthetic Prototype,2024-01-01,1,High,0
WL000815,Individual,Dmitri Bashir,Dmitri,NO_MIDDLE_NAME,Bashir,Dmitri Bashir,1978-04-12,Synthetic City B,KP,247 Watchlist Street,Synthetic City B,SY,SYN-P-92447686,SYN-N-966436160,NOT_APPLICABLE_INDIVIDUAL,Synthetic Regional,Synthetic prototype record,Synthetic Prototype,2024-01-01,1,High,1
WL000816,Individual,Karim Ivanov,Karim,NO_MIDDLE_NAME,Ivanov,Karim Ivanov,1978-04-12,Unknown,KP,92 Watchlist Street,Synthetic City A,KP,SYN-P-29436350,SYN-N-313402294,NOT_APPLICABLE_INDIVIDUAL,Synthetic Regional,Synthetic prototype record,Synthetic Prototype,2024-01-01,1,High,1
WL000817,Individual,Sergei Volkov,Sergei,NO_MIDDLE_NAME,Volkov,Sergei Volkov,1978-04-12,Synthetic City B,KP,382 Watchlist Street,Synthetic City B,KP,SYN-P-71431344,SYN-N-480069712,NOT_APPLICABLE_INDIVIDUAL,Internal Watchlist,Synthetic prototype record,Synthetic Prototype,2024-01-01,1,Critical,1
WL000818,Individual,Ivan Abramov,Ivan,NO_MIDDLE_NAME,Abramov,Ivan Abramov,1978-04-12,Synthetic City A,RU,333 Watchlist Street,Synthetic City A,RU,SYN-P-09651619,SYN-N-298972083,NOT_APPLICABLE_INDIVIDUAL,Synthetic Global,Synthetic prototype record,Synthetic Prototype,2024-01-01,1,Critical,1
WL000819,Individual,Ivan Karimov,Ivan,NO_MIDDLE_NAME,Karimov,Ivan Karimov,1978-04-12,Unknown,KP,87 Watchlist Street,Synthetic City B,RU,SYN-P-34191036,SYN-N-488718767,NOT_APPLICABLE_INDIVIDUAL,Synthetic Global,Synthetic prototype record,Synthetic Prototype,2024-01-01,1,Critical,1
WL000820,Individual,Dmitri Sokolov,Dmitri,NO_MIDDLE_NAME,Sokolov,Dmitri Sokolov,1978-04-12,Unknown,SY,130 Watchlist Street,Synthetic City B,SY,SYN-P-20195742,SYN-N-217503201,NOT_APPLICABLE_INDIVIDUAL,Synthetic Global,Synthetic prototype record,Synthetic Prototype,2024-01-01,1,High,1
WL000821,Individual,Alexander Karimov,Alexander,NO_MIDDLE_NAME,Karimov,Alexander Karimov,1978-04-12,Synthetic City A,KP,267 Watchlist Street,Synthetic City B,KP,SYN-P-57527982,SYN-N-538596472,NOT_APPLICABLE_INDIVIDUAL,Internal Watchlist,Synthetic prototype record,Synthetic Prototype,2024-01-01,1,High,1
WL000822,Individual,Elena Haddad,Elena,NO_MIDDLE_NAME,Haddad,Elena Haddad,1978-04-12,Synthetic City A,RU,234 Watchlist Street,Synthetic City B,KP,SYN-P-22218265,SYN-N-739259036,NOT_APPLICABLE_INDIVIDUAL,Synthetic Regional,Synthetic prototype record,Synthetic Prototype,2024-01-01,1,Critical,1
WL000823,Individual,Laila Karimov,Laila,NO_MIDDLE_NAME,Karimov,Laila Karimov,1978-04-12,Synthetic City B,KP,343 Watchlist Street,Synthetic City B,SY,SYN-P-39113270,SYN-N-263314920,NOT_APPLICABLE_INDIVIDUAL,Internal Watchlist,Synthetic prototype record,Synthetic Prototype,2024-01-01,1,High,1
WL000824,Individual,Karim Petrov,Karim,NO_MIDDLE_NAME,Petrov,Karim Petrov,1978-04-12,Synthetic City A,RU,171 Watchlist Street,Synthetic City A,KP,SYN-P-17550629,SYN-N-416126853,NOT_APPLICABLE_INDIVIDUAL,Synthetic Regional,Synthetic prototype record,Synthetic Prototype,2024-01-01,1,High,1
WL000825,Organization,Bashir Global Holdings,NOT_APPLICABLE_ORGANIZATION,NO_MIDDLE_NAME,NOT_APPLICABLE_ORGANIZATION,Bashir Group,1900-01-01,Unknown,RU,305 Watchlist Street,Synthetic City B,SY,SYN-P-60600299,SYN-N-369491963,Bashir Global Holdings,Synthetic Global,Synthetic prototype record,Synthetic Prototype,2024-01-01,1,Critical,0
WL000826,Organization,Volkov Global Holdings,NOT_APPLICABLE_ORGANIZATION,NO_MIDDLE_NAME,NOT_APPLICABLE_ORGANIZATION,Volkov Group,1900-01-01,Synthetic City A,SY,216 Watchlist Street,Synthetic City B,KP,SYN-P-68626527,SYN-N-006749818,Volkov Global Holdings,Internal Watchlist,Synthetic prototype record,Synthetic Prototype,2024-01-01,1,Critical,0
WL000827,Individual,Elena Bashir,Elena,NO_MIDDLE_NAME,Bashir,Elena Bashir,1978-04-12,Unknown,RU,390 Watchlist Street,Synthetic City A,RU,SYN-P-68063966,SYN-N-105460767,NOT_APPLICABLE_INDIVIDUAL,Internal Watchlist,Synthetic prototype record,Synthetic Prototype,2024-01-01,1,High,1
WL000828,Individual,Karim Sokolov,Karim,NO_MIDDLE_NAME,Sokolov,Karim Sokolov,1978-04-12,Synthetic City B,KP,341 Watchlist Street,Synthetic City B,RU,SYN-P-91913022,SYN-N-103771555,NOT_APPLICABLE_INDIVIDUAL,Synthetic Regional,Synthetic prototype record,Synthetic Prototype,2024-01-01,1,High,1
WL000829,Organization,Abramov Global Holdings,NOT_APPLICABLE_ORGANIZATION,NO_MIDDLE_NAME,NOT_APPLICABLE_ORGANIZATION,Abramov Group,1900-01-01,Synthetic City B,KP,294 Watchlist Street,Synthetic City B,SY,SYN-P-61637278,SYN-N-642694025,Abramov Global Holdings,Internal Watchlist,Synthetic prototype record,Synthetic Prototype,2024-01-01,1,High,0
WL000830,Individual,Sergei Abramov,Sergei,NO_MIDDLE_NAME,Abramov,Sergei Abramov,1978-04-12,Synthetic City B,SY,188 Watchlist Street,Synthetic City A,RU,SYN-P-79315991,SYN-N-336344908,NOT_APPLICABLE_INDIVIDUAL,Internal Watchlist,Synthetic prototype record,Synthetic Prototype,2024-01-01,1,High,1
WL000831,Individual,Sergei Volkov,Sergei,NO_MIDDLE_NAME,Volkov,Sergei Volkov,1978-04-12,Unknown,RU,48 Watchlist Street,Synthetic City A,SY,SYN-P-05345389,SYN-N-849675324,NOT_APPLICABLE_INDIVIDUAL,Synthetic Regional,Synthetic prototype record,Synthetic Prototype,2024-01-01,1,Critical,1
WL000832,Individual,Ivan Bashir,Ivan,NO_MIDDLE_NAME,Bashir,Ivan Bashir,1978-04-12,Synthetic City A,KP,113 Watchlist Street,Synthetic City B,RU,SYN-P-72485982,SYN-N-010134969,NOT_APPLICABLE_INDIVIDUAL,Synthetic Regional,Synthetic prototype record,Synthetic Prototype,2024-01-01,1,High,1
WL000833,Individual,Omar Volkov,Omar,NO_MIDDLE_NAME,Volkov,Omar Volkov,1978-04-12,Synthetic City B,KP,181 Watchlist Street,Synthetic City A,SY,SYN-P-02923616,SYN-N-034424869,NOT_APPLICABLE_INDIVIDUAL,Internal Watchlist,Synthetic prototype record,Synthetic Prototype,2024-01-01,1,Critical,1
WL000834,Individual,Alexander Ivanov,Alexander,NO_MIDDLE_NAME,Ivanov,Alexander Ivanov,1978-04-12,Synthetic City A,KP,394 Watchlist Street,Synthetic City B,SY,SYN-P-14597215,SYN-N-862428510,NOT_APPLICABLE_INDIVIDUAL,Synthetic Regional,Synthetic prototype record,Synthetic Prototype,2024-01-01,1,High,1
WL000835,Individual,Karim Bashir,Karim,NO_MIDDLE_NAME,Bashir,Karim Bashir,1978-04-12,Synthetic City B,SY,241 Watchlist Street,Synthetic City B,RU,SYN-P-89410823,SYN-N-222833380,NOT_APPLICABLE_INDIVIDUAL,Synthetic Global,Synthetic prototype record,Synthetic Prototype,2024-01-01,1,Critical,1
WL000836,Individual,Omar Bashir,Omar,NO_MIDDLE_NAME,Bashir,Omar Bashir,1978-04-12,Synthetic City A,RU,392 Watchlist Street,Synthetic City A,KP,SYN-P-19724810,SYN-N-262264367,NOT_APPLICABLE_INDIVIDUAL,Internal Watchlist,Synthetic prototype record,Synthetic Prototype,2024-01-01,1,High,1
WL000837,Individual,Farid Volkov,Farid,NO_MIDDLE_NAME,Volkov,Farid Volkov,1978-04-12,Synthetic City B,SY,249 Watchlist Street,Synthetic City B,RU,SYN-P-26269350,SYN-N-108136245,NOT_APPLICABLE_INDIVIDUAL,Synthetic Regional,Synthetic prototype record,Synthetic Prototype,2024-01-01,1,High,1
WL000838,Individual,Hassan Abramov,Hassan,NO_MIDDLE_NAME,Abramov,Hassan Abramov,1978-04-12,Unknown,RU,96 Watchlist Street,Synthetic City A,SY,SYN-P-13350845,SYN-N-037843849,NOT_APPLICABLE_INDIVIDUAL,Synthetic Regional,Synthetic prototype record,Synthetic Prototype,2024-01-01,1,Critical,1
WL000839,Individual,Laila Volkov,Laila,NO_MIDDLE_NAME,Volkov,Laila Volkov,1978-04-12,Unknown,KP,355 Watchlist Street,Synthetic City A,SY,SYN-P-51841441,SYN-N-431761363,NOT_APPLICABLE_INDIVIDUAL,Internal Watchlist,Synthetic prototype record,Synthetic Prototype,2024-01-01,1,Critical,1
WL000840,Individual,Farid Abramov,Farid,NO_MIDDLE_NAME,Abramov,Farid Abramov,1978-04-12,Synthetic City B,RU,357 Watchlist Street,Synthetic City B,RU,SYN-P-87248959,SYN-N-382125565,NOT_APPLICABLE_INDIVIDUAL,Synthetic Regional,Synthetic prototype record,Synthetic Prototype,2024-01-01,1,High,1
WL000841,Organization,Haddad Global Holdings,NOT_APPLICABLE_ORGANIZATION,NO_MIDDLE_NAME,NOT_APPLICABLE_ORGANIZATION,Haddad Group,1900-01-01,Synthetic City B,KP,384 Watchlist Street,Synthetic City B,RU,SYN-P-07188713,SYN-N-238589772,Haddad Global Holdings,Synthetic Regional,Synthetic prototype record,Synthetic Prototype,2024-01-01,1,Critical,0
WL000842,Individual,Sergei Karimov,Sergei,NO_MIDDLE_NAME,Karimov,Sergei Karimov,1978-04-12,Synthetic City A,RU,81 Watchlist Street,Synthetic City B,KP,SYN-P-27308883,SYN-N-705667742,NOT_APPLICABLE_INDIVIDUAL,Synthetic Regional,Synthetic prototype record,Synthetic Prototype,2024-01-01,1,Critical,1
WL000843,Individual,Laila Sokolov,Laila,NO_MIDDLE_NAME,Sokolov,Laila Sokolov,1978-04-12,Synthetic City B,RU,293 Watchlist Street,Synthetic City A,KP,SYN-P-07085793,SYN-N-807545513,NOT_APPLICABLE_INDIVIDUAL,Synthetic Regional,Synthetic prototype record,Synthetic Prototype,2024-01-01,1,Critical,1
WL000844,Individual,Dmitri Abramov,Dmitri,NO_MIDDLE_NAME,Abramov,Dmitri Abramov,1978-04-12,Synthetic City A,KP,244 Watchlist Street,Synthetic City B,SY,SYN-P-18413623,SYN-N-370394297,NOT_APPLICABLE_INDIVIDUAL,Synthetic Global,Synthetic prototype record,Synthetic Prototype,2024-01-01,1,Critical,1
WL000845,Individual,Hassan Abramov,Hassan,NO_MIDDLE_NAME,Abramov,Hassan Abramov,1978-04-12,Synthetic City B,SY,218 Watchlist Street,Synthetic City A,KP,SYN-P-48292194,SYN-N-374709137,NOT_APPLICABLE_INDIVIDUAL,Synthetic Regional,Synthetic prototype record,Synthetic Prototype,2024-01-01,1,Critical,1
WL000846,Individual,Dmitri Bashir,Dmitri,NO_MIDDLE_NAME,Bashir,Dmitri Bashir,1978-04-12,Synthetic City A,KP,267 Watchlist Street,Synthetic City A,KP,SYN-P-05906105,SYN-N-841667425,NOT_APPLICABLE_INDIVIDUAL,Synthetic Global,Synthetic prototype record,Synthetic Prototype,2024-01-01,1,High,1
WL000847,Individual,Dmitri Sokolov,Dmitri,NO_MIDDLE_NAME,Sokolov,Dmitri Sokolov,1978-04-12,Synthetic City A,RU,13 Watchlist Street,Synthetic City A,KP,SYN-P-22974555,SYN-N-367680375,NOT_APPLICABLE_INDIVIDUAL,Synthetic Regional,Synthetic prototype record,Synthetic Prototype,2024-01-01,1,High,1
WL000848,Organization,Petrov Global Holdings,NOT_APPLICABLE_ORGANIZATION,NO_MIDDLE_NAME,NOT_APPLICABLE_ORGANIZATION,Petrov Group,1900-01-01,Unknown,SY,336 Watchlist Street,Synthetic City B,SY,SYN-P-54986666,SYN-N-625653908,Petrov Global Holdings,Synthetic Global,Synthetic prototype record,Synthetic Prototype,2024-01-01,1,Critical,0
WL000849,Individual,Ivan Karimov,Ivan,NO_MIDDLE_NAME,Karimov,Ivan Karimov,1978-04-12,Unknown,SY,149 Watchlist Street,Synthetic City A,RU,SYN-P-25248944,SYN-N-294883396,NOT_APPLICABLE_INDIVIDUAL,Synthetic Regional,Synthetic prototype record,Synthetic Prototype,2024-01-01,1,Critical,1
WL000850,Individual,Alexander Abramov,Alexander,NO_MIDDLE_NAME,Abramov,Alexander Abramov,1978-04-12,Synthetic City A,KP,143 Watchlist Street,Synthetic City A,KP,SYN-P-06956979,SYN-N-132237179,NOT_APPLICABLE_INDIVIDUAL,Internal Watchlist,Synthetic prototype record,Synthetic Prototype,2024-01-01,1,High,1
WL000851,Individual,Alexander Volkov,Alexander,NO_MIDDLE_NAME,Volkov,Alexander Volkov,1978-04-12,Unknown,KP,339 Watchlist Street,Synthetic City B,KP,SYN-P-12147109,SYN-N-016816374,NOT_APPLICABLE_INDIVIDUAL,Synthetic Global,Synthetic prototype record,Synthetic Prototype,2024-01-01,1,High,1
WL000852,Organization,Karimov Global Holdings,NOT_APPLICABLE_ORGANIZATION,NO_MIDDLE_NAME,NOT_APPLICABLE_ORGANIZATION,Karimov Group,1900-01-01,Synthetic City A,RU,229 Watchlist Street,Synthetic City B,KP,SYN-P-78106293,SYN-N-569707953,Karimov Global Holdings,Synthetic Regional,Synthetic prototype record,Synthetic Prototype,2024-01-01,1,High,0
WL000853,Organization,Petrov Global Holdings,NOT_APPLICABLE_ORGANIZATION,NO_MIDDLE_NAME,NOT_APPLICABLE_ORGANIZATION,Petrov Group,1900-01-01,Synthetic City B,RU,298 Watchlist Street,Synthetic City A,RU,SYN-P-97936612,SYN-N-684611447,Petrov Global Holdings,Internal Watchlist,Synthetic prototype record,Synthetic Prototype,2024-01-01,1,Critical,0
WL000854,Individual,Laila Karimov,Laila,NO_MIDDLE_NAME,Karimov,Laila Karimov,1978-04-12,Synthetic City B,SY,190 Watchlist Street,Synthetic City B,RU,SYN-P-10362755,SYN-N-910771832,NOT_APPLICABLE_INDIVIDUAL,Synthetic Regional,Synthetic prototype record,Synthetic Prototype,2024-01-01,1,High,1
WL000855,Individual,Omar Ivanov,Omar,NO_MIDDLE_NAME,Ivanov,Omar Ivanov,1978-04-12,Synthetic City A,RU,239 Watchlist Street,Synthetic City B,SY,SYN-P-73134784,SYN-N-829975445,NOT_APPLICABLE_INDIVIDUAL,Synthetic Global,Synthetic prototype record,Synthetic Prototype,2024-01-01,1,Critical,1
WL000856,Individual,Farid Haddad,Farid,NO_MIDDLE_NAME,Haddad,Farid Haddad,1978-04-12,Synthetic City B,SY,395 Watchlist Street,Synthetic City B,KP,SYN-P-97534496,SYN-N-039026016,NOT_APPLICABLE_INDIVIDUAL,Synthetic Regional,Synthetic prototype record,Synthetic Prototype,2024-01-01,0,High,1
WL000857,Individual,Omar Sokolov,Omar,NO_MIDDLE_NAME,Sokolov,Omar Sokolov,1978-04-12,Unknown,SY,377 Watchlist Street,Synthetic City A,SY,SYN-P-65761603,SYN-N-802304804,NOT_APPLICABLE_INDIVIDUAL,Synthetic Global,Synthetic prototype record,Synthetic Prototype,2024-01-01,1,Critical,1
WL000858,Individual,Dmitri Abramov,Dmitri,NO_MIDDLE_NAME,Abramov,Dmitri Abramov,1978-04-12,Synthetic City B,KP,160 Watchlist Street,Synthetic City B,KP,SYN-P-96701126,SYN-N-374384081,NOT_APPLICABLE_INDIVIDUAL,Internal Watchlist,Synthetic prototype record,Synthetic Prototype,2024-01-01,1,High,1
WL000859,Individual,Dmitri Volkov,Dmitri,NO_MIDDLE_NAME,Volkov,Dmitri Volkov,1978-04-12,Unknown,RU,285 Watchlist Street,Synthetic City B,SY,SYN-P-66904321,SYN-N-089360581,NOT_APPLICABLE_INDIVIDUAL,Synthetic Regional,Synthetic prototype record,Synthetic Prototype,2024-01-01,1,Critical,1
WL000860,Individual,Omar Sokolov,Omar,NO_MIDDLE_NAME,Sokolov,Omar Sokolov,1978-04-12,Unknown,KP,158 Watchlist Street,Synthetic City B,RU,SYN-P-87413953,SYN-N-799060026,NOT_APPLICABLE_INDIVIDUAL,Synthetic Regional,Synthetic prototype record,Synthetic Prototype,2024-01-01,1,Critical,1
WL000861,Organization,Haddad Global Holdings,NOT_APPLICABLE_ORGANIZATION,NO_MIDDLE_NAME,NOT_APPLICABLE_ORGANIZATION,Haddad Group,1900-01-01,Unknown,RU,314 Watchlist Street,Synthetic City A,RU,SYN-P-67173004,SYN-N-670378172,Haddad Global Holdings,Internal Watchlist,Synthetic prototype record,Synthetic Prototype,2024-01-01,1,High,0
WL000862,Individual,Ivan Abramov,Ivan,NO_MIDDLE_NAME,Abramov,Ivan Abramov,1978-04-12,Unknown,RU,107 Watchlist Street,Synthetic City B,KP,SYN-P-66701826,SYN-N-994927302,NOT_APPLICABLE_INDIVIDUAL,Internal Watchlist,Synthetic prototype record,Synthetic Prototype,2024-01-01,1,Critical,1
WL000863,Individual,Alexander Haddad,Alexander,NO_MIDDLE_NAME,Haddad,Alexander Haddad,1978-04-12,Unknown,SY,6 Watchlist Street,Synthetic City A,KP,SYN-P-70997240,SYN-N-445592730,NOT_APPLICABLE_INDIVIDUAL,Internal Watchlist,Synthetic prototype record,Synthetic Prototype,2024-01-01,1,Critical,1
WL000864,Organization,Bashir Global Holdings,NOT_APPLICABLE_ORGANIZATION,NO_MIDDLE_NAME,NOT_APPLICABLE_ORGANIZATION,Bashir Group,1900-01-01,Unknown,RU,116 Watchlist Street,Synthetic City B,KP,SYN-P-67585636,SYN-N-662184726,Bashir Global Holdings,Synthetic Global,Synthetic prototype record,Synthetic Prototype,2024-01-01,1,Critical,0
WL000865,Individual,Omar Karimov,Omar,NO_MIDDLE_NAME,Karimov,Omar Karimov,1978-04-12,Unknown,SY,79 Watchlist Street,Synthetic City B,SY,SYN-P-03987557,SYN-N-350446036,NOT_APPLICABLE_INDIVIDUAL,Synthetic Regional,Synthetic prototype record,Synthetic Prototype,2024-01-01,1,Critical,1
WL000866,Individual,Omar Ivanov,Omar,NO_MIDDLE_NAME,Ivanov,Omar Ivanov,1978-04-12,Synthetic City A,SY,386 Watchlist Street,Synthetic City B,SY,SYN-P-07004082,SYN-N-307248180,NOT_APPLICABLE_INDIVIDUAL,Synthetic Regional,Synthetic prototype record,Synthetic Prototype,2024-01-01,1,Critical,1
WL000867,Individual,Karim Ivanov,Karim,NO_MIDDLE_NAME,Ivanov,Karim Ivanov,1978-04-12,Synthetic City B,KP,324 Watchlist Street,Synthetic City A,RU,SYN-P-83388449,SYN-N-702145131,NOT_APPLICABLE_INDIVIDUAL,Internal Watchlist,Synthetic prototype record,Synthetic Prototype,2024-01-01,1,High,1
WL000868,Individual,Laila Volkov,Laila,NO_MIDDLE_NAME,Volkov,Laila Volkov,1978-04-12,Unknown,KP,55 Watchlist Street,Synthetic City A,KP,SYN-P-46423790,SYN-N-663630891,NOT_APPLICABLE_INDIVIDUAL,Synthetic Global,Synthetic prototype record,Synthetic Prototype,2024-01-01,1,High,1
WL000869,Individual,Sergei Ivanov,Sergei,NO_MIDDLE_NAME,Ivanov,Sergei Ivanov,1978-04-12,Synthetic City B,KP,272 Watchlist Street,Synthetic City A,SY,SYN-P-31069484,SYN-N-944871429,NOT_APPLICABLE_INDIVIDUAL,Synthetic Regional,Synthetic prototype record,Synthetic Prototype,2024-01-01,1,High,1
WL000870,Organization,Bashir Global Holdings,NOT_APPLICABLE_ORGANIZATION,NO_MIDDLE_NAME,NOT_APPLICABLE_ORGANIZATION,Bashir Group,1900-01-01,Synthetic City B,RU,293 Watchlist Street,Synthetic City A,RU,SYN-P-32421798,SYN-N-374189943,Bashir Global Holdings,Synthetic Global,Synthetic prototype record,Synthetic Prototype,2024-01-01,1,High,0
WL000871,Individual,Omar Abramov,Omar,NO_MIDDLE_NAME,Abramov,Omar Abramov,1978-04-12,Synthetic City A,SY,54 Watchlist Street,Synthetic City B,SY,SYN-P-81824573,SYN-N-689950188,NOT_APPLICABLE_INDIVIDUAL,Synthetic Regional,Synthetic prototype record,Synthetic Prototype,2024-01-01,1,High,1
WL000872,Individual,Hassan Volkov,Hassan,NO_MIDDLE_NAME,Volkov,Hassan Volkov,1978-04-12,Unknown,KP,37 Watchlist Street,Synthetic City A,SY,SYN-P-69462438,SYN-N-425924878,NOT_APPLICABLE_INDIVIDUAL,Internal Watchlist,Synthetic prototype record,Synthetic Prototype,2024-01-01,1,Critical,1
WL000873,Organization,Volkov Global Holdings,NOT_APPLICABLE_ORGANIZATION,NO_MIDDLE_NAME,NOT_APPLICABLE_ORGANIZATION,Volkov Group,1900-01-01,Synthetic City B,RU,105 Watchlist Street,Synthetic City A,RU,SYN-P-35816301,SYN-N-252735676,Volkov Global Holdings,Synthetic Global,Synthetic prototype record,Synthetic Prototype,2024-01-01,1,High,0
WL000874,Individual,Elena Abramov,Elena,NO_MIDDLE_NAME,Abramov,Elena Abramov,1978-04-12,Synthetic City B,KP,51 Watchlist Street,Synthetic City B,SY,SYN-P-20761129,SYN-N-915559960,NOT_APPLICABLE_INDIVIDUAL,Synthetic Global,Synthetic prototype record,Synthetic Prototype,2024-01-01,1,High,1
WL000875,Organization,Haddad Global Holdings,NOT_APPLICABLE_ORGANIZATION,NO_MIDDLE_NAME,NOT_APPLICABLE_ORGANIZATION,Haddad Group,1900-01-01,Unknown,SY,58 Watchlist Street,Synthetic City B,KP,SYN-P-32912219,SYN-N-761367569,Haddad Global Holdings,Synthetic Regional,Synthetic prototype record,Synthetic Prototype,2024-01-01,0,Critical,0
WL000876,Individual,Omar Haddad,Omar,NO_MIDDLE_NAME,Haddad,Omar Haddad,1978-04-12,Synthetic City A,RU,219 Watchlist Street,Synthetic City B,SY,SYN-P-59837209,SYN-N-605857977,NOT_APPLICABLE_INDIVIDUAL,Synthetic Global,Synthetic prototype record,Synthetic Prototype,2024-01-01,1,Critical,1
WL000877,Individual,Dmitri Petrov,Dmitri,NO_MIDDLE_NAME,Petrov,Dmitri Petrov,1978-04-12,Synthetic City A,KP,270 Watchlist Street,Synthetic City B,KP,SYN-P-08043945,SYN-N-817478140,NOT_APPLICABLE_INDIVIDUAL,Synthetic Global,Synthetic prototype record,Synthetic Prototype,2024-01-01,1,Critical,1
WL000878,Individual,Farid Abramov,Farid,NO_MIDDLE_NAME,Abramov,Farid Abramov,1978-04-12,Synthetic City B,RU,53 Watchlist Street,Synthetic City B,RU,SYN-P-22852324,SYN-N-144503611,NOT_APPLICABLE_INDIVIDUAL,Internal Watchlist,Synthetic prototype record,Synthetic Prototype,2024-01-01,1,Critical,1
WL000879,Individual,Ivan Petrov,Ivan,NO_MIDDLE_NAME,Petrov,Ivan Petrov,1978-04-12,Synthetic City A,RU,289 Watchlist Street,Synthetic City A,KP,SYN-P-54034243,SYN-N-126820616,NOT_APPLICABLE_INDIVIDUAL,Synthetic Regional,Synthetic prototype record,Synthetic Prototype,2024-01-01,0,Critical,1
WL000880,Individual,Ivan Haddad,Ivan,NO_MIDDLE_NAME,Haddad,Ivan Haddad,1978-04-12,Synthetic City B,RU,65 Watchlist Street,Synthetic City A,KP,SYN-P-73404846,SYN-N-775749620,NOT_APPLICABLE_INDIVIDUAL,Internal Watchlist,Synthetic prototype record,Synthetic Prototype,2024-01-01,1,High,1
WL000881,Individual,Dmitri Abramov,Dmitri,NO_MIDDLE_NAME,Abramov,Dmitri Abramov,1978-04-12,Unknown,SY,258 Watchlist Street,Synthetic City B,KP,SYN-P-86221715,SYN-N-874426735,NOT_APPLICABLE_INDIVIDUAL,Internal Watchlist,Synthetic prototype record,Synthetic Prototype,2024-01-01,1,Critical,1
WL000882,Individual,Alexander Volkov,Alexander,NO_MIDDLE_NAME,Volkov,Alexander Volkov,1978-04-12,Synthetic City B,SY,86 Watchlist Street,Synthetic City A,SY,SYN-P-28359488,SYN-N-400288857,NOT_APPLICABLE_INDIVIDUAL,Internal Watchlist,Synthetic prototype record,Synthetic Prototype,2024-01-01,1,Critical,1
WL000883,Organization,Petrov Global Holdings,NOT_APPLICABLE_ORGANIZATION,NO_MIDDLE_NAME,NOT_APPLICABLE_ORGANIZATION,Petrov Group,1900-01-01,Unknown,KP,253 Watchlist Street,Synthetic City B,RU,SYN-P-69346580,SYN-N-205380347,Petrov Global Holdings,Synthetic Global,Synthetic prototype record,Synthetic Prototype,2024-01-01,1,High,0
WL000884,Individual,Dmitri Sokolov,Dmitri,NO_MIDDLE_NAME,Sokolov,Dmitri Sokolov,1978-04-12,Synthetic City A,RU,256 Watchlist Street,Synthetic City B,RU,SYN-P-95921376,SYN-N-884375594,NOT_APPLICABLE_INDIVIDUAL,Internal Watchlist,Synthetic prototype record,Synthetic Prototype,2024-01-01,1,Critical,1
WL000885,Individual,Laila Ivanov,Laila,NO_MIDDLE_NAME,Ivanov,Laila Ivanov,1978-04-12,Unknown,SY,2 Watchlist Street,Synthetic City A,KP,SYN-P-87822071,SYN-N-915545841,NOT_APPLICABLE_INDIVIDUAL,Synthetic Global,Synthetic prototype record,Synthetic Prototype,2024-01-01,1,Critical,1
WL000886,Individual,Sergei Sokolov,Sergei,NO_MIDDLE_NAME,Sokolov,Sergei Sokolov,1978-04-12,Unknown,RU,15 Watchlist Street,Synthetic City A,SY,SYN-P-94261825,SYN-N-708676798,NOT_APPLICABLE_INDIVIDUAL,Internal Watchlist,Synthetic prototype record,Synthetic Prototype,2024-01-01,1,Critical,1
WL000887,Individual,Omar Ivanov,Omar,NO_MIDDLE_NAME,Ivanov,Omar Ivanov,1978-04-12,Unknown,RU,158 Watchlist Street,Synthetic City A,KP,SYN-P-43175027,SYN-N-045850542,NOT_APPLICABLE_INDIVIDUAL,Synthetic Global,Synthetic prototype record,Synthetic Prototype,2024-01-01,1,High,1
WL000888,Individual,Laila Haddad,Laila,NO_MIDDLE_NAME,Haddad,Laila Haddad,1978-04-12,Synthetic City A,SY,142 Watchlist Street,Synthetic City A,SY,SYN-P-67824590,SYN-N-995996769,NOT_APPLICABLE_INDIVIDUAL,Synthetic Regional,Synthetic prototype record,Synthetic Prototype,2024-01-01,1,Critical,1
WL000889,Organization,Bashir Global Holdings,NOT_APPLICABLE_ORGANIZATION,NO_MIDDLE_NAME,NOT_APPLICABLE_ORGANIZATION,Bashir Group,1900-01-01,Synthetic City B,SY,383 Watchlist Street,Synthetic City B,KP,SYN-P-98024348,SYN-N-042689353,Bashir Global Holdings,Synthetic Regional,Synthetic prototype record,Synthetic Prototype,2024-01-01,1,Critical,0
WL000890,Individual,Omar Karimov,Omar,NO_MIDDLE_NAME,Karimov,Omar Karimov,1978-04-12,Unknown,SY,90 Watchlist Street,Synthetic City A,KP,SYN-P-83790395,SYN-N-218653985,NOT_APPLICABLE_INDIVIDUAL,Synthetic Global,Synthetic prototype record,Synthetic Prototype,2024-01-01,1,High,1
WL000891,Individual,Alexander Ivanov,Alexander,NO_MIDDLE_NAME,Ivanov,Alexander Ivanov,1978-04-12,Synthetic City B,RU,269 Watchlist Street,Synthetic City A,SY,SYN-P-77599111,SYN-N-813343558,NOT_APPLICABLE_INDIVIDUAL,Synthetic Global,Synthetic prototype record,Synthetic Prototype,2024-01-01,1,High,1
WL000892,Individual,Omar Ivanov,Omar,NO_MIDDLE_NAME,Ivanov,Omar Ivanov,1978-04-12,Synthetic City B,SY,362 Watchlist Street,Synthetic City B,RU,SYN-P-00287996,SYN-N-275407886,NOT_APPLICABLE_INDIVIDUAL,Internal Watchlist,Synthetic prototype record,Synthetic Prototype,2024-01-01,1,High,1
WL000893,Individual,Dmitri Petrov,Dmitri,NO_MIDDLE_NAME,Petrov,Dmitri Petrov,1978-04-12,Unknown,RU,333 Watchlist Street,Synthetic City A,SY,SYN-P-98254610,SYN-N-865927598,NOT_APPLICABLE_INDIVIDUAL,Synthetic Regional,Synthetic prototype record,Synthetic Prototype,2024-01-01,1,Critical,1
WL000894,Individual,Farid Ivanov,Farid,NO_MIDDLE_NAME,Ivanov,Farid Ivanov,1978-04-12,Synthetic City A,KP,94 Watchlist Street,Synthetic City B,KP,SYN-P-15374269,SYN-N-594833534,NOT_APPLICABLE_INDIVIDUAL,Internal Watchlist,Synthetic prototype record,Synthetic Prototype,2024-01-01,1,Critical,1
WL000895,Organization,Sokolov Global Holdings,NOT_APPLICABLE_ORGANIZATION,NO_MIDDLE_NAME,NOT_APPLICABLE_ORGANIZATION,Sokolov Group,1900-01-01,Synthetic City B,RU,11 Watchlist Street,Synthetic City A,RU,SYN-P-09207610,SYN-N-848614825,Sokolov Global Holdings,Synthetic Global,Synthetic prototype record,Synthetic Prototype,2024-01-01,1,Critical,0
WL000896,Individual,Laila Bashir,Laila,NO_MIDDLE_NAME,Bashir,Laila Bashir,1978-04-12,Synthetic City A,SY,98 Watchlist Street,Synthetic City A,KP,SYN-P-70203095,SYN-N-474892881,NOT_APPLICABLE_INDIVIDUAL,Synthetic Regional,Synthetic prototype record,Synthetic Prototype,2024-01-01,1,High,1
WL000897,Organization,Sokolov Global Holdings,NOT_APPLICABLE_ORGANIZATION,NO_MIDDLE_NAME,NOT_APPLICABLE_ORGANIZATION,Sokolov Group,1900-01-01,Synthetic City B,KP,288 Watchlist Street,Synthetic City B,KP,SYN-P-41405658,SYN-N-581813588,Sokolov Global Holdings,Synthetic Regional,Synthetic prototype record,Synthetic Prototype,2024-01-01,1,Critical,0
WL000898,Individual,Farid Volkov,Farid,NO_MIDDLE_NAME,Volkov,Farid Volkov,1978-04-12,Unknown,SY,122 Watchlist Street,Synthetic City A,KP,SYN-P-09223896,SYN-N-467741988,NOT_APPLICABLE_INDIVIDUAL,Synthetic Global,Synthetic prototype record,Synthetic Prototype,2024-01-01,1,Critical,1
WL000899,Individual,Sergei Bashir,Sergei,NO_MIDDLE_NAME,Bashir,Sergei Bashir,1978-04-12,Synthetic City A,KP,180 Watchlist Street,Synthetic City B,SY,SYN-P-51371935,SYN-N-883612807,NOT_APPLICABLE_INDIVIDUAL,Synthetic Regional,Synthetic prototype record,Synthetic Prototype,2024-01-01,1,Critical,1
WL000900,Individual,Omar Petrov,Omar,NO_MIDDLE_NAME,Petrov,Omar Petrov,1978-04-12,Synthetic City B,KP,30 Watchlist Street,Synthetic City A,SY,SYN-P-44233004,SYN-N-175895423,NOT_APPLICABLE_INDIVIDUAL,Synthetic Regional,Synthetic prototype record,Synthetic Prototype,2024-01-01,1,Critical,1
WL000901,Organization,Bashir Global Holdings,NOT_APPLICABLE_ORGANIZATION,NO_MIDDLE_NAME,NOT_APPLICABLE_ORGANIZATION,Bashir Group,1900-01-01,Synthetic City A,SY,99 Watchlist Street,Synthetic City B,KP,SYN-P-49023299,SYN-N-931916463,Bashir Global Holdings,Synthetic Regional,Synthetic prototype record,Synthetic Prototype,2024-01-01,1,High,0
WL000902,Individual,Dmitri Petrov,Dmitri,NO_MIDDLE_NAME,Petrov,Dmitri Petrov,1978-04-12,Synthetic City A,KP,250 Watchlist Street,Synthetic City B,RU,SYN-P-61010699,SYN-N-964673896,NOT_APPLICABLE_INDIVIDUAL,Synthetic Regional,Synthetic prototype record,Synthetic Prototype,2024-01-01,1,High,1
WL000903,Individual,Karim Sokolov,Karim,NO_MIDDLE_NAME,Sokolov,Karim Sokolov,1978-04-12,Synthetic City B,RU,13 Watchlist Street,Synthetic City A,KP,SYN-P-04427694,SYN-N-218267713,NOT_APPLICABLE_INDIVIDUAL,Internal Watchlist,Synthetic prototype record,Synthetic Prototype,2024-01-01,1,High,1
WL000904,Individual,Karim Haddad,Karim,NO_MIDDLE_NAME,Haddad,Karim Haddad,1978-04-12,Unknown,RU,341 Watchlist Street,Synthetic City A,KP,SYN-P-15770015,SYN-N-643643011,NOT_APPLICABLE_INDIVIDUAL,Synthetic Regional,Synthetic prototype record,Synthetic Prototype,2024-01-01,1,High,1
WL000905,Individual,Laila Volkov,Laila,NO_MIDDLE_NAME,Volkov,Laila Volkov,1978-04-12,Unknown,KP,85 Watchlist Street,Synthetic City B,SY,SYN-P-81836573,SYN-N-625878314,NOT_APPLICABLE_INDIVIDUAL,Synthetic Regional,Synthetic prototype record,Synthetic Prototype,2024-01-01,1,High,1
WL000906,Individual,Sergei Volkov,Sergei,NO_MIDDLE_NAME,Volkov,Sergei Volkov,1978-04-12,Synthetic City B,KP,79 Watchlist Street,Synthetic City B,KP,SYN-P-90674791,SYN-N-225278337,NOT_APPLICABLE_INDIVIDUAL,Internal Watchlist,Synthetic prototype record,Synthetic Prototype,2024-01-01,1,High,1
WL000907,Individual,Dmitri Sokolov,Dmitri,NO_MIDDLE_NAME,Sokolov,Dmitri Sokolov,1978-04-12,Synthetic City B,KP,283 Watchlist Street,Synthetic City A,KP,SYN-P-52530177,SYN-N-651515114,NOT_APPLICABLE_INDIVIDUAL,Synthetic Regional,Synthetic prototype record,Synthetic Prototype,2024-01-01,1,Critical,1
WL000908,Individual,Sergei Volkov,Sergei,NO_MIDDLE_NAME,Volkov,Sergei Volkov,1978-04-12,Unknown,KP,48 Watchlist Street,Synthetic City B,SY,SYN-P-86307143,SYN-N-445586353,NOT_APPLICABLE_INDIVIDUAL,Internal Watchlist,Synthetic prototype record,Synthetic Prototype,2024-01-01,1,Critical,1
WL000909,Individual,Dmitri Ivanov,Dmitri,NO_MIDDLE_NAME,Ivanov,Dmitri Ivanov,1978-04-12,Synthetic City A,KP,393 Watchlist Street,Synthetic City A,RU,SYN-P-70762586,SYN-N-578686149,NOT_APPLICABLE_INDIVIDUAL,Synthetic Global,Synthetic prototype record,Synthetic Prototype,2024-01-01,1,High,1
WL000910,Individual,Omar Bashir,Omar,NO_MIDDLE_NAME,Bashir,Omar Bashir,1978-04-12,Synthetic City B,SY,188 Watchlist Street,Synthetic City A,SY,SYN-P-50953601,SYN-N-553114017,NOT_APPLICABLE_INDIVIDUAL,Internal Watchlist,Synthetic prototype record,Synthetic Prototype,2024-01-01,1,Critical,1
WL000911,Individual,Karim Abramov,Karim,NO_MIDDLE_NAME,Abramov,Karim Abramov,1978-04-12,Synthetic City B,KP,255 Watchlist Street,Synthetic City B,SY,SYN-P-86265211,SYN-N-513213217,NOT_APPLICABLE_INDIVIDUAL,Internal Watchlist,Synthetic prototype record,Synthetic Prototype,2024-01-01,1,High,1
WL000912,Individual,Dmitri Bashir,Dmitri,NO_MIDDLE_NAME,Bashir,Dmitri Bashir,1978-04-12,Synthetic City A,RU,225 Watchlist Street,Synthetic City B,RU,SYN-P-33204235,SYN-N-101673714,NOT_APPLICABLE_INDIVIDUAL,Synthetic Regional,Synthetic prototype record,Synthetic Prototype,2024-01-01,1,High,1
WL000913,Individual,Farid Sokolov,Farid,NO_MIDDLE_NAME,Sokolov,Farid Sokolov,1978-04-12,Unknown,KP,80 Watchlist Street,Synthetic City B,RU,SYN-P-06207198,SYN-N-459550809,NOT_APPLICABLE_INDIVIDUAL,Internal Watchlist,Synthetic prototype record,Synthetic Prototype,2024-01-01,1,High,1
WL000914,Organization,Abramov Global Holdings,NOT_APPLICABLE_ORGANIZATION,NO_MIDDLE_NAME,NOT_APPLICABLE_ORGANIZATION,Abramov Group,1900-01-01,Unknown,SY,39 Watchlist Street,Synthetic City B,KP,SYN-P-50482758,SYN-N-705151808,Abramov Global Holdings,Synthetic Global,Synthetic prototype record,Synthetic Prototype,2024-01-01,1,High,0
WL000915,Individual,Dmitri Karimov,Dmitri,NO_MIDDLE_NAME,Karimov,Dmitri Karimov,1978-04-12,Synthetic City A,RU,232 Watchlist Street,Synthetic City A,KP,SYN-P-41134592,SYN-N-361248085,NOT_APPLICABLE_INDIVIDUAL,Internal Watchlist,Synthetic prototype record,Synthetic Prototype,2024-01-01,1,Critical,1
WL000916,Individual,Hassan Abramov,Hassan,NO_MIDDLE_NAME,Abramov,Hassan Abramov,1978-04-12,Unknown,RU,23 Watchlist Street,Synthetic City A,KP,SYN-P-28344989,SYN-N-656685697,NOT_APPLICABLE_INDIVIDUAL,Internal Watchlist,Synthetic prototype record,Synthetic Prototype,2024-01-01,1,High,1
WL000917,Organization,Petrov Global Holdings,NOT_APPLICABLE_ORGANIZATION,NO_MIDDLE_NAME,NOT_APPLICABLE_ORGANIZATION,Petrov Group,1900-01-01,Synthetic City B,SY,28 Watchlist Street,Synthetic City A,SY,SYN-P-46215512,SYN-N-439276867,Petrov Global Holdings,Synthetic Regional,Synthetic prototype record,Synthetic Prototype,2024-01-01,1,High,0
WL000918,Individual,Alexander Abramov,Alexander,NO_MIDDLE_NAME,Abramov,Alexander Abramov,1978-04-12,Synthetic City B,SY,234 Watchlist Street,Synthetic City A,RU,SYN-P-88262878,SYN-N-714577987,NOT_APPLICABLE_INDIVIDUAL,Synthetic Regional,Synthetic prototype record,Synthetic Prototype,2024-01-01,1,High,1
WL000919,Individual,Alexander Ivanov,Alexander,NO_MIDDLE_NAME,Ivanov,Alexander Ivanov,1978-04-12,Unknown,KP,262 Watchlist Street,Synthetic City B,SY,SYN-P-41094133,SYN-N-868791404,NOT_APPLICABLE_INDIVIDUAL,Internal Watchlist,Synthetic prototype record,Synthetic Prototype,2024-01-01,1,Critical,1
WL000920,Individual,Elena Abramov,Elena,NO_MIDDLE_NAME,Abramov,Elena Abramov,1978-04-12,Synthetic City B,KP,113 Watchlist Street,Synthetic City B,RU,SYN-P-45664424,SYN-N-697298076,NOT_APPLICABLE_INDIVIDUAL,Synthetic Global,Synthetic prototype record,Synthetic Prototype,2024-01-01,1,High,1
WL000921,Individual,Sergei Bashir,Sergei,NO_MIDDLE_NAME,Bashir,Sergei Bashir,1978-04-12,Synthetic City A,SY,141 Watchlist Street,Synthetic City A,KP,SYN-P-57785403,SYN-N-382223215,NOT_APPLICABLE_INDIVIDUAL,Synthetic Regional,Synthetic prototype record,Synthetic Prototype,2024-01-01,1,High,1
WL000922,Individual,Ivan Petrov,Ivan,NO_MIDDLE_NAME,Petrov,Ivan Petrov,1978-04-12,Unknown,SY,99 Watchlist Street,Synthetic City A,RU,SYN-P-45387665,SYN-N-161864571,NOT_APPLICABLE_INDIVIDUAL,Internal Watchlist,Synthetic prototype record,Synthetic Prototype,2024-01-01,1,High,1
WL000923,Individual,Hassan Abramov,Hassan,NO_MIDDLE_NAME,Abramov,Hassan Abramov,1978-04-12,Synthetic City A,KP,93 Watchlist Street,Synthetic City A,KP,SYN-P-52742878,SYN-N-093756441,NOT_APPLICABLE_INDIVIDUAL,Synthetic Regional,Synthetic prototype record,Synthetic Prototype,2024-01-01,1,Critical,1
WL000924,Individual,Elena Petrov,Elena,NO_MIDDLE_NAME,Petrov,Elena Petrov,1978-04-12,Unknown,KP,110 Watchlist Street,Synthetic City B,SY,SYN-P-23449764,SYN-N-612749568,NOT_APPLICABLE_INDIVIDUAL,Synthetic Regional,Synthetic prototype record,Synthetic Prototype,2024-01-01,1,Critical,1
WL000925,Individual,Sergei Haddad,Sergei,NO_MIDDLE_NAME,Haddad,Sergei Haddad,1978-04-12,Synthetic City B,KP,59 Watchlist Street,Synthetic City B,SY,SYN-P-21797503,SYN-N-794709459,NOT_APPLICABLE_INDIVIDUAL,Internal Watchlist,Synthetic prototype record,Synthetic Prototype,2024-01-01,1,Critical,1
WL000926,Individual,Karim Sokolov,Karim,NO_MIDDLE_NAME,Sokolov,Karim Sokolov,1978-04-12,Unknown,SY,57 Watchlist Street,Synthetic City B,KP,SYN-P-45311376,SYN-N-664870665,NOT_APPLICABLE_INDIVIDUAL,Synthetic Regional,Synthetic prototype record,Synthetic Prototype,2024-01-01,1,High,1
WL000927,Organization,Sokolov Global Holdings,NOT_APPLICABLE_ORGANIZATION,NO_MIDDLE_NAME,NOT_APPLICABLE_ORGANIZATION,Sokolov Group,1900-01-01,Synthetic City B,KP,272 Watchlist Street,Synthetic City A,KP,SYN-P-62498836,SYN-N-268150093,Sokolov Global Holdings,Synthetic Global,Synthetic prototype record,Synthetic Prototype,2024-01-01,1,High,0
WL000928,Organization,Sokolov Global Holdings,NOT_APPLICABLE_ORGANIZATION,NO_MIDDLE_NAME,NOT_APPLICABLE_ORGANIZATION,Sokolov Group,1900-01-01,Unknown,RU,393 Watchlist Street,Synthetic City B,SY,SYN-P-26953623,SYN-N-120587686,Sokolov Global Holdings,Synthetic Regional,Synthetic prototype record,Synthetic Prototype,2024-01-01,1,High,0
WL000929,Individual,Karim Volkov,Karim,NO_MIDDLE_NAME,Volkov,Karim Volkov,1978-04-12,Unknown,SY,128 Watchlist Street,Synthetic City A,SY,SYN-P-74236758,SYN-N-702236576,NOT_APPLICABLE_INDIVIDUAL,Internal Watchlist,Synthetic prototype record,Synthetic Prototype,2024-01-01,1,Critical,1
WL000930,Individual,Omar Haddad,Omar,NO_MIDDLE_NAME,Haddad,Omar Haddad,1978-04-12,Synthetic City B,KP,161 Watchlist Street,Synthetic City A,RU,SYN-P-79931092,SYN-N-518968135,NOT_APPLICABLE_INDIVIDUAL,Synthetic Global,Synthetic prototype record,Synthetic Prototype,2024-01-01,1,High,1
WL000931,Individual,Sergei Abramov,Sergei,NO_MIDDLE_NAME,Abramov,Sergei Abramov,1978-04-12,Unknown,RU,291 Watchlist Street,Synthetic City A,RU,SYN-P-22502200,SYN-N-645620003,NOT_APPLICABLE_INDIVIDUAL,Synthetic Global,Synthetic prototype record,Synthetic Prototype,2024-01-01,1,Critical,1
WL000932,Individual,Hassan Bashir,Hassan,NO_MIDDLE_NAME,Bashir,Hassan Bashir,1978-04-12,Synthetic City B,KP,60 Watchlist Street,Synthetic City A,KP,SYN-P-61455757,SYN-N-783884447,NOT_APPLICABLE_INDIVIDUAL,Synthetic Regional,Synthetic prototype record,Synthetic Prototype,2024-01-01,1,Critical,1
WL000933,Individual,Ivan Petrov,Ivan,NO_MIDDLE_NAME,Petrov,Ivan Petrov,1978-04-12,Synthetic City A,RU,96 Watchlist Street,Synthetic City A,KP,SYN-P-85100705,SYN-N-245223152,NOT_APPLICABLE_INDIVIDUAL,Internal Watchlist,Synthetic prototype record,Synthetic Prototype,2024-01-01,1,Critical,1
WL000934,Individual,Alexander Volkov,Alexander,NO_MIDDLE_NAME,Volkov,Alexander Volkov,1978-04-12,Synthetic City A,KP,284 Watchlist Street,Synthetic City A,RU,SYN-P-26754567,SYN-N-267358289,NOT_APPLICABLE_INDIVIDUAL,Internal Watchlist,Synthetic prototype record,Synthetic Prototype,2024-01-01,1,Critical,1
WL000935,Individual,Alexander Karimov,Alexander,NO_MIDDLE_NAME,Karimov,Alexander Karimov,1978-04-12,Unknown,RU,304 Watchlist Street,Synthetic City B,KP,SYN-P-03269374,SYN-N-317844085,NOT_APPLICABLE_INDIVIDUAL,Internal Watchlist,Synthetic prototype record,Synthetic Prototype,2024-01-01,1,Critical,1
WL000936,Individual,Laila Ivanov,Laila,NO_MIDDLE_NAME,Ivanov,Laila Ivanov,1978-04-12,Unknown,KP,246 Watchlist Street,Synthetic City B,RU,SYN-P-36904991,SYN-N-537588517,NOT_APPLICABLE_INDIVIDUAL,Synthetic Global,Synthetic prototype record,Synthetic Prototype,2024-01-01,1,High,1
WL000937,Individual,Dmitri Haddad,Dmitri,NO_MIDDLE_NAME,Haddad,Dmitri Haddad,1978-04-12,Synthetic City B,RU,127 Watchlist Street,Synthetic City B,SY,SYN-P-48181308,SYN-N-492858446,NOT_APPLICABLE_INDIVIDUAL,Synthetic Regional,Synthetic prototype record,Synthetic Prototype,2024-01-01,1,High,1
WL000938,Individual,Sergei Haddad,Sergei,NO_MIDDLE_NAME,Haddad,Sergei Haddad,1978-04-12,Synthetic City B,KP,93 Watchlist Street,Synthetic City A,RU,SYN-P-97530140,SYN-N-164630722,NOT_APPLICABLE_INDIVIDUAL,Synthetic Global,Synthetic prototype record,Synthetic Prototype,2024-01-01,1,High,1
WL000939,Individual,Hassan Haddad,Hassan,NO_MIDDLE_NAME,Haddad,Hassan Haddad,1978-04-12,Synthetic City A,SY,311 Watchlist Street,Synthetic City B,SY,SYN-P-12562942,SYN-N-145491086,NOT_APPLICABLE_INDIVIDUAL,Internal Watchlist,Synthetic prototype record,Synthetic Prototype,2024-01-01,1,High,1
WL000940,Organization,Ivanov Global Holdings,NOT_APPLICABLE_ORGANIZATION,NO_MIDDLE_NAME,NOT_APPLICABLE_ORGANIZATION,Ivanov Group,1900-01-01,Synthetic City A,SY,195 Watchlist Street,Synthetic City B,KP,SYN-P-99166900,SYN-N-917354030,Ivanov Global Holdings,Internal Watchlist,Synthetic prototype record,Synthetic Prototype,2024-01-01,1,Critical,0
WL000941,Individual,Sergei Abramov,Sergei,NO_MIDDLE_NAME,Abramov,Sergei Abramov,1978-04-12,Unknown,RU,163 Watchlist Street,Synthetic City B,SY,SYN-P-70375666,SYN-N-514061146,NOT_APPLICABLE_INDIVIDUAL,Internal Watchlist,Synthetic prototype record,Synthetic Prototype,2024-01-01,1,Critical,1
WL000942,Individual,Dmitri Petrov,Dmitri,NO_MIDDLE_NAME,Petrov,Dmitri Petrov,1978-04-12,Synthetic City B,RU,292 Watchlist Street,Synthetic City B,SY,SYN-P-41102365,SYN-N-926160351,NOT_APPLICABLE_INDIVIDUAL,Internal Watchlist,Synthetic prototype record,Synthetic Prototype,2024-01-01,1,High,1
WL000943,Organization,Ivanov Global Holdings,NOT_APPLICABLE_ORGANIZATION,NO_MIDDLE_NAME,NOT_APPLICABLE_ORGANIZATION,Ivanov Group,1900-01-01,Unknown,RU,145 Watchlist Street,Synthetic City B,SY,SYN-P-06234136,SYN-N-511766040,Ivanov Global Holdings,Internal Watchlist,Synthetic prototype record,Synthetic Prototype,2024-01-01,1,Critical,0
WL000944,Individual,Sergei Abramov,Sergei,NO_MIDDLE_NAME,Abramov,Sergei Abramov,1978-04-12,Synthetic City A,SY,127 Watchlist Street,Synthetic City B,SY,SYN-P-81393960,SYN-N-937051745,NOT_APPLICABLE_INDIVIDUAL,Synthetic Global,Synthetic prototype record,Synthetic Prototype,2024-01-01,1,Critical,1
WL000945,Individual,Farid Sokolov,Farid,NO_MIDDLE_NAME,Sokolov,Farid Sokolov,1978-04-12,Unknown,KP,173 Watchlist Street,Synthetic City A,RU,SYN-P-96841935,SYN-N-373037794,NOT_APPLICABLE_INDIVIDUAL,Synthetic Regional,Synthetic prototype record,Synthetic Prototype,2024-01-01,1,High,1
WL000946,Individual,Omar Ivanov,Omar,NO_MIDDLE_NAME,Ivanov,Omar Ivanov,1978-04-12,Synthetic City B,SY,173 Watchlist Street,Synthetic City B,RU,SYN-P-38903477,SYN-N-573115151,NOT_APPLICABLE_INDIVIDUAL,Internal Watchlist,Synthetic prototype record,Synthetic Prototype,2024-01-01,1,Critical,1
WL000947,Organization,Abramov Global Holdings,NOT_APPLICABLE_ORGANIZATION,NO_MIDDLE_NAME,NOT_APPLICABLE_ORGANIZATION,Abramov Group,1900-01-01,Synthetic City B,KP,248 Watchlist Street,Synthetic City B,RU,SYN-P-60600116,SYN-N-013977216,Abramov Global Holdings,Internal Watchlist,Synthetic prototype record,Synthetic Prototype,2024-01-01,1,High,0
WL000948,Individual,Laila Sokolov,Laila,NO_MIDDLE_NAME,Sokolov,Laila Sokolov,1978-04-12,Synthetic City B,KP,248 Watchlist Street,Synthetic City A,RU,SYN-P-23410208,SYN-N-497403596,NOT_APPLICABLE_INDIVIDUAL,Internal Watchlist,Synthetic prototype record,Synthetic Prototype,2024-01-01,1,Critical,1
WL000949,Individual,Laila Bashir,Laila,NO_MIDDLE_NAME,Bashir,Laila Bashir,1978-04-12,Synthetic City A,SY,20 Watchlist Street,Synthetic City B,RU,SYN-P-84663925,SYN-N-925193969,NOT_APPLICABLE_INDIVIDUAL,Synthetic Regional,Synthetic prototype record,Synthetic Prototype,2024-01-01,1,High,1
WL000950,Individual,Omar Abramov,Omar,NO_MIDDLE_NAME,Abramov,Omar Abramov,1978-04-12,Synthetic City A,KP,26 Watchlist Street,Synthetic City B,RU,SYN-P-51952311,SYN-N-291868737,NOT_APPLICABLE_INDIVIDUAL,Synthetic Global,Synthetic prototype record,Synthetic Prototype,2024-01-01,1,Critical,1
WL000951,Individual,Karim Volkov,Karim,NO_MIDDLE_NAME,Volkov,Karim Volkov,1978-04-12,Synthetic City A,RU,143 Watchlist Street,Synthetic City B,KP,SYN-P-64356238,SYN-N-914308184,NOT_APPLICABLE_INDIVIDUAL,Synthetic Global,Synthetic prototype record,Synthetic Prototype,2024-01-01,1,High,1
WL000952,Individual,Sergei Haddad,Sergei,NO_MIDDLE_NAME,Haddad,Sergei Haddad,1978-04-12,Synthetic City B,RU,61 Watchlist Street,Synthetic City A,SY,SYN-P-86481803,SYN-N-952883052,NOT_APPLICABLE_INDIVIDUAL,Internal Watchlist,Synthetic prototype record,Synthetic Prototype,2024-01-01,1,High,1
WL000953,Organization,Volkov Global Holdings,NOT_APPLICABLE_ORGANIZATION,NO_MIDDLE_NAME,NOT_APPLICABLE_ORGANIZATION,Volkov Group,1900-01-01,Synthetic City B,KP,150 Watchlist Street,Synthetic City B,SY,SYN-P-08506256,SYN-N-156998738,Volkov Global Holdings,Synthetic Global,Synthetic prototype record,Synthetic Prototype,2024-01-01,1,Critical,0
WL000954,Individual,Alexander Volkov,Alexander,NO_MIDDLE_NAME,Volkov,Alexander Volkov,1978-04-12,Unknown,SY,310 Watchlist Street,Synthetic City A,SY,SYN-P-38980076,SYN-N-399927407,NOT_APPLICABLE_INDIVIDUAL,Synthetic Global,Synthetic prototype record,Synthetic Prototype,2024-01-01,1,Critical,1
WL000955,Individual,Dmitri Haddad,Dmitri,NO_MIDDLE_NAME,Haddad,Dmitri Haddad,1978-04-12,Unknown,KP,129 Watchlist Street,Synthetic City B,RU,SYN-P-24594855,SYN-N-558105114,NOT_APPLICABLE_INDIVIDUAL,Synthetic Global,Synthetic prototype record,Synthetic Prototype,2024-01-01,1,Critical,1
WL000956,Individual,Ivan Petrov,Ivan,NO_MIDDLE_NAME,Petrov,Ivan Petrov,1978-04-12,Synthetic City B,KP,336 Watchlist Street,Synthetic City A,KP,SYN-P-95119451,SYN-N-221759076,NOT_APPLICABLE_INDIVIDUAL,Synthetic Regional,Synthetic prototype record,Synthetic Prototype,2024-01-01,1,Critical,1
WL000957,Individual,Laila Bashir,Laila,NO_MIDDLE_NAME,Bashir,Laila Bashir,1978-04-12,Synthetic City A,SY,332 Watchlist Street,Synthetic City A,KP,SYN-P-69400358,SYN-N-662443069,NOT_APPLICABLE_INDIVIDUAL,Synthetic Global,Synthetic prototype record,Synthetic Prototype,2024-01-01,1,High,1
WL000958,Individual,Omar Bashir,Omar,NO_MIDDLE_NAME,Bashir,Omar Bashir,1978-04-12,Synthetic City A,KP,338 Watchlist Street,Synthetic City A,KP,SYN-P-88652396,SYN-N-082154418,NOT_APPLICABLE_INDIVIDUAL,Synthetic Global,Synthetic prototype record,Synthetic Prototype,2024-01-01,1,Critical,1
WL000959,Individual,Dmitri Sokolov,Dmitri,NO_MIDDLE_NAME,Sokolov,Dmitri Sokolov,1978-04-12,Unknown,RU,269 Watchlist Street,Synthetic City B,KP,SYN-P-45187246,SYN-N-137306027,NOT_APPLICABLE_INDIVIDUAL,Internal Watchlist,Synthetic prototype record,Synthetic Prototype,2024-01-01,1,High,1
WL000960,Individual,Dmitri Bashir,Dmitri,NO_MIDDLE_NAME,Bashir,Dmitri Bashir,1978-04-12,Synthetic City A,SY,20 Watchlist Street,Synthetic City B,RU,SYN-P-32471024,SYN-N-477835973,NOT_APPLICABLE_INDIVIDUAL,Synthetic Global,Synthetic prototype record,Synthetic Prototype,2024-01-01,1,High,1
WL000961,Individual,Karim Ivanov,Karim,NO_MIDDLE_NAME,Ivanov,Karim Ivanov,1978-04-12,Synthetic City A,SY,2 Watchlist Street,Synthetic City A,KP,SYN-P-53385305,SYN-N-385317791,NOT_APPLICABLE_INDIVIDUAL,Internal Watchlist,Synthetic prototype record,Synthetic Prototype,2024-01-01,0,Critical,1
WL000962,Organization,Ivanov Global Holdings,NOT_APPLICABLE_ORGANIZATION,NO_MIDDLE_NAME,NOT_APPLICABLE_ORGANIZATION,Ivanov Group,1900-01-01,Synthetic City B,RU,8 Watchlist Street,Synthetic City B,SY,SYN-P-73358366,SYN-N-304614134,Ivanov Global Holdings,Synthetic Regional,Synthetic prototype record,Synthetic Prototype,2024-01-01,1,Critical,0
WL000963,Organization,Karimov Global Holdings,NOT_APPLICABLE_ORGANIZATION,NO_MIDDLE_NAME,NOT_APPLICABLE_ORGANIZATION,Karimov Group,1900-01-01,Synthetic City A,KP,279 Watchlist Street,Synthetic City B,KP,SYN-P-96527543,SYN-N-587777164,Karimov Global Holdings,Internal Watchlist,Synthetic prototype record,Synthetic Prototype,2024-01-01,1,Critical,0
WL000964,Organization,Petrov Global Holdings,NOT_APPLICABLE_ORGANIZATION,NO_MIDDLE_NAME,NOT_APPLICABLE_ORGANIZATION,Petrov Group,1900-01-01,Synthetic City B,KP,176 Watchlist Street,Synthetic City A,SY,SYN-P-78219249,SYN-N-261890626,Petrov Global Holdings,Internal Watchlist,Synthetic prototype record,Synthetic Prototype,2024-01-01,1,High,0
WL000965,Individual,Laila Bashir,Laila,NO_MIDDLE_NAME,Bashir,Laila Bashir,1978-04-12,Unknown,SY,20 Watchlist Street,Synthetic City B,RU,SYN-P-14611659,SYN-N-745678668,NOT_APPLICABLE_INDIVIDUAL,Synthetic Global,Synthetic prototype record,Synthetic Prototype,2024-01-01,1,High,1
WL000966,Individual,Sergei Karimov,Sergei,NO_MIDDLE_NAME,Karimov,Sergei Karimov,1978-04-12,Synthetic City B,KP,199 Watchlist Street,Synthetic City A,RU,SYN-P-75310572,SYN-N-410453791,NOT_APPLICABLE_INDIVIDUAL,Internal Watchlist,Synthetic prototype record,Synthetic Prototype,2024-01-01,1,High,1
WL000967,Individual,Ivan Sokolov,Ivan,NO_MIDDLE_NAME,Sokolov,Ivan Sokolov,1978-04-12,Synthetic City A,SY,396 Watchlist Street,Synthetic City A,RU,SYN-P-29816285,SYN-N-781957145,NOT_APPLICABLE_INDIVIDUAL,Internal Watchlist,Synthetic prototype record,Synthetic Prototype,2024-01-01,1,High,1
WL000968,Individual,Farid Petrov,Farid,NO_MIDDLE_NAME,Petrov,Farid Petrov,1978-04-12,Synthetic City B,SY,104 Watchlist Street,Synthetic City B,RU,SYN-P-09215273,SYN-N-547683424,NOT_APPLICABLE_INDIVIDUAL,Synthetic Global,Synthetic prototype record,Synthetic Prototype,2024-01-01,1,High,1
WL000969,Individual,Ivan Ivanov,Ivan,NO_MIDDLE_NAME,Ivanov,Ivan Ivanov,1978-04-12,Synthetic City A,KP,256 Watchlist Street,Synthetic City A,KP,SYN-P-97445991,SYN-N-007297498,NOT_APPLICABLE_INDIVIDUAL,Internal Watchlist,Synthetic prototype record,Synthetic Prototype,2024-01-01,1,High,1
WL000970,Organization,Bashir Global Holdings,NOT_APPLICABLE_ORGANIZATION,NO_MIDDLE_NAME,NOT_APPLICABLE_ORGANIZATION,Bashir Group,1900-01-01,Unknown,SY,98 Watchlist Street,Synthetic City B,SY,SYN-P-63341879,SYN-N-070215870,Bashir Global Holdings,Internal Watchlist,Synthetic prototype record,Synthetic Prototype,2024-01-01,1,Critical,0
WL000971,Individual,Karim Karimov,Karim,NO_MIDDLE_NAME,Karimov,Karim Karimov,1978-04-12,Synthetic City B,SY,133 Watchlist Street,Synthetic City B,SY,SYN-P-83671168,SYN-N-002883826,NOT_APPLICABLE_INDIVIDUAL,Internal Watchlist,Synthetic prototype record,Synthetic Prototype,2024-01-01,1,Critical,1
WL000972,Individual,Hassan Ivanov,Hassan,NO_MIDDLE_NAME,Ivanov,Hassan Ivanov,1978-04-12,Synthetic City B,SY,374 Watchlist Street,Synthetic City B,KP,SYN-P-12170183,SYN-N-552379466,NOT_APPLICABLE_INDIVIDUAL,Internal Watchlist,Synthetic prototype record,Synthetic Prototype,2024-01-01,1,Critical,1
WL000973,Individual,Ivan Ivanov,Ivan,NO_MIDDLE_NAME,Ivanov,Ivan Ivanov,1978-04-12,Unknown,KP,310 Watchlist Street,Synthetic City B,SY,SYN-P-07297192,SYN-N-243892415,NOT_APPLICABLE_INDIVIDUAL,Synthetic Regional,Synthetic prototype record,Synthetic Prototype,2024-01-01,1,Critical,1
WL000974,Individual,Ivan Karimov,Ivan,NO_MIDDLE_NAME,Karimov,Ivan Karimov,1978-04-12,Unknown,SY,233 Watchlist Street,Synthetic City A,KP,SYN-P-88959361,SYN-N-686227514,NOT_APPLICABLE_INDIVIDUAL,Internal Watchlist,Synthetic prototype record,Synthetic Prototype,2024-01-01,0,High,1
WL000975,Individual,Dmitri Abramov,Dmitri,NO_MIDDLE_NAME,Abramov,Dmitri Abramov,1978-04-12,Synthetic City A,SY,268 Watchlist Street,Synthetic City A,RU,SYN-P-55278930,SYN-N-754924429,NOT_APPLICABLE_INDIVIDUAL,Synthetic Global,Synthetic prototype record,Synthetic Prototype,2024-01-01,1,High,1
WL000976,Individual,Farid Haddad,Farid,NO_MIDDLE_NAME,Haddad,Farid Haddad,1978-04-12,Unknown,KP,221 Watchlist Street,Synthetic City A,KP,SYN-P-18672757,SYN-N-215916727,NOT_APPLICABLE_INDIVIDUAL,Synthetic Regional,Synthetic prototype record,Synthetic Prototype,2024-01-01,1,Critical,1
WL000977,Individual,Ivan Haddad,Ivan,NO_MIDDLE_NAME,Haddad,Ivan Haddad,1978-04-12,Unknown,KP,158 Watchlist Street,Synthetic City A,SY,SYN-P-68994874,SYN-N-320968355,NOT_APPLICABLE_INDIVIDUAL,Internal Watchlist,Synthetic prototype record,Synthetic Prototype,2024-01-01,1,Critical,1
WL000978,Individual,Ivan Abramov,Ivan,NO_MIDDLE_NAME,Abramov,Ivan Abramov,1978-04-12,Synthetic City B,RU,369 Watchlist Street,Synthetic City B,SY,SYN-P-18058606,SYN-N-461412632,NOT_APPLICABLE_INDIVIDUAL,Internal Watchlist,Synthetic prototype record,Synthetic Prototype,2024-01-01,1,High,1
WL000979,Individual,Dmitri Abramov,Dmitri,NO_MIDDLE_NAME,Abramov,Dmitri Abramov,1978-04-12,Synthetic City A,RU,226 Watchlist Street,Synthetic City A,SY,SYN-P-96263085,SYN-N-055512959,NOT_APPLICABLE_INDIVIDUAL,Internal Watchlist,Synthetic prototype record,Synthetic Prototype,2024-01-01,1,Critical,1
WL000980,Individual,Farid Ivanov,Farid,NO_MIDDLE_NAME,Ivanov,Farid Ivanov,1978-04-12,Synthetic City A,KP,238 Watchlist Street,Synthetic City B,RU,SYN-P-03955051,SYN-N-321528027,NOT_APPLICABLE_INDIVIDUAL,Internal Watchlist,Synthetic prototype record,Synthetic Prototype,2024-01-01,1,High,1
WL000981,Individual,Alexander Karimov,Alexander,NO_MIDDLE_NAME,Karimov,Alexander Karimov,1978-04-12,Synthetic City B,KP,10 Watchlist Street,Synthetic City A,KP,SYN-P-78000050,SYN-N-249470012,NOT_APPLICABLE_INDIVIDUAL,Synthetic Global,Synthetic prototype record,Synthetic Prototype,2024-01-01,1,Critical,1
WL000982,Individual,Laila Ivanov,Laila,NO_MIDDLE_NAME,Ivanov,Laila Ivanov,1978-04-12,Unknown,SY,354 Watchlist Street,Synthetic City B,RU,SYN-P-94164109,SYN-N-088366334,NOT_APPLICABLE_INDIVIDUAL,Synthetic Global,Synthetic prototype record,Synthetic Prototype,2024-01-01,1,High,1
WL000983,Individual,Farid Haddad,Farid,NO_MIDDLE_NAME,Haddad,Farid Haddad,1978-04-12,Synthetic City A,RU,196 Watchlist Street,Synthetic City B,SY,SYN-P-50106653,SYN-N-827952728,NOT_APPLICABLE_INDIVIDUAL,Synthetic Regional,Synthetic prototype record,Synthetic Prototype,2024-01-01,1,Critical,1
WL000984,Organization,Bashir Global Holdings,NOT_APPLICABLE_ORGANIZATION,NO_MIDDLE_NAME,NOT_APPLICABLE_ORGANIZATION,Bashir Group,1900-01-01,Unknown,KP,54 Watchlist Street,Synthetic City A,RU,SYN-P-39176987,SYN-N-910162179,Bashir Global Holdings,Internal Watchlist,Synthetic prototype record,Synthetic Prototype,2024-01-01,1,High,0
WL000985,Individual,Elena Karimov,Elena,NO_MIDDLE_NAME,Karimov,Elena Karimov,1978-04-12,Synthetic City B,RU,152 Watchlist Street,Synthetic City A,RU,SYN-P-92071404,SYN-N-293123898,NOT_APPLICABLE_INDIVIDUAL,Internal Watchlist,Synthetic prototype record,Synthetic Prototype,2024-01-01,0,Critical,1
WL000986,Individual,Ivan Ivanov,Ivan,NO_MIDDLE_NAME,Ivanov,Ivan Ivanov,1978-04-12,Unknown,SY,335 Watchlist Street,Synthetic City B,KP,SYN-P-58341046,SYN-N-581587632,NOT_APPLICABLE_INDIVIDUAL,Internal Watchlist,Synthetic prototype record,Synthetic Prototype,2024-01-01,1,Critical,1
WL000987,Individual,Hassan Bashir,Hassan,NO_MIDDLE_NAME,Bashir,Hassan Bashir,1978-04-12,Synthetic City A,RU,371 Watchlist Street,Synthetic City A,KP,SYN-P-23519226,SYN-N-845788496,NOT_APPLICABLE_INDIVIDUAL,Synthetic Global,Synthetic prototype record,Synthetic Prototype,2024-01-01,1,Critical,1
WL000988,Individual,Elena Petrov,Elena,NO_MIDDLE_NAME,Petrov,Elena Petrov,1978-04-12,Synthetic City A,RU,78 Watchlist Street,Synthetic City B,SY,SYN-P-26212781,SYN-N-918388544,NOT_APPLICABLE_INDIVIDUAL,Internal Watchlist,Synthetic prototype record,Synthetic Prototype,2024-01-01,1,Critical,1
WL000989,Organization,Abramov Global Holdings,NOT_APPLICABLE_ORGANIZATION,NO_MIDDLE_NAME,NOT_APPLICABLE_ORGANIZATION,Abramov Group,1900-01-01,Synthetic City A,KP,255 Watchlist Street,Synthetic City B,RU,SYN-P-06553272,SYN-N-872187802,Abramov Global Holdings,Synthetic Global,Synthetic prototype record,Synthetic Prototype,2024-01-01,1,Critical,0
WL000990,Individual,Alexander Abramov,Alexander,NO_MIDDLE_NAME,Abramov,Alexander Abramov,1978-04-12,Synthetic City A,SY,22 Watchlist Street,Synthetic City B,SY,SYN-P-61043577,SYN-N-102824210,NOT_APPLICABLE_INDIVIDUAL,Synthetic Regional,Synthetic prototype record,Synthetic Prototype,2024-01-01,1,Critical,1
WL000991,Individual,Elena Sokolov,Elena,NO_MIDDLE_NAME,Sokolov,Elena Sokolov,1978-04-12,Unknown,SY,9 Watchlist Street,Synthetic City A,SY,SYN-P-73783484,SYN-N-507712377,NOT_APPLICABLE_INDIVIDUAL,Synthetic Regional,Synthetic prototype record,Synthetic Prototype,2024-01-01,1,High,1
WL000992,Individual,Hassan Karimov,Hassan,NO_MIDDLE_NAME,Karimov,Hassan Karimov,1978-04-12,Synthetic City A,RU,318 Watchlist Street,Synthetic City B,RU,SYN-P-02594620,SYN-N-421942188,NOT_APPLICABLE_INDIVIDUAL,Synthetic Regional,Synthetic prototype record,Synthetic Prototype,2024-01-01,1,Critical,1
WL000993,Organization,Ivanov Global Holdings,NOT_APPLICABLE_ORGANIZATION,NO_MIDDLE_NAME,NOT_APPLICABLE_ORGANIZATION,Ivanov Group,1900-01-01,Unknown,RU,342 Watchlist Street,Synthetic City A,RU,SYN-P-45284576,SYN-N-156875387,Ivanov Global Holdings,Synthetic Regional,Synthetic prototype record,Synthetic Prototype,2024-01-01,1,High,0
WL000994,Organization,Abramov Global Holdings,NOT_APPLICABLE_ORGANIZATION,NO_MIDDLE_NAME,NOT_APPLICABLE_ORGANIZATION,Abramov Group,1900-01-01,Synthetic City B,SY,256 Watchlist Street,Synthetic City A,SY,SYN-P-20939536,SYN-N-365228212,Abramov Global Holdings,Internal Watchlist,Synthetic prototype record,Synthetic Prototype,2024-01-01,1,High,0
WL000995,Individual,Karim Karimov,Karim,NO_MIDDLE_NAME,Karimov,Karim Karimov,1978-04-12,Unknown,RU,329 Watchlist Street,Synthetic City B,KP,SYN-P-23837185,SYN-N-977007612,NOT_APPLICABLE_INDIVIDUAL,Internal Watchlist,Synthetic prototype record,Synthetic Prototype,2024-01-01,1,Critical,1
WL000996,Organization,Haddad Global Holdings,NOT_APPLICABLE_ORGANIZATION,NO_MIDDLE_NAME,NOT_APPLICABLE_ORGANIZATION,Haddad Group,1900-01-01,Unknown,RU,235 Watchlist Street,Synthetic City A,KP,SYN-P-96429340,SYN-N-013789059,Haddad Global Holdings,Synthetic Global,Synthetic prototype record,Synthetic Prototype,2024-01-01,1,Critical,0
WL000997,Organization,Sokolov Global Holdings,NOT_APPLICABLE_ORGANIZATION,NO_MIDDLE_NAME,NOT_APPLICABLE_ORGANIZATION,Sokolov Group,1900-01-01,Synthetic City A,SY,194 Watchlist Street,Synthetic City A,RU,SYN-P-20858277,SYN-N-978663214,Sokolov Global Holdings,Synthetic Global,Synthetic prototype record,Synthetic Prototype,2024-01-01,1,Critical,0
WL000998,Individual,Karim Bashir,Karim,NO_MIDDLE_NAME,Bashir,Karim Bashir,1978-04-12,Synthetic City A,KP,78 Watchlist Street,Synthetic City A,KP,SYN-P-01913207,SYN-N-059028954,NOT_APPLICABLE_INDIVIDUAL,Synthetic Regional,Synthetic prototype record,Synthetic Prototype,2024-01-01,1,Critical,1
WL000999,Individual,Alexander Petrov,Alexander,NO_MIDDLE_NAME,Petrov,Alexander Petrov,1978-04-12,Synthetic City B,RU,100 Watchlist Street,Synthetic City A,SY,SYN-P-16486273,SYN-N-890897641,NOT_APPLICABLE_INDIVIDUAL,Synthetic Regional,Synthetic prototype record,Synthetic Prototype,2024-01-01,1,Critical,1
WL001000,Organization,Ivanov Global Holdings,NOT_APPLICABLE_ORGANIZATION,NO_MIDDLE_NAME,NOT_APPLICABLE_ORGANIZATION,Ivanov Group,1900-01-01,Synthetic City A,SY,354 Watchlist Street,Synthetic City A,KP,SYN-P-95876787,SYN-N-711423141,Ivanov Global Holdings,Synthetic Global,Synthetic prototype record,Synthetic Prototype,2024-01-01,1,Critical,0
WL001001,Individual,Sergei Haddad,Sergei,NO_MIDDLE_NAME,Haddad,Sergei Haddad,1978-04-12,Synthetic City B,SY,156 Watchlist Street,Synthetic City B,SY,SYN-P-79142493,SYN-N-362980526,NOT_APPLICABLE_INDIVIDUAL,Synthetic Regional,Synthetic prototype record,Synthetic Prototype,2024-01-01,1,High,1
WL001002,Individual,Farid Volkov,Farid,NO_MIDDLE_NAME,Volkov,Farid Volkov,1978-04-12,Synthetic City B,SY,119 Watchlist Street,Synthetic City A,RU,SYN-P-45158551,SYN-N-176360385,NOT_APPLICABLE_INDIVIDUAL,Internal Watchlist,Synthetic prototype record,Synthetic Prototype,2024-01-01,1,Critical,1
WL001003,Organization,Bashir Global Holdings,NOT_APPLICABLE_ORGANIZATION,NO_MIDDLE_NAME,NOT_APPLICABLE_ORGANIZATION,Bashir Group,1900-01-01,Synthetic City B,SY,193 Watchlist Street,Synthetic City B,KP,SYN-P-52756155,SYN-N-570028334,Bashir Global Holdings,Internal Watchlist,Synthetic prototype record,Synthetic Prototype,2024-01-01,1,High,0
WL001004,Individual,Hassan Haddad,Hassan,NO_MIDDLE_NAME,Haddad,Hassan Haddad,1978-04-12,Synthetic City A,KP,83 Watchlist Street,Synthetic City B,SY,SYN-P-61262249,SYN-N-113363830,NOT_APPLICABLE_INDIVIDUAL,Synthetic Global,Synthetic prototype record,Synthetic Prototype,2024-01-01,1,Critical,1
WL001005,Individual,Farid Sokolov,Farid,NO_MIDDLE_NAME,Sokolov,Farid Sokolov,1978-04-12,Synthetic City B,RU,96 Watchlist Street,Synthetic City B,RU,SYN-P-42676138,SYN-N-489555982,NOT_APPLICABLE_INDIVIDUAL,Synthetic Global,Synthetic prototype record,Synthetic Prototype,2024-01-01,1,High,1
WL001006,Organization,Haddad Global Holdings,NOT_APPLICABLE_ORGANIZATION,NO_MIDDLE_NAME,NOT_APPLICABLE_ORGANIZATION,Haddad Group,1900-01-01,Synthetic City B,RU,226 Watchlist Street,Synthetic City A,RU,SYN-P-99636615,SYN-N-205421561,Haddad Global Holdings,Internal Watchlist,Synthetic prototype record,Synthetic Prototype,2024-01-01,1,Critical,0
WL001007,Individual,Karim Abramov,Karim,NO_MIDDLE_NAME,Abramov,Karim Abramov,1978-04-12,Unknown,KP,219 Watchlist Street,Synthetic City A,KP,SYN-P-20335043,SYN-N-049247652,NOT_APPLICABLE_INDIVIDUAL,Synthetic Global,Synthetic prototype record,Synthetic Prototype,2024-01-01,1,High,1
WL001008,Individual,Sergei Abramov,Sergei,NO_MIDDLE_NAME,Abramov,Sergei Abramov,1978-04-12,Synthetic City B,RU,137 Watchlist Street,Synthetic City A,SY,SYN-P-48816484,SYN-N-397836038,NOT_APPLICABLE_INDIVIDUAL,Synthetic Global,Synthetic prototype record,Synthetic Prototype,2024-01-01,1,High,1
WL001009,Individual,Farid Volkov,Farid,NO_MIDDLE_NAME,Volkov,Farid Volkov,1978-04-12,Unknown,SY,76 Watchlist Street,Synthetic City B,KP,SYN-P-25683344,SYN-N-939532121,NOT_APPLICABLE_INDIVIDUAL,Synthetic Regional,Synthetic prototype record,Synthetic Prototype,2024-01-01,1,Critical,1
WL001010,Individual,Ivan Petrov,Ivan,NO_MIDDLE_NAME,Petrov,Ivan Petrov,1978-04-12,Synthetic City A,KP,200 Watchlist Street,Synthetic City A,KP,SYN-P-93131598,SYN-N-255428086,NOT_APPLICABLE_INDIVIDUAL,Synthetic Global,Synthetic prototype record,Synthetic Prototype,2024-01-01,1,Critical,1
WL001011,Individual,Dmitri Haddad,Dmitri,NO_MIDDLE_NAME,Haddad,Dmitri Haddad,1978-04-12,Unknown,SY,295 Watchlist Street,Synthetic City B,RU,SYN-P-66488451,SYN-N-238602496,NOT_APPLICABLE_INDIVIDUAL,Internal Watchlist,Synthetic prototype record,Synthetic Prototype,2024-01-01,1,High,1
WL001012,Organization,Petrov Global Holdings,NOT_APPLICABLE_ORGANIZATION,NO_MIDDLE_NAME,NOT_APPLICABLE_ORGANIZATION,Petrov Group,1900-01-01,Unknown,RU,16 Watchlist Street,Synthetic City B,RU,SYN-P-80386748,SYN-N-908932024,Petrov Global Holdings,Synthetic Regional,Synthetic prototype record,Synthetic Prototype,2024-01-01,1,High,0
WL001013,Organization,Haddad Global Holdings,NOT_APPLICABLE_ORGANIZATION,NO_MIDDLE_NAME,NOT_APPLICABLE_ORGANIZATION,Haddad Group,1900-01-01,Synthetic City A,RU,382 Watchlist Street,Synthetic City B,KP,SYN-P-91905086,SYN-N-036738816,Haddad Global Holdings,Synthetic Global,Synthetic prototype record,Synthetic Prototype,2024-01-01,1,Critical,0
WL001014,Individual,Dmitri Volkov,Dmitri,NO_MIDDLE_NAME,Volkov,Dmitri Volkov,1978-04-12,Synthetic City A,SY,70 Watchlist Street,Synthetic City B,RU,SYN-P-40472715,SYN-N-611990211,NOT_APPLICABLE_INDIVIDUAL,Synthetic Global,Synthetic prototype record,Synthetic Prototype,2024-01-01,1,High,1
WL001015,Individual,Farid Petrov,Farid,NO_MIDDLE_NAME,Petrov,Farid Petrov,1978-04-12,Synthetic City B,RU,20 Watchlist Street,Synthetic City A,SY,SYN-P-08921658,SYN-N-879762477,NOT_APPLICABLE_INDIVIDUAL,Internal Watchlist,Synthetic prototype record,Synthetic Prototype,2024-01-01,1,Critical,1
WL001016,Organization,Volkov Global Holdings,NOT_APPLICABLE_ORGANIZATION,NO_MIDDLE_NAME,NOT_APPLICABLE_ORGANIZATION,Volkov Group,1900-01-01,Synthetic City A,SY,302 Watchlist Street,Synthetic City A,RU,SYN-P-90489195,SYN-N-632006487,Volkov Global Holdings,Internal Watchlist,Synthetic prototype record,Synthetic Prototype,2024-01-01,1,High,0
WL001017,Individual,Alexander Sokolov,Alexander,NO_MIDDLE_NAME,Sokolov,Alexander Sokolov,1978-04-12,Synthetic City B,RU,277 Watchlist Street,Synthetic City B,KP,SYN-P-96305768,SYN-N-614862920,NOT_APPLICABLE_INDIVIDUAL,Synthetic Global,Synthetic prototype record,Synthetic Prototype,2024-01-01,1,High,1
WL001018,Organization,Sokolov Global Holdings,NOT_APPLICABLE_ORGANIZATION,NO_MIDDLE_NAME,NOT_APPLICABLE_ORGANIZATION,Sokolov Group,1900-01-01,Unknown,SY,89 Watchlist Street,Synthetic City B,KP,SYN-P-02267120,SYN-N-354999955,Sokolov Global Holdings,Synthetic Global,Synthetic prototype record,Synthetic Prototype,2024-01-01,1,Critical,0
WL001019,Individual,Farid Abramov,Farid,NO_MIDDLE_NAME,Abramov,Farid Abramov,1978-04-12,Synthetic City A,RU,284 Watchlist Street,Synthetic City B,SY,SYN-P-53083209,SYN-N-414081406,NOT_APPLICABLE_INDIVIDUAL,Internal Watchlist,Synthetic prototype record,Synthetic Prototype,2024-01-01,1,Critical,1
WL001020,Organization,Petrov Global Holdings,NOT_APPLICABLE_ORGANIZATION,NO_MIDDLE_NAME,NOT_APPLICABLE_ORGANIZATION,Petrov Group,1900-01-01,Unknown,RU,128 Watchlist Street,Synthetic City A,RU,SYN-P-86826670,SYN-N-107645018,Petrov Global Holdings,Synthetic Global,Synthetic prototype record,Synthetic Prototype,2024-01-01,1,Critical,0
WL001021,Individual,Laila Ivanov,Laila,NO_MIDDLE_NAME,Ivanov,Laila Ivanov,1978-04-12,Synthetic City B,KP,111 Watchlist Street,Synthetic City B,SY,SYN-P-84551851,SYN-N-670486908,NOT_APPLICABLE_INDIVIDUAL,Synthetic Regional,Synthetic prototype record,Synthetic Prototype,2024-01-01,1,High,1
WL001022,Individual,Ivan Haddad,Ivan,NO_MIDDLE_NAME,Haddad,Ivan Haddad,1978-04-12,Synthetic City B,SY,201 Watchlist Street,Synthetic City B,KP,SYN-P-17658975,SYN-N-814086019,NOT_APPLICABLE_INDIVIDUAL,Internal Watchlist,Synthetic prototype record,Synthetic Prototype,2024-01-01,1,High,1
WL001023,Individual,Hassan Volkov,Hassan,NO_MIDDLE_NAME,Volkov,Hassan Volkov,1978-04-12,Unknown,SY,331 Watchlist Street,Synthetic City B,SY,SYN-P-14200015,SYN-N-795376935,NOT_APPLICABLE_INDIVIDUAL,Internal Watchlist,Synthetic prototype record,Synthetic Prototype,2024-01-01,0,Critical,1
WL001024,Individual,Hassan Ivanov,Hassan,NO_MIDDLE_NAME,Ivanov,Hassan Ivanov,1978-04-12,Unknown,RU,346 Watchlist Street,Synthetic City B,KP,SYN-P-90068550,SYN-N-834223079,NOT_APPLICABLE_INDIVIDUAL,Internal Watchlist,Synthetic prototype record,Synthetic Prototype,2024-01-01,1,High,1
WL001025,Organization,Ivanov Global Holdings,NOT_APPLICABLE_ORGANIZATION,NO_MIDDLE_NAME,NOT_APPLICABLE_ORGANIZATION,Ivanov Group,1900-01-01,Synthetic City A,KP,308 Watchlist Street,Synthetic City B,RU,SYN-P-64881188,SYN-N-247782188,Ivanov Global Holdings,Synthetic Global,Synthetic prototype record,Synthetic Prototype,2024-01-01,1,High,0
WL001026,Individual,Farid Haddad,Farid,NO_MIDDLE_NAME,Haddad,Farid Haddad,1978-04-12,Unknown,SY,74 Watchlist Street,Synthetic City A,SY,SYN-P-60788585,SYN-N-347986284,NOT_APPLICABLE_INDIVIDUAL,Synthetic Regional,Synthetic prototype record,Synthetic Prototype,2024-01-01,1,High,1
WL001027,Individual,Ivan Petrov,Ivan,NO_MIDDLE_NAME,Petrov,Ivan Petrov,1978-04-12,Synthetic City B,SY,351 Watchlist Street,Synthetic City B,RU,SYN-P-44466944,SYN-N-971842823,NOT_APPLICABLE_INDIVIDUAL,Synthetic Global,Synthetic prototype record,Synthetic Prototype,2024-01-01,1,High,1
WL001028,Individual,Laila Petrov,Laila,NO_MIDDLE_NAME,Petrov,Laila Petrov,1978-04-12,Synthetic City B,RU,311 Watchlist Street,Synthetic City B,RU,SYN-P-04855422,SYN-N-719223825,NOT_APPLICABLE_INDIVIDUAL,Internal Watchlist,Synthetic prototype record,Synthetic Prototype,2024-01-01,1,Critical,1
WL001029,Organization,Karimov Global Holdings,NOT_APPLICABLE_ORGANIZATION,NO_MIDDLE_NAME,NOT_APPLICABLE_ORGANIZATION,Karimov Group,1900-01-01,Synthetic City B,RU,288 Watchlist Street,Synthetic City A,RU,SYN-P-86341055,SYN-N-751075226,Karimov Global Holdings,Internal Watchlist,Synthetic prototype record,Synthetic Prototype,2024-01-01,1,High,0
WL001030,Organization,Volkov Global Holdings,NOT_APPLICABLE_ORGANIZATION,NO_MIDDLE_NAME,NOT_APPLICABLE_ORGANIZATION,Volkov Group,1900-01-01,Synthetic City B,SY,236 Watchlist Street,Synthetic City A,RU,SYN-P-11351292,SYN-N-261127255,Volkov Global Holdings,Synthetic Regional,Synthetic prototype record,Synthetic Prototype,2024-01-01,1,High,0
WL001031,Organization,Karimov Global Holdings,NOT_APPLICABLE_ORGANIZATION,NO_MIDDLE_NAME,NOT_APPLICABLE_ORGANIZATION,Karimov Group,1900-01-01,Unknown,RU,275 Watchlist Street,Synthetic City A,KP,SYN-P-25285746,SYN-N-371775993,Karimov Global Holdings,Internal Watchlist,Synthetic prototype record,Synthetic Prototype,2024-01-01,1,High,0
WL001032,Individual,Laila Abramov,Laila,NO_MIDDLE_NAME,Abramov,Laila Abramov,1978-04-12,Synthetic City A,SY,154 Watchlist Street,Synthetic City B,RU,SYN-P-74404161,SYN-N-897377397,NOT_APPLICABLE_INDIVIDUAL,Internal Watchlist,Synthetic prototype record,Synthetic Prototype,2024-01-01,1,Critical,1
WL001033,Individual,Hassan Karimov,Hassan,NO_MIDDLE_NAME,Karimov,Hassan Karimov,1978-04-12,Unknown,RU,329 Watchlist Street,Synthetic City B,KP,SYN-P-29598634,SYN-N-083274607,NOT_APPLICABLE_INDIVIDUAL,Synthetic Global,Synthetic prototype record,Synthetic Prototype,2024-01-01,1,Critical,1
WL001034,Individual,Hassan Sokolov,Hassan,NO_MIDDLE_NAME,Sokolov,Hassan Sokolov,1978-04-12,Unknown,SY,317 Watchlist Street,Synthetic City B,KP,SYN-P-55517785,SYN-N-574420781,NOT_APPLICABLE_INDIVIDUAL,Synthetic Regional,Synthetic prototype record,Synthetic Prototype,2024-01-01,1,Critical,1
WL001035,Individual,Omar Haddad,Omar,NO_MIDDLE_NAME,Haddad,Omar Haddad,1978-04-12,Synthetic City B,SY,299 Watchlist Street,Synthetic City B,RU,SYN-P-33641974,SYN-N-625872281,NOT_APPLICABLE_INDIVIDUAL,Synthetic Global,Synthetic prototype record,Synthetic Prototype,2024-01-01,1,Critical,1
WL001036,Organization,Haddad Global Holdings,NOT_APPLICABLE_ORGANIZATION,NO_MIDDLE_NAME,NOT_APPLICABLE_ORGANIZATION,Haddad Group,1900-01-01,Synthetic City B,RU,366 Watchlist Street,Synthetic City A,KP,SYN-P-23305578,SYN-N-598013806,Haddad Global Holdings,Internal Watchlist,Synthetic prototype record,Synthetic Prototype,2024-01-01,1,Critical,0
WL001037,Individual,Ivan Volkov,Ivan,NO_MIDDLE_NAME,Volkov,Ivan Volkov,1978-04-12,Synthetic City B,RU,303 Watchlist Street,Synthetic City B,SY,SYN-P-61832122,SYN-N-394379582,NOT_APPLICABLE_INDIVIDUAL,Synthetic Global,Synthetic prototype record,Synthetic Prototype,2024-01-01,1,Critical,1
WL001038,Individual,Karim Haddad,Karim,NO_MIDDLE_NAME,Haddad,Karim Haddad,1978-04-12,Synthetic City B,SY,189 Watchlist Street,Synthetic City A,RU,SYN-P-23879042,SYN-N-584192212,NOT_APPLICABLE_INDIVIDUAL,Synthetic Regional,Synthetic prototype record,Synthetic Prototype,2024-01-01,1,High,1
WL001039,Individual,Farid Volkov,Farid,NO_MIDDLE_NAME,Volkov,Farid Volkov,1978-04-12,Unknown,KP,241 Watchlist Street,Synthetic City A,RU,SYN-P-17173364,SYN-N-137810468,NOT_APPLICABLE_INDIVIDUAL,Synthetic Global,Synthetic prototype record,Synthetic Prototype,2024-01-01,1,High,1
WL001040,Individual,Alexander Sokolov,Alexander,NO_MIDDLE_NAME,Sokolov,Alexander Sokolov,1978-04-12,Synthetic City A,RU,236 Watchlist Street,Synthetic City B,SY,SYN-P-94473154,SYN-N-607978399,NOT_APPLICABLE_INDIVIDUAL,Internal Watchlist,Synthetic prototype record,Synthetic Prototype,2024-01-01,1,Critical,1
WL001041,Individual,Laila Ivanov,Laila,NO_MIDDLE_NAME,Ivanov,Laila Ivanov,1978-04-12,Synthetic City A,KP,57 Watchlist Street,Synthetic City A,SY,SYN-P-07581962,SYN-N-383231681,NOT_APPLICABLE_INDIVIDUAL,Synthetic Regional,Synthetic prototype record,Synthetic Prototype,2024-01-01,1,Critical,1
WL001042,Individual,Farid Abramov,Farid,NO_MIDDLE_NAME,Abramov,Farid Abramov,1978-04-12,Synthetic City B,SY,129 Watchlist Street,Synthetic City A,KP,SYN-P-01135864,SYN-N-800117916,NOT_APPLICABLE_INDIVIDUAL,Synthetic Global,Synthetic prototype record,Synthetic Prototype,2024-01-01,1,High,1
WL001043,Individual,Hassan Volkov,Hassan,NO_MIDDLE_NAME,Volkov,Hassan Volkov,1978-04-12,Unknown,RU,274 Watchlist Street,Synthetic City A,RU,SYN-P-96217114,SYN-N-769180511,NOT_APPLICABLE_INDIVIDUAL,Synthetic Regional,Synthetic prototype record,Synthetic Prototype,2024-01-01,1,High,1
WL001044,Individual,Dmitri Haddad,Dmitri,NO_MIDDLE_NAME,Haddad,Dmitri Haddad,1978-04-12,Unknown,SY,73 Watchlist Street,Synthetic City A,RU,SYN-P-81811183,SYN-N-147501390,NOT_APPLICABLE_INDIVIDUAL,Synthetic Global,Synthetic prototype record,Synthetic Prototype,2024-01-01,1,Critical,1
WL001045,Individual,Dmitri Haddad,Dmitri,NO_MIDDLE_NAME,Haddad,Dmitri Haddad,1978-04-12,Synthetic City B,RU,313 Watchlist Street,Synthetic City A,SY,SYN-P-65487080,SYN-N-242449017,NOT_APPLICABLE_INDIVIDUAL,Internal Watchlist,Synthetic prototype record,Synthetic Prototype,2024-01-01,1,Critical,1
WL001046,Organization,Volkov Global Holdings,NOT_APPLICABLE_ORGANIZATION,NO_MIDDLE_NAME,NOT_APPLICABLE_ORGANIZATION,Volkov Group,1900-01-01,Synthetic City A,RU,108 Watchlist Street,Synthetic City B,KP,SYN-P-03723897,SYN-N-027580363,Volkov Global Holdings,Synthetic Regional,Synthetic prototype record,Synthetic Prototype,2024-01-01,1,Critical,0
WL001047,Organization,Karimov Global Holdings,NOT_APPLICABLE_ORGANIZATION,NO_MIDDLE_NAME,NOT_APPLICABLE_ORGANIZATION,Karimov Group,1900-01-01,Synthetic City B,RU,186 Watchlist Street,Synthetic City A,KP,SYN-P-29538374,SYN-N-500375764,Karimov Global Holdings,Synthetic Regional,Synthetic prototype record,Synthetic Prototype,2024-01-01,1,Critical,0
WL001048,Individual,Farid Sokolov,Farid,NO_MIDDLE_NAME,Sokolov,Farid Sokolov,1978-04-12,Synthetic City A,RU,25 Watchlist Street,Synthetic City A,SY,SYN-P-86630628,SYN-N-630920450,NOT_APPLICABLE_INDIVIDUAL,Internal Watchlist,Synthetic prototype record,Synthetic Prototype,2024-01-01,1,High,1
WL001049,Individual,Omar Sokolov,Omar,NO_MIDDLE_NAME,Sokolov,Omar Sokolov,1978-04-12,Unknown,SY,282 Watchlist Street,Synthetic City B,SY,SYN-P-61748880,SYN-N-799418332,NOT_APPLICABLE_INDIVIDUAL,Synthetic Global,Synthetic prototype record,Synthetic Prototype,2024-01-01,1,Critical,1
WL001050,Individual,Elena Ivanov,Elena,NO_MIDDLE_NAME,Ivanov,Elena Ivanov,1978-04-12,Unknown,SY,107 Watchlist Street,Synthetic City B,KP,SYN-P-14432948,SYN-N-935290667,NOT_APPLICABLE_INDIVIDUAL,Internal Watchlist,Synthetic prototype record,Synthetic Prototype,2024-01-01,1,High,1
WL001051,Individual,Ivan Haddad,Ivan,NO_MIDDLE_NAME,Haddad,Ivan Haddad,1978-04-12,Synthetic City A,SY,291 Watchlist Street,Synthetic City A,SY,SYN-P-57596944,SYN-N-038710751,NOT_APPLICABLE_INDIVIDUAL,Internal Watchlist,Synthetic prototype record,Synthetic Prototype,2024-01-01,1,Critical,1
WL001052,Organization,Ivanov Global Holdings,NOT_APPLICABLE_ORGANIZATION,NO_MIDDLE_NAME,NOT_APPLICABLE_ORGANIZATION,Ivanov Group,1900-01-01,Synthetic City B,RU,94 Watchlist Street,Synthetic City A,RU,SYN-P-64277081,SYN-N-879764717,Ivanov Global Holdings,Internal Watchlist,Synthetic prototype record,Synthetic Prototype,2024-01-01,1,Critical,0
WL001053,Organization,Haddad Global Holdings,NOT_APPLICABLE_ORGANIZATION,NO_MIDDLE_NAME,NOT_APPLICABLE_ORGANIZATION,Haddad Group,1900-01-01,Synthetic City B,RU,294 Watchlist Street,Synthetic City B,RU,SYN-P-51322873,SYN-N-166893860,Haddad Global Holdings,Synthetic Global,Synthetic prototype record,Synthetic Prototype,2024-01-01,1,Critical,0
WL001054,Individual,Dmitri Haddad,Dmitri,NO_MIDDLE_NAME,Haddad,Dmitri Haddad,1978-04-12,Unknown,SY,363 Watchlist Street,Synthetic City A,KP,SYN-P-02485323,SYN-N-276762540,NOT_APPLICABLE_INDIVIDUAL,Synthetic Global,Synthetic prototype record,Synthetic Prototype,2024-01-01,1,High,1
WL001055,Organization,Bashir Global Holdings,NOT_APPLICABLE_ORGANIZATION,NO_MIDDLE_NAME,NOT_APPLICABLE_ORGANIZATION,Bashir Group,1900-01-01,Unknown,SY,303 Watchlist Street,Synthetic City A,RU,SYN-P-59418709,SYN-N-783157606,Bashir Global Holdings,Internal Watchlist,Synthetic prototype record,Synthetic Prototype,2024-01-01,1,Critical,0
WL001056,Individual,Dmitri Petrov,Dmitri,NO_MIDDLE_NAME,Petrov,Dmitri Petrov,1978-04-12,Unknown,SY,219 Watchlist Street,Synthetic City B,KP,SYN-P-31413158,SYN-N-537999501,NOT_APPLICABLE_INDIVIDUAL,Synthetic Regional,Synthetic prototype record,Synthetic Prototype,2024-01-01,1,Critical,1
WL001057,Individual,Alexander Karimov,Alexander,NO_MIDDLE_NAME,Karimov,Alexander Karimov,1978-04-12,Synthetic City A,KP,183 Watchlist Street,Synthetic City A,KP,SYN-P-62565677,SYN-N-746398934,NOT_APPLICABLE_INDIVIDUAL,Internal Watchlist,Synthetic prototype record,Synthetic Prototype,2024-01-01,0,High,1
WL001058,Individual,Omar Ivanov,Omar,NO_MIDDLE_NAME,Ivanov,Omar Ivanov,1978-04-12,Synthetic City B,RU,286 Watchlist Street,Synthetic City B,SY,SYN-P-41653605,SYN-N-380316276,NOT_APPLICABLE_INDIVIDUAL,Internal Watchlist,Synthetic prototype record,Synthetic Prototype,2024-01-01,1,Critical,1
WL001059,Individual,Farid Abramov,Farid,NO_MIDDLE_NAME,Abramov,Farid Abramov,1978-04-12,Synthetic City A,KP,143 Watchlist Street,Synthetic City B,RU,SYN-P-94014303,SYN-N-427088186,NOT_APPLICABLE_INDIVIDUAL,Synthetic Regional,Synthetic prototype record,Synthetic Prototype,2024-01-01,1,High,1
WL001060,Individual,Karim Karimov,Karim,NO_MIDDLE_NAME,Karimov,Karim Karimov,1978-04-12,Synthetic City B,RU,310 Watchlist Street,Synthetic City A,KP,SYN-P-99727745,SYN-N-991165402,NOT_APPLICABLE_INDIVIDUAL,Synthetic Global,Synthetic prototype record,Synthetic Prototype,2024-01-01,0,High,1
WL001061,Individual,Omar Sokolov,Omar,NO_MIDDLE_NAME,Sokolov,Omar Sokolov,1978-04-12,Unknown,KP,4 Watchlist Street,Synthetic City A,RU,SYN-P-90866657,SYN-N-321321999,NOT_APPLICABLE_INDIVIDUAL,Synthetic Global,Synthetic prototype record,Synthetic Prototype,2024-01-01,1,Critical,1
WL001062,Individual,Hassan Abramov,Hassan,NO_MIDDLE_NAME,Abramov,Hassan Abramov,1978-04-12,Unknown,SY,343 Watchlist Street,Synthetic City A,RU,SYN-P-43770352,SYN-N-675287869,NOT_APPLICABLE_INDIVIDUAL,Synthetic Global,Synthetic prototype record,Synthetic Prototype,2024-01-01,1,High,1
WL001063,Individual,Karim Sokolov,Karim,NO_MIDDLE_NAME,Sokolov,Karim Sokolov,1978-04-12,Synthetic City A,RU,356 Watchlist Street,Synthetic City B,RU,SYN-P-84442489,SYN-N-271720539,NOT_APPLICABLE_INDIVIDUAL,Synthetic Regional,Synthetic prototype record,Synthetic Prototype,2024-01-01,1,High,1
WL001064,Individual,Alexander Petrov,Alexander,NO_MIDDLE_NAME,Petrov,Alexander Petrov,1978-04-12,Synthetic City A,KP,381 Watchlist Street,Synthetic City A,SY,SYN-P-42602700,SYN-N-102005022,NOT_APPLICABLE_INDIVIDUAL,Synthetic Global,Synthetic prototype record,Synthetic Prototype,2024-01-01,1,High,1
WL001065,Individual,Dmitri Bashir,Dmitri,NO_MIDDLE_NAME,Bashir,Dmitri Bashir,1978-04-12,Synthetic City B,RU,124 Watchlist Street,Synthetic City A,KP,SYN-P-44484216,SYN-N-398833542,NOT_APPLICABLE_INDIVIDUAL,Synthetic Global,Synthetic prototype record,Synthetic Prototype,2024-01-01,1,Critical,1
WL001066,Individual,Sergei Karimov,Sergei,NO_MIDDLE_NAME,Karimov,Sergei Karimov,1978-04-12,Unknown,KP,43 Watchlist Street,Synthetic City B,RU,SYN-P-34557782,SYN-N-438071915,NOT_APPLICABLE_INDIVIDUAL,Internal Watchlist,Synthetic prototype record,Synthetic Prototype,2024-01-01,1,Critical,1
WL001067,Individual,Sergei Petrov,Sergei,NO_MIDDLE_NAME,Petrov,Sergei Petrov,1978-04-12,Synthetic City A,SY,256 Watchlist Street,Synthetic City A,RU,SYN-P-90626408,SYN-N-523767386,NOT_APPLICABLE_INDIVIDUAL,Synthetic Regional,Synthetic prototype record,Synthetic Prototype,2024-01-01,1,Critical,1
WL001068,Individual,Alexander Petrov,Alexander,NO_MIDDLE_NAME,Petrov,Alexander Petrov,1978-04-12,Unknown,RU,235 Watchlist Street,Synthetic City A,SY,SYN-P-55002235,SYN-N-356322992,NOT_APPLICABLE_INDIVIDUAL,Synthetic Global,Synthetic prototype record,Synthetic Prototype,2024-01-01,1,High,1
WL001069,Individual,Karim Karimov,Karim,NO_MIDDLE_NAME,Karimov,Karim Karimov,1978-04-12,Synthetic City B,RU,241 Watchlist Street,Synthetic City A,SY,SYN-P-86860944,SYN-N-003970915,NOT_APPLICABLE_INDIVIDUAL,Synthetic Regional,Synthetic prototype record,Synthetic Prototype,2024-01-01,0,High,1
WL001070,Organization,Ivanov Global Holdings,NOT_APPLICABLE_ORGANIZATION,NO_MIDDLE_NAME,NOT_APPLICABLE_ORGANIZATION,Ivanov Group,1900-01-01,Unknown,SY,303 Watchlist Street,Synthetic City B,SY,SYN-P-37505503,SYN-N-431865035,Ivanov Global Holdings,Synthetic Regional,Synthetic prototype record,Synthetic Prototype,2024-01-01,1,High,0
WL001071,Individual,Dmitri Petrov,Dmitri,NO_MIDDLE_NAME,Petrov,Dmitri Petrov,1978-04-12,Unknown,SY,106 Watchlist Street,Synthetic City B,SY,SYN-P-71969851,SYN-N-265196297,NOT_APPLICABLE_INDIVIDUAL,Synthetic Regional,Synthetic prototype record,Synthetic Prototype,2024-01-01,1,Critical,1
WL001072,Organization,Petrov Global Holdings,NOT_APPLICABLE_ORGANIZATION,NO_MIDDLE_NAME,NOT_APPLICABLE_ORGANIZATION,Petrov Group,1900-01-01,Synthetic City A,RU,166 Watchlist Street,Synthetic City A,SY,SYN-P-59337222,SYN-N-325331011,Petrov Global Holdings,Synthetic Regional,Synthetic prototype record,Synthetic Prototype,2024-01-01,1,High,0
WL001073,Individual,Alexander Haddad,Alexander,NO_MIDDLE_NAME,Haddad,Alexander Haddad,1978-04-12,Synthetic City A,KP,382 Watchlist Street,Synthetic City A,KP,SYN-P-48244674,SYN-N-476421009,NOT_APPLICABLE_INDIVIDUAL,Internal Watchlist,Synthetic prototype record,Synthetic Prototype,2024-01-01,1,Critical,1
WL001074,Individual,Omar Haddad,Omar,NO_MIDDLE_NAME,Haddad,Omar Haddad,1978-04-12,Unknown,KP,240 Watchlist Street,Synthetic City A,SY,SYN-P-14514356,SYN-N-518972201,NOT_APPLICABLE_INDIVIDUAL,Synthetic Regional,Synthetic prototype record,Synthetic Prototype,2024-01-01,1,High,1
WL001075,Individual,Sergei Sokolov,Sergei,NO_MIDDLE_NAME,Sokolov,Sergei Sokolov,1978-04-12,Synthetic City A,RU,275 Watchlist Street,Synthetic City B,KP,SYN-P-44563534,SYN-N-007443445,NOT_APPLICABLE_INDIVIDUAL,Synthetic Regional,Synthetic prototype record,Synthetic Prototype,2024-01-01,1,High,1
WL001076,Individual,Dmitri Abramov,Dmitri,NO_MIDDLE_NAME,Abramov,Dmitri Abramov,1978-04-12,Synthetic City B,SY,250 Watchlist Street,Synthetic City A,SY,SYN-P-77973928,SYN-N-443515400,NOT_APPLICABLE_INDIVIDUAL,Synthetic Global,Synthetic prototype record,Synthetic Prototype,2024-01-01,0,Critical,1
WL001077,Individual,Omar Petrov,Omar,NO_MIDDLE_NAME,Petrov,Omar Petrov,1978-04-12,Unknown,RU,111 Watchlist Street,Synthetic City A,RU,SYN-P-12643671,SYN-N-845167142,NOT_APPLICABLE_INDIVIDUAL,Synthetic Global,Synthetic prototype record,Synthetic Prototype,2024-01-01,1,High,1
WL001078,Individual,Karim Abramov,Karim,NO_MIDDLE_NAME,Abramov,Karim Abramov,1978-04-12,Unknown,KP,127 Watchlist Street,Synthetic City A,SY,SYN-P-99272211,SYN-N-058061567,NOT_APPLICABLE_INDIVIDUAL,Internal Watchlist,Synthetic prototype record,Synthetic Prototype,2024-01-01,1,Critical,1
WL001079,Organization,Karimov Global Holdings,NOT_APPLICABLE_ORGANIZATION,NO_MIDDLE_NAME,NOT_APPLICABLE_ORGANIZATION,Karimov Group,1900-01-01,Synthetic City B,KP,135 Watchlist Street,Synthetic City A,KP,SYN-P-09418105,SYN-N-689991778,Karimov Global Holdings,Synthetic Regional,Synthetic prototype record,Synthetic Prototype,2024-01-01,1,Critical,0
WL001080,Individual,Dmitri Petrov,Dmitri,NO_MIDDLE_NAME,Petrov,Dmitri Petrov,1978-04-12,Unknown,SY,147 Watchlist Street,Synthetic City B,SY,SYN-P-27889460,SYN-N-534425284,NOT_APPLICABLE_INDIVIDUAL,Internal Watchlist,Synthetic prototype record,Synthetic Prototype,2024-01-01,1,Critical,1
WL001081,Individual,Ivan Haddad,Ivan,NO_MIDDLE_NAME,Haddad,Ivan Haddad,1978-04-12,Synthetic City B,RU,201 Watchlist Street,Synthetic City A,KP,SYN-P-65308344,SYN-N-363120603,NOT_APPLICABLE_INDIVIDUAL,Synthetic Global,Synthetic prototype record,Synthetic Prototype,2024-01-01,1,Critical,1
WL001082,Individual,Dmitri Karimov,Dmitri,NO_MIDDLE_NAME,Karimov,Dmitri Karimov,1978-04-12,Synthetic City B,KP,83 Watchlist Street,Synthetic City A,KP,SYN-P-63295620,SYN-N-971603155,NOT_APPLICABLE_INDIVIDUAL,Internal Watchlist,Synthetic prototype record,Synthetic Prototype,2024-01-01,1,High,1
WL001083,Organization,Petrov Global Holdings,NOT_APPLICABLE_ORGANIZATION,NO_MIDDLE_NAME,NOT_APPLICABLE_ORGANIZATION,Petrov Group,1900-01-01,Synthetic City A,RU,252 Watchlist Street,Synthetic City A,SY,SYN-P-07615412,SYN-N-768646936,Petrov Global Holdings,Internal Watchlist,Synthetic prototype record,Synthetic Prototype,2024-01-01,1,High,0
WL001084,Individual,Sergei Karimov,Sergei,NO_MIDDLE_NAME,Karimov,Sergei Karimov,1978-04-12,Synthetic City B,SY,136 Watchlist Street,Synthetic City A,SY,SYN-P-90033541,SYN-N-376441364,NOT_APPLICABLE_INDIVIDUAL,Synthetic Regional,Synthetic prototype record,Synthetic Prototype,2024-01-01,1,Critical,1
WL001085,Individual,Hassan Haddad,Hassan,NO_MIDDLE_NAME,Haddad,Hassan Haddad,1978-04-12,Synthetic City B,RU,323 Watchlist Street,Synthetic City A,RU,SYN-P-68421839,SYN-N-913640512,NOT_APPLICABLE_INDIVIDUAL,Internal Watchlist,Synthetic prototype record,Synthetic Prototype,2024-01-01,1,Critical,1
WL001086,Individual,Hassan Ivanov,Hassan,NO_MIDDLE_NAME,Ivanov,Hassan Ivanov,1978-04-12,Synthetic City A,KP,58 Watchlist Street,Synthetic City B,SY,SYN-P-07994215,SYN-N-528178015,NOT_APPLICABLE_INDIVIDUAL,Synthetic Global,Synthetic prototype record,Synthetic Prototype,2024-01-01,1,High,1
WL001087,Organization,Sokolov Global Holdings,NOT_APPLICABLE_ORGANIZATION,NO_MIDDLE_NAME,NOT_APPLICABLE_ORGANIZATION,Sokolov Group,1900-01-01,Synthetic City A,KP,33 Watchlist Street,Synthetic City A,RU,SYN-P-17299086,SYN-N-513973332,Sokolov Global Holdings,Synthetic Global,Synthetic prototype record,Synthetic Prototype,2024-01-01,1,High,0
WL001088,Individual,Farid Volkov,Farid,NO_MIDDLE_NAME,Volkov,Farid Volkov,1978-04-12,Synthetic City A,SY,378 Watchlist Street,Synthetic City A,KP,SYN-P-71749193,SYN-N-039708437,NOT_APPLICABLE_INDIVIDUAL,Synthetic Global,Synthetic prototype record,Synthetic Prototype,2024-01-01,1,High,1
WL001089,Individual,Dmitri Sokolov,Dmitri,NO_MIDDLE_NAME,Sokolov,Dmitri Sokolov,1978-04-12,Synthetic City B,KP,361 Watchlist Street,Synthetic City A,SY,SYN-P-29303208,SYN-N-625161912,NOT_APPLICABLE_INDIVIDUAL,Synthetic Global,Synthetic prototype record,Synthetic Prototype,2024-01-01,1,Critical,1
WL001090,Individual,Omar Abramov,Omar,NO_MIDDLE_NAME,Abramov,Omar Abramov,1978-04-12,Synthetic City A,KP,121 Watchlist Street,Synthetic City B,RU,SYN-P-14370364,SYN-N-577802242,NOT_APPLICABLE_INDIVIDUAL,Internal Watchlist,Synthetic prototype record,Synthetic Prototype,2024-01-01,1,Critical,1
WL001091,Individual,Alexander Ivanov,Alexander,NO_MIDDLE_NAME,Ivanov,Alexander Ivanov,1978-04-12,Synthetic City B,RU,242 Watchlist Street,Synthetic City A,RU,SYN-P-49262270,SYN-N-392865033,NOT_APPLICABLE_INDIVIDUAL,Synthetic Regional,Synthetic prototype record,Synthetic Prototype,2024-01-01,1,Critical,1
WL001092,Individual,Sergei Bashir,Sergei,NO_MIDDLE_NAME,Bashir,Sergei Bashir,1978-04-12,Unknown,KP,156 Watchlist Street,Synthetic City B,RU,SYN-P-20481619,SYN-N-958843826,NOT_APPLICABLE_INDIVIDUAL,Synthetic Global,Synthetic prototype record,Synthetic Prototype,2024-01-01,1,High,1
WL001093,Organization,Ivanov Global Holdings,NOT_APPLICABLE_ORGANIZATION,NO_MIDDLE_NAME,NOT_APPLICABLE_ORGANIZATION,Ivanov Group,1900-01-01,Synthetic City B,RU,23 Watchlist Street,Synthetic City B,KP,SYN-P-20652909,SYN-N-476086533,Ivanov Global Holdings,Synthetic Global,Synthetic prototype record,Synthetic Prototype,2024-01-01,1,High,0
WL001094,Individual,Karim Volkov,Karim,NO_MIDDLE_NAME,Volkov,Karim Volkov,1978-04-12,Synthetic City B,SY,166 Watchlist Street,Synthetic City B,KP,SYN-P-71152970,SYN-N-558580542,NOT_APPLICABLE_INDIVIDUAL,Synthetic Global,Synthetic prototype record,Synthetic Prototype,2024-01-01,1,Critical,1
WL001095,Organization,Abramov Global Holdings,NOT_APPLICABLE_ORGANIZATION,NO_MIDDLE_NAME,NOT_APPLICABLE_ORGANIZATION,Abramov Group,1900-01-01,Synthetic City A,SY,288 Watchlist Street,Synthetic City B,RU,SYN-P-48475842,SYN-N-703653412,Abramov Global Holdings,Synthetic Regional,Synthetic prototype record,Synthetic Prototype,2024-01-01,1,High,0
WL001096,Individual,Omar Abramov,Omar,NO_MIDDLE_NAME,Abramov,Omar Abramov,1978-04-12,Synthetic City A,RU,204 Watchlist Street,Synthetic City A,KP,SYN-P-41587963,SYN-N-659965288,NOT_APPLICABLE_INDIVIDUAL,Synthetic Regional,Synthetic prototype record,Synthetic Prototype,2024-01-01,1,Critical,1
WL001097,Individual,Dmitri Abramov,Dmitri,NO_MIDDLE_NAME,Abramov,Dmitri Abramov,1978-04-12,Unknown,RU,70 Watchlist Street,Synthetic City B,RU,SYN-P-55704032,SYN-N-997747102,NOT_APPLICABLE_INDIVIDUAL,Synthetic Global,Synthetic prototype record,Synthetic Prototype,2024-01-01,1,Critical,1
WL001098,Individual,Elena Abramov,Elena,NO_MIDDLE_NAME,Abramov,Elena Abramov,1978-04-12,Synthetic City B,KP,313 Watchlist Street,Synthetic City A,KP,SYN-P-71891794,SYN-N-397784856,NOT_APPLICABLE_INDIVIDUAL,Synthetic Regional,Synthetic prototype record,Synthetic Prototype,2024-01-01,1,Critical,1
WL001099,Individual,Alexander Ivanov,Alexander,NO_MIDDLE_NAME,Ivanov,Alexander Ivanov,1978-04-12,Synthetic City B,SY,180 Watchlist Street,Synthetic City B,KP,SYN-P-59288826,SYN-N-888353816,NOT_APPLICABLE_INDIVIDUAL,Synthetic Regional,Synthetic prototype record,Synthetic Prototype,2024-01-01,1,Critical,1
WL001100,Individual,Karim Haddad,Karim,NO_MIDDLE_NAME,Haddad,Karim Haddad,1978-04-12,Synthetic City A,SY,223 Watchlist Street,Synthetic City A,SY,SYN-P-04061651,SYN-N-737287129,NOT_APPLICABLE_INDIVIDUAL,Internal Watchlist,Synthetic prototype record,Synthetic Prototype,2024-01-01,1,Critical,1
WL001101,Individual,Karim Bashir,Karim,NO_MIDDLE_NAME,Bashir,Karim Bashir,1978-04-12,Unknown,RU,247 Watchlist Street,Synthetic City B,SY,SYN-P-17415156,SYN-N-586721830,NOT_APPLICABLE_INDIVIDUAL,Synthetic Regional,Synthetic prototype record,Synthetic Prototype,2024-01-01,1,High,1
WL001102,Individual,Karim Abramov,Karim,NO_MIDDLE_NAME,Abramov,Karim Abramov,1978-04-12,Synthetic City A,RU,208 Watchlist Street,Synthetic City A,RU,SYN-P-84568163,SYN-N-111306765,NOT_APPLICABLE_INDIVIDUAL,Synthetic Global,Synthetic prototype record,Synthetic Prototype,2024-01-01,1,High,1
WL001103,Individual,Farid Abramov,Farid,NO_MIDDLE_NAME,Abramov,Farid Abramov,1978-04-12,Synthetic City A,KP,110 Watchlist Street,Synthetic City B,KP,SYN-P-89840163,SYN-N-164046434,NOT_APPLICABLE_INDIVIDUAL,Synthetic Regional,Synthetic prototype record,Synthetic Prototype,2024-01-01,1,Critical,1
WL001104,Individual,Farid Bashir,Farid,NO_MIDDLE_NAME,Bashir,Farid Bashir,1978-04-12,Unknown,KP,345 Watchlist Street,Synthetic City B,KP,SYN-P-86125740,SYN-N-747233973,NOT_APPLICABLE_INDIVIDUAL,Synthetic Global,Synthetic prototype record,Synthetic Prototype,2024-01-01,1,Critical,1
WL001105,Organization,Petrov Global Holdings,NOT_APPLICABLE_ORGANIZATION,NO_MIDDLE_NAME,NOT_APPLICABLE_ORGANIZATION,Petrov Group,1900-01-01,Synthetic City A,RU,211 Watchlist Street,Synthetic City B,RU,SYN-P-95729801,SYN-N-738857183,Petrov Global Holdings,Synthetic Regional,Synthetic prototype record,Synthetic Prototype,2024-01-01,1,High,0
WL001106,Organization,Haddad Global Holdings,NOT_APPLICABLE_ORGANIZATION,NO_MIDDLE_NAME,NOT_APPLICABLE_ORGANIZATION,Haddad Group,1900-01-01,Synthetic City A,SY,381 Watchlist Street,Synthetic City A,RU,SYN-P-41812154,SYN-N-934611454,Haddad Global Holdings,Internal Watchlist,Synthetic prototype record,Synthetic Prototype,2024-01-01,1,Critical,0
WL001107,Individual,Elena Sokolov,Elena,NO_MIDDLE_NAME,Sokolov,Elena Sokolov,1978-04-12,Synthetic City A,SY,53 Watchlist Street,Synthetic City B,KP,SYN-P-95689777,SYN-N-484353984,NOT_APPLICABLE_INDIVIDUAL,Synthetic Regional,Synthetic prototype record,Synthetic Prototype,2024-01-01,1,High,1
WL001108,Individual,Alexander Abramov,Alexander,NO_MIDDLE_NAME,Abramov,Alexander Abramov,1978-04-12,Unknown,SY,274 Watchlist Street,Synthetic City B,SY,SYN-P-56686787,SYN-N-459550088,NOT_APPLICABLE_INDIVIDUAL,Synthetic Regional,Synthetic prototype record,Synthetic Prototype,2024-01-01,1,High,1
WL001109,Individual,Karim Abramov,Karim,NO_MIDDLE_NAME,Abramov,Karim Abramov,1978-04-12,Synthetic City A,KP,292 Watchlist Street,Synthetic City A,RU,SYN-P-16035948,SYN-N-763226563,NOT_APPLICABLE_INDIVIDUAL,Synthetic Global,Synthetic prototype record,Synthetic Prototype,2024-01-01,1,High,1
WL001110,Individual,Ivan Volkov,Ivan,NO_MIDDLE_NAME,Volkov,Ivan Volkov,1978-04-12,Synthetic City B,SY,265 Watchlist Street,Synthetic City A,RU,SYN-P-29881608,SYN-N-730705020,NOT_APPLICABLE_INDIVIDUAL,Synthetic Regional,Synthetic prototype record,Synthetic Prototype,2024-01-01,1,High,1
WL001111,Organization,Sokolov Global Holdings,NOT_APPLICABLE_ORGANIZATION,NO_MIDDLE_NAME,NOT_APPLICABLE_ORGANIZATION,Sokolov Group,1900-01-01,Synthetic City A,KP,381 Watchlist Street,Synthetic City B,RU,SYN-P-38487325,SYN-N-542420949,Sokolov Global Holdings,Synthetic Regional,Synthetic prototype record,Synthetic Prototype,2024-01-01,1,Critical,0
WL001112,Individual,Ivan Ivanov,Ivan,NO_MIDDLE_NAME,Ivanov,Ivan Ivanov,1978-04-12,Synthetic City A,RU,225 Watchlist Street,Synthetic City A,RU,SYN-P-91697857,SYN-N-626519139,NOT_APPLICABLE_INDIVIDUAL,Synthetic Global,Synthetic prototype record,Synthetic Prototype,2024-01-01,1,High,1
WL001113,Organization,Petrov Global Holdings,NOT_APPLICABLE_ORGANIZATION,NO_MIDDLE_NAME,NOT_APPLICABLE_ORGANIZATION,Petrov Group,1900-01-01,Synthetic City B,KP,135 Watchlist Street,Synthetic City B,RU,SYN-P-19127190,SYN-N-339419775,Petrov Global Holdings,Synthetic Regional,Synthetic prototype record,Synthetic Prototype,2024-01-01,1,High,0
WL001114,Individual,Omar Abramov,Omar,NO_MIDDLE_NAME,Abramov,Omar Abramov,1978-04-12,Synthetic City A,KP,90 Watchlist Street,Synthetic City A,KP,SYN-P-63640393,SYN-N-503470109,NOT_APPLICABLE_INDIVIDUAL,Synthetic Regional,Synthetic prototype record,Synthetic Prototype,2024-01-01,1,Critical,1
WL001115,Individual,Dmitri Bashir,Dmitri,NO_MIDDLE_NAME,Bashir,Dmitri Bashir,1978-04-12,Unknown,SY,176 Watchlist Street,Synthetic City B,KP,SYN-P-85653502,SYN-N-971136686,NOT_APPLICABLE_INDIVIDUAL,Internal Watchlist,Synthetic prototype record,Synthetic Prototype,2024-01-01,1,Critical,1
WL001116,Organization,Karimov Global Holdings,NOT_APPLICABLE_ORGANIZATION,NO_MIDDLE_NAME,NOT_APPLICABLE_ORGANIZATION,Karimov Group,1900-01-01,Synthetic City B,RU,13 Watchlist Street,Synthetic City B,KP,SYN-P-50067107,SYN-N-981225029,Karimov Global Holdings,Synthetic Regional,Synthetic prototype record,Synthetic Prototype,2024-01-01,1,High,0
WL001117,Organization,Volkov Global Holdings,NOT_APPLICABLE_ORGANIZATION,NO_MIDDLE_NAME,NOT_APPLICABLE_ORGANIZATION,Volkov Group,1900-01-01,Synthetic City B,SY,27 Watchlist Street,Synthetic City A,SY,SYN-P-46994976,SYN-N-903906893,Volkov Global Holdings,Synthetic Regional,Synthetic prototype record,Synthetic Prototype,2024-01-01,1,Critical,0
WL001118,Individual,Alexander Karimov,Alexander,NO_MIDDLE_NAME,Karimov,Alexander Karimov,1978-04-12,Synthetic City B,SY,290 Watchlist Street,Synthetic City A,RU,SYN-P-45223885,SYN-N-011454262,NOT_APPLICABLE_INDIVIDUAL,Synthetic Regional,Synthetic prototype record,Synthetic Prototype,2024-01-01,1,High,1
WL001119,Individual,Farid Volkov,Farid,NO_MIDDLE_NAME,Volkov,Farid Volkov,1978-04-12,Unknown,RU,159 Watchlist Street,Synthetic City B,SY,SYN-P-68545463,SYN-N-935071058,NOT_APPLICABLE_INDIVIDUAL,Synthetic Regional,Synthetic prototype record,Synthetic Prototype,2024-01-01,1,High,1
WL001120,Individual,Farid Haddad,Farid,NO_MIDDLE_NAME,Haddad,Farid Haddad,1978-04-12,Synthetic City A,RU,317 Watchlist Street,Synthetic City B,SY,SYN-P-86934898,SYN-N-686297970,NOT_APPLICABLE_INDIVIDUAL,Internal Watchlist,Synthetic prototype record,Synthetic Prototype,2024-01-01,1,High,1
WL001121,Organization,Petrov Global Holdings,NOT_APPLICABLE_ORGANIZATION,NO_MIDDLE_NAME,NOT_APPLICABLE_ORGANIZATION,Petrov Group,1900-01-01,Unknown,KP,99 Watchlist Street,Synthetic City A,SY,SYN-P-44156170,SYN-N-027183303,Petrov Global Holdings,Synthetic Regional,Synthetic prototype record,Synthetic Prototype,2024-01-01,1,Critical,0
WL001122,Individual,Sergei Sokolov,Sergei,NO_MIDDLE_NAME,Sokolov,Sergei Sokolov,1978-04-12,Synthetic City B,SY,246 Watchlist Street,Synthetic City B,KP,SYN-P-60875971,SYN-N-653361961,NOT_APPLICABLE_INDIVIDUAL,Internal Watchlist,Synthetic prototype record,Synthetic Prototype,2024-01-01,1,Critical,1
WL001123,Individual,Sergei Petrov,Sergei,NO_MIDDLE_NAME,Petrov,Sergei Petrov,1978-04-12,Synthetic City B,RU,295 Watchlist Street,Synthetic City A,RU,SYN-P-99968302,SYN-N-201748241,NOT_APPLICABLE_INDIVIDUAL,Internal Watchlist,Synthetic prototype record,Synthetic Prototype,2024-01-01,1,Critical,1
WL001124,Individual,Sergei Haddad,Sergei,NO_MIDDLE_NAME,Haddad,Sergei Haddad,1978-04-12,Synthetic City B,SY,40 Watchlist Street,Synthetic City A,RU,SYN-P-08252609,SYN-N-960708428,NOT_APPLICABLE_INDIVIDUAL,Internal Watchlist,Synthetic prototype record,Synthetic Prototype,2024-01-01,1,Critical,1
WL001125,Individual,Dmitri Volkov,Dmitri,NO_MIDDLE_NAME,Volkov,Dmitri Volkov,1978-04-12,Synthetic City B,SY,359 Watchlist Street,Synthetic City A,KP,SYN-P-47347032,SYN-N-401626890,NOT_APPLICABLE_INDIVIDUAL,Synthetic Global,Synthetic prototype record,Synthetic Prototype,2024-01-01,1,High,1
WL001126,Individual,Elena Abramov,Elena,NO_MIDDLE_NAME,Abramov,Elena Abramov,1978-04-12,Unknown,RU,66 Watchlist Street,Synthetic City B,SY,SYN-P-32956106,SYN-N-528322470,NOT_APPLICABLE_INDIVIDUAL,Synthetic Regional,Synthetic prototype record,Synthetic Prototype,2024-01-01,1,High,1
WL001127,Individual,Alexander Ivanov,Alexander,NO_MIDDLE_NAME,Ivanov,Alexander Ivanov,1978-04-12,Unknown,RU,267 Watchlist Street,Synthetic City B,RU,SYN-P-87485083,SYN-N-483941821,NOT_APPLICABLE_INDIVIDUAL,Internal Watchlist,Synthetic prototype record,Synthetic Prototype,2024-01-01,1,High,1
WL001128,Individual,Sergei Haddad,Sergei,NO_MIDDLE_NAME,Haddad,Sergei Haddad,1978-04-12,Unknown,SY,308 Watchlist Street,Synthetic City A,KP,SYN-P-21879544,SYN-N-206816682,NOT_APPLICABLE_INDIVIDUAL,Synthetic Regional,Synthetic prototype record,Synthetic Prototype,2024-01-01,1,High,1
WL001129,Organization,Karimov Global Holdings,NOT_APPLICABLE_ORGANIZATION,NO_MIDDLE_NAME,NOT_APPLICABLE_ORGANIZATION,Karimov Group,1900-01-01,Synthetic City A,SY,255 Watchlist Street,Synthetic City B,KP,SYN-P-02482736,SYN-N-563996487,Karimov Global Holdings,Synthetic Global,Synthetic prototype record,Synthetic Prototype,2024-01-01,1,High,0
WL001130,Individual,Farid Sokolov,Farid,NO_MIDDLE_NAME,Sokolov,Farid Sokolov,1978-04-12,Unknown,SY,65 Watchlist Street,Synthetic City B,SY,SYN-P-92771626,SYN-N-373703533,NOT_APPLICABLE_INDIVIDUAL,Internal Watchlist,Synthetic prototype record,Synthetic Prototype,2024-01-01,1,Critical,1
WL001131,Individual,Farid Bashir,Farid,NO_MIDDLE_NAME,Bashir,Farid Bashir,1978-04-12,Unknown,SY,229 Watchlist Street,Synthetic City A,RU,SYN-P-69363850,SYN-N-307009925,NOT_APPLICABLE_INDIVIDUAL,Synthetic Global,Synthetic prototype record,Synthetic Prototype,2024-01-01,1,High,1
WL001132,Individual,Ivan Haddad,Ivan,NO_MIDDLE_NAME,Haddad,Ivan Haddad,1978-04-12,Synthetic City B,SY,317 Watchlist Street,Synthetic City A,SY,SYN-P-54078739,SYN-N-284584830,NOT_APPLICABLE_INDIVIDUAL,Synthetic Regional,Synthetic prototype record,Synthetic Prototype,2024-01-01,1,High,1
WL001133,Individual,Farid Petrov,Farid,NO_MIDDLE_NAME,Petrov,Farid Petrov,1978-04-12,Unknown,KP,18 Watchlist Street,Synthetic City A,SY,SYN-P-08020765,SYN-N-857783537,NOT_APPLICABLE_INDIVIDUAL,Synthetic Regional,Synthetic prototype record,Synthetic Prototype,2024-01-01,1,Critical,1
WL001134,Individual,Hassan Ivanov,Hassan,NO_MIDDLE_NAME,Ivanov,Hassan Ivanov,1978-04-12,Synthetic City A,RU,162 Watchlist Street,Synthetic City A,RU,SYN-P-77155393,SYN-N-511131051,NOT_APPLICABLE_INDIVIDUAL,Synthetic Regional,Synthetic prototype record,Synthetic Prototype,2024-01-01,1,Critical,1
WL001135,Individual,Alexander Bashir,Alexander,NO_MIDDLE_NAME,Bashir,Alexander Bashir,1978-04-12,Synthetic City A,KP,174 Watchlist Street,Synthetic City B,RU,SYN-P-02609514,SYN-N-148293902,NOT_APPLICABLE_INDIVIDUAL,Synthetic Global,Synthetic prototype record,Synthetic Prototype,2024-01-01,1,High,1
WL001136,Organization,Ivanov Global Holdings,NOT_APPLICABLE_ORGANIZATION,NO_MIDDLE_NAME,NOT_APPLICABLE_ORGANIZATION,Ivanov Group,1900-01-01,Synthetic City A,KP,226 Watchlist Street,Synthetic City A,RU,SYN-P-79278466,SYN-N-920214750,Ivanov Global Holdings,Synthetic Global,Synthetic prototype record,Synthetic Prototype,2024-01-01,1,High,0
WL001137,Organization,Ivanov Global Holdings,NOT_APPLICABLE_ORGANIZATION,NO_MIDDLE_NAME,NOT_APPLICABLE_ORGANIZATION,Ivanov Group,1900-01-01,Synthetic City B,RU,205 Watchlist Street,Synthetic City B,KP,SYN-P-08347426,SYN-N-190544007,Ivanov Global Holdings,Synthetic Regional,Synthetic prototype record,Synthetic Prototype,2024-01-01,1,High,0
WL001138,Individual,Laila Karimov,Laila,NO_MIDDLE_NAME,Karimov,Laila Karimov,1978-04-12,Unknown,RU,338 Watchlist Street,Synthetic City B,KP,SYN-P-82473726,SYN-N-158667497,NOT_APPLICABLE_INDIVIDUAL,Internal Watchlist,Synthetic prototype record,Synthetic Prototype,2024-01-01,1,High,1
WL001139,Individual,Sergei Volkov,Sergei,NO_MIDDLE_NAME,Volkov,Sergei Volkov,1978-04-12,Synthetic City A,RU,90 Watchlist Street,Synthetic City A,KP,SYN-P-73104343,SYN-N-542842675,NOT_APPLICABLE_INDIVIDUAL,Synthetic Regional,Synthetic prototype record,Synthetic Prototype,2024-01-01,1,High,1
WL001140,Individual,Omar Karimov,Omar,NO_MIDDLE_NAME,Karimov,Omar Karimov,1978-04-12,Synthetic City B,KP,169 Watchlist Street,Synthetic City B,KP,SYN-P-68402786,SYN-N-696553982,NOT_APPLICABLE_INDIVIDUAL,Synthetic Global,Synthetic prototype record,Synthetic Prototype,2024-01-01,1,High,1
WL001141,Individual,Laila Karimov,Laila,NO_MIDDLE_NAME,Karimov,Laila Karimov,1978-04-12,Synthetic City A,RU,159 Watchlist Street,Synthetic City B,KP,SYN-P-57209865,SYN-N-777602357,NOT_APPLICABLE_INDIVIDUAL,Internal Watchlist,Synthetic prototype record,Synthetic Prototype,2024-01-01,1,Critical,1
WL001142,Individual,Sergei Abramov,Sergei,NO_MIDDLE_NAME,Abramov,Sergei Abramov,1978-04-12,Unknown,SY,245 Watchlist Street,Synthetic City A,RU,SYN-P-44524050,SYN-N-174652487,NOT_APPLICABLE_INDIVIDUAL,Internal Watchlist,Synthetic prototype record,Synthetic Prototype,2024-01-01,1,High,1
WL001143,Individual,Farid Karimov,Farid,NO_MIDDLE_NAME,Karimov,Farid Karimov,1978-04-12,Synthetic City A,KP,170 Watchlist Street,Synthetic City A,SY,SYN-P-43726844,SYN-N-023477403,NOT_APPLICABLE_INDIVIDUAL,Synthetic Global,Synthetic prototype record,Synthetic Prototype,2024-01-01,1,Critical,1
WL001144,Individual,Alexander Bashir,Alexander,NO_MIDDLE_NAME,Bashir,Alexander Bashir,1978-04-12,Synthetic City A,RU,253 Watchlist Street,Synthetic City B,SY,SYN-P-94224838,SYN-N-508077879,NOT_APPLICABLE_INDIVIDUAL,Synthetic Regional,Synthetic prototype record,Synthetic Prototype,2024-01-01,1,Critical,1
WL001145,Individual,Sergei Karimov,Sergei,NO_MIDDLE_NAME,Karimov,Sergei Karimov,1978-04-12,Synthetic City A,RU,111 Watchlist Street,Synthetic City B,RU,SYN-P-90789618,SYN-N-366013225,NOT_APPLICABLE_INDIVIDUAL,Synthetic Global,Synthetic prototype record,Synthetic Prototype,2024-01-01,1,High,1
WL001146,Individual,Dmitri Karimov,Dmitri,NO_MIDDLE_NAME,Karimov,Dmitri Karimov,1978-04-12,Synthetic City A,KP,22 Watchlist Street,Synthetic City B,SY,SYN-P-67742308,SYN-N-732027516,NOT_APPLICABLE_INDIVIDUAL,Synthetic Global,Synthetic prototype record,Synthetic Prototype,2024-01-01,1,High,1
WL001147,Organization,Petrov Global Holdings,NOT_APPLICABLE_ORGANIZATION,NO_MIDDLE_NAME,NOT_APPLICABLE_ORGANIZATION,Petrov Group,1900-01-01,Synthetic City B,KP,18 Watchlist Street,Synthetic City A,KP,SYN-P-55224295,SYN-N-730984804,Petrov Global Holdings,Synthetic Global,Synthetic prototype record,Synthetic Prototype,2024-01-01,1,Critical,0
WL001148,Individual,Farid Abramov,Farid,NO_MIDDLE_NAME,Abramov,Farid Abramov,1978-04-12,Unknown,RU,268 Watchlist Street,Synthetic City B,SY,SYN-P-84320738,SYN-N-967499703,NOT_APPLICABLE_INDIVIDUAL,Internal Watchlist,Synthetic prototype record,Synthetic Prototype,2024-01-01,1,Critical,1
WL001149,Individual,Karim Ivanov,Karim,NO_MIDDLE_NAME,Ivanov,Karim Ivanov,1978-04-12,Synthetic City A,SY,308 Watchlist Street,Synthetic City B,SY,SYN-P-92724300,SYN-N-692251358,NOT_APPLICABLE_INDIVIDUAL,Synthetic Global,Synthetic prototype record,Synthetic Prototype,2024-01-01,1,High,1
WL001150,Individual,Elena Bashir,Elena,NO_MIDDLE_NAME,Bashir,Elena Bashir,1978-04-12,Synthetic City A,KP,189 Watchlist Street,Synthetic City B,KP,SYN-P-63684828,SYN-N-043107211,NOT_APPLICABLE_INDIVIDUAL,Internal Watchlist,Synthetic prototype record,Synthetic Prototype,2024-01-01,1,Critical,1
WL001151,Individual,Omar Sokolov,Omar,NO_MIDDLE_NAME,Sokolov,Omar Sokolov,1978-04-12,Unknown,RU,50 Watchlist Street,Synthetic City B,RU,SYN-P-07496051,SYN-N-526239707,NOT_APPLICABLE_INDIVIDUAL,Synthetic Global,Synthetic prototype record,Synthetic Prototype,2024-01-01,1,Critical,1
WL001152,Individual,Laila Volkov,Laila,NO_MIDDLE_NAME,Volkov,Laila Volkov,1978-04-12,Synthetic City A,SY,368 Watchlist Street,Synthetic City B,RU,SYN-P-99346321,SYN-N-754253618,NOT_APPLICABLE_INDIVIDUAL,Synthetic Global,Synthetic prototype record,Synthetic Prototype,2024-01-01,1,Critical,1
WL001153,Individual,Dmitri Volkov,Dmitri,NO_MIDDLE_NAME,Volkov,Dmitri Volkov,1978-04-12,Synthetic City A,SY,75 Watchlist Street,Synthetic City A,SY,SYN-P-69609979,SYN-N-631037637,NOT_APPLICABLE_INDIVIDUAL,Synthetic Regional,Synthetic prototype record,Synthetic Prototype,2024-01-01,1,Critical,1
WL001154,Individual,Dmitri Volkov,Dmitri,NO_MIDDLE_NAME,Volkov,Dmitri Volkov,1978-04-12,Unknown,SY,202 Watchlist Street,Synthetic City B,SY,SYN-P-05906372,SYN-N-309721317,NOT_APPLICABLE_INDIVIDUAL,Synthetic Global,Synthetic prototype record,Synthetic Prototype,2024-01-01,1,High,1
WL001155,Individual,Farid Abramov,Farid,NO_MIDDLE_NAME,Abramov,Farid Abramov,1978-04-12,Synthetic City B,RU,70 Watchlist Street,Synthetic City A,KP,SYN-P-86646937,SYN-N-233390365,NOT_APPLICABLE_INDIVIDUAL,Synthetic Global,Synthetic prototype record,Synthetic Prototype,2024-01-01,1,High,1
WL001156,Individual,Elena Volkov,Elena,NO_MIDDLE_NAME,Volkov,Elena Volkov,1978-04-12,Unknown,SY,27 Watchlist Street,Synthetic City B,SY,SYN-P-41538450,SYN-N-031615304,NOT_APPLICABLE_INDIVIDUAL,Synthetic Global,Synthetic prototype record,Synthetic Prototype,2024-01-01,1,Critical,1
WL001157,Individual,Karim Sokolov,Karim,NO_MIDDLE_NAME,Sokolov,Karim Sokolov,1978-04-12,Synthetic City A,RU,394 Watchlist Street,Synthetic City B,KP,SYN-P-71746043,SYN-N-866316987,NOT_APPLICABLE_INDIVIDUAL,Synthetic Global,Synthetic prototype record,Synthetic Prototype,2024-01-01,1,High,1
WL001158,Individual,Hassan Abramov,Hassan,NO_MIDDLE_NAME,Abramov,Hassan Abramov,1978-04-12,Synthetic City A,KP,300 Watchlist Street,Synthetic City B,KP,SYN-P-15253791,SYN-N-223290317,NOT_APPLICABLE_INDIVIDUAL,Synthetic Regional,Synthetic prototype record,Synthetic Prototype,2024-01-01,1,Critical,1
WL001159,Individual,Dmitri Haddad,Dmitri,NO_MIDDLE_NAME,Haddad,Dmitri Haddad,1978-04-12,Unknown,KP,198 Watchlist Street,Synthetic City A,KP,SYN-P-63516142,SYN-N-823374639,NOT_APPLICABLE_INDIVIDUAL,Synthetic Global,Synthetic prototype record,Synthetic Prototype,2024-01-01,0,Critical,1
WL001160,Organization,Petrov Global Holdings,NOT_APPLICABLE_ORGANIZATION,NO_MIDDLE_NAME,NOT_APPLICABLE_ORGANIZATION,Petrov Group,1900-01-01,Synthetic City A,RU,358 Watchlist Street,Synthetic City B,SY,SYN-P-97076065,SYN-N-165529180,Petrov Global Holdings,Synthetic Global,Synthetic prototype record,Synthetic Prototype,2024-01-01,1,Critical,0
WL001161,Individual,Omar Haddad,Omar,NO_MIDDLE_NAME,Haddad,Omar Haddad,1978-04-12,Unknown,RU,302 Watchlist Street,Synthetic City A,SY,SYN-P-40715891,SYN-N-051673486,NOT_APPLICABLE_INDIVIDUAL,Synthetic Global,Synthetic prototype record,Synthetic Prototype,2024-01-01,1,High,1
WL001162,Organization,Karimov Global Holdings,NOT_APPLICABLE_ORGANIZATION,NO_MIDDLE_NAME,NOT_APPLICABLE_ORGANIZATION,Karimov Group,1900-01-01,Unknown,SY,362 Watchlist Street,Synthetic City B,SY,SYN-P-48691071,SYN-N-857900332,Karimov Global Holdings,Internal Watchlist,Synthetic prototype record,Synthetic Prototype,2024-01-01,1,High,0
WL001163,Individual,Farid Ivanov,Farid,NO_MIDDLE_NAME,Ivanov,Farid Ivanov,1978-04-12,Unknown,KP,304 Watchlist Street,Synthetic City B,SY,SYN-P-33174524,SYN-N-800261505,NOT_APPLICABLE_INDIVIDUAL,Internal Watchlist,Synthetic prototype record,Synthetic Prototype,2024-01-01,1,High,1
WL001164,Individual,Omar Bashir,Omar,NO_MIDDLE_NAME,Bashir,Omar Bashir,1978-04-12,Synthetic City A,RU,282 Watchlist Street,Synthetic City B,RU,SYN-P-35375506,SYN-N-363494189,NOT_APPLICABLE_INDIVIDUAL,Synthetic Global,Synthetic prototype record,Synthetic Prototype,2024-01-01,1,High,1
WL001165,Organization,Abramov Global Holdings,NOT_APPLICABLE_ORGANIZATION,NO_MIDDLE_NAME,NOT_APPLICABLE_ORGANIZATION,Abramov Group,1900-01-01,Synthetic City A,RU,353 Watchlist Street,Synthetic City B,RU,SYN-P-64170336,SYN-N-042397198,Abramov Global Holdings,Internal Watchlist,Synthetic prototype record,Synthetic Prototype,2024-01-01,1,Critical,0
WL001166,Individual,Sergei Volkov,Sergei,NO_MIDDLE_NAME,Volkov,Sergei Volkov,1978-04-12,Synthetic City B,RU,331 Watchlist Street,Synthetic City A,KP,SYN-P-13250849,SYN-N-250082126,NOT_APPLICABLE_INDIVIDUAL,Synthetic Global,Synthetic prototype record,Synthetic Prototype,2024-01-01,1,Critical,1
WL001167,Individual,Karim Petrov,Karim,NO_MIDDLE_NAME,Petrov,Karim Petrov,1978-04-12,Synthetic City B,SY,337 Watchlist Street,Synthetic City A,KP,SYN-P-99751634,SYN-N-815039930,NOT_APPLICABLE_INDIVIDUAL,Synthetic Regional,Synthetic prototype record,Synthetic Prototype,2024-01-01,1,Critical,1
WL001168,Individual,Sergei Ivanov,Sergei,NO_MIDDLE_NAME,Ivanov,Sergei Ivanov,1978-04-12,Synthetic City B,RU,284 Watchlist Street,Synthetic City B,KP,SYN-P-13120997,SYN-N-945474553,NOT_APPLICABLE_INDIVIDUAL,Synthetic Regional,Synthetic prototype record,Synthetic Prototype,2024-01-01,1,Critical,1
WL001169,Individual,Laila Karimov,Laila,NO_MIDDLE_NAME,Karimov,Laila Karimov,1978-04-12,Synthetic City A,SY,61 Watchlist Street,Synthetic City B,KP,SYN-P-43926335,SYN-N-168189091,NOT_APPLICABLE_INDIVIDUAL,Synthetic Global,Synthetic prototype record,Synthetic Prototype,2024-01-01,1,Critical,1
WL001170,Individual,Sergei Karimov,Sergei,NO_MIDDLE_NAME,Karimov,Sergei Karimov,1978-04-12,Synthetic City B,SY,45 Watchlist Street,Synthetic City A,SY,SYN-P-46259832,SYN-N-207591986,NOT_APPLICABLE_INDIVIDUAL,Synthetic Regional,Synthetic prototype record,Synthetic Prototype,2024-01-01,1,High,1
WL001171,Organization,Abramov Global Holdings,NOT_APPLICABLE_ORGANIZATION,NO_MIDDLE_NAME,NOT_APPLICABLE_ORGANIZATION,Abramov Group,1900-01-01,Synthetic City B,KP,328 Watchlist Street,Synthetic City A,RU,SYN-P-01068222,SYN-N-809226408,Abramov Global Holdings,Synthetic Global,Synthetic prototype record,Synthetic Prototype,2024-01-01,1,Critical,0
WL001172,Individual,Omar Bashir,Omar,NO_MIDDLE_NAME,Bashir,Omar Bashir,1978-04-12,Synthetic City A,KP,60 Watchlist Street,Synthetic City A,SY,SYN-P-41831602,SYN-N-446116310,NOT_APPLICABLE_INDIVIDUAL,Synthetic Global,Synthetic prototype record,Synthetic Prototype,2024-01-01,1,Critical,1
WL001173,Individual,Elena Abramov,Elena,NO_MIDDLE_NAME,Abramov,Elena Abramov,1978-04-12,Synthetic City B,KP,328 Watchlist Street,Synthetic City A,SY,SYN-P-72674144,SYN-N-507122633,NOT_APPLICABLE_INDIVIDUAL,Synthetic Global,Synthetic prototype record,Synthetic Prototype,2024-01-01,1,Critical,1
WL001174,Individual,Sergei Ivanov,Sergei,NO_MIDDLE_NAME,Ivanov,Sergei Ivanov,1978-04-12,Synthetic City B,RU,225 Watchlist Street,Synthetic City B,KP,SYN-P-16887751,SYN-N-458035110,NOT_APPLICABLE_INDIVIDUAL,Synthetic Global,Synthetic prototype record,Synthetic Prototype,2024-01-01,1,High,1
WL001175,Individual,Omar Karimov,Omar,NO_MIDDLE_NAME,Karimov,Omar Karimov,1978-04-12,Unknown,RU,90 Watchlist Street,Synthetic City A,RU,SYN-P-15740079,SYN-N-717061572,NOT_APPLICABLE_INDIVIDUAL,Internal Watchlist,Synthetic prototype record,Synthetic Prototype,2024-01-01,1,Critical,1
WL001176,Organization,Ivanov Global Holdings,NOT_APPLICABLE_ORGANIZATION,NO_MIDDLE_NAME,NOT_APPLICABLE_ORGANIZATION,Ivanov Group,1900-01-01,Synthetic City B,RU,172 Watchlist Street,Synthetic City A,SY,SYN-P-75626446,SYN-N-308855657,Ivanov Global Holdings,Internal Watchlist,Synthetic prototype record,Synthetic Prototype,2024-01-01,1,Critical,0
WL001177,Organization,Abramov Global Holdings,NOT_APPLICABLE_ORGANIZATION,NO_MIDDLE_NAME,NOT_APPLICABLE_ORGANIZATION,Abramov Group,1900-01-01,Unknown,SY,80 Watchlist Street,Synthetic City B,SY,SYN-P-60004265,SYN-N-404502656,Abramov Global Holdings,Internal Watchlist,Synthetic prototype record,Synthetic Prototype,2024-01-01,1,Critical,0
WL001178,Individual,Hassan Sokolov,Hassan,NO_MIDDLE_NAME,Sokolov,Hassan Sokolov,1978-04-12,Synthetic City B,KP,251 Watchlist Street,Synthetic City A,KP,SYN-P-33529351,SYN-N-630675016,NOT_APPLICABLE_INDIVIDUAL,Synthetic Global,Synthetic prototype record,Synthetic Prototype,2024-01-01,1,Critical,1
WL001179,Organization,Sokolov Global Holdings,NOT_APPLICABLE_ORGANIZATION,NO_MIDDLE_NAME,NOT_APPLICABLE_ORGANIZATION,Sokolov Group,1900-01-01,Unknown,SY,136 Watchlist Street,Synthetic City A,SY,SYN-P-22471294,SYN-N-242776287,Sokolov Global Holdings,Synthetic Global,Synthetic prototype record,Synthetic Prototype,2024-01-01,1,Critical,0
WL001180,Individual,Hassan Bashir,Hassan,NO_MIDDLE_NAME,Bashir,Hassan Bashir,1978-04-12,Synthetic City A,SY,80 Watchlist Street,Synthetic City B,RU,SYN-P-23061424,SYN-N-816365078,NOT_APPLICABLE_INDIVIDUAL,Synthetic Global,Synthetic prototype record,Synthetic Prototype,2024-01-01,1,Critical,1
WL001181,Individual,Sergei Sokolov,Sergei,NO_MIDDLE_NAME,Sokolov,Sergei Sokolov,1978-04-12,Synthetic City A,SY,99 Watchlist Street,Synthetic City B,RU,SYN-P-14454053,SYN-N-617001847,NOT_APPLICABLE_INDIVIDUAL,Internal Watchlist,Synthetic prototype record,Synthetic Prototype,2024-01-01,1,High,1
WL001182,Individual,Elena Haddad,Elena,NO_MIDDLE_NAME,Haddad,Elena Haddad,1978-04-12,Synthetic City B,RU,190 Watchlist Street,Synthetic City B,KP,SYN-P-69256523,SYN-N-209892803,NOT_APPLICABLE_INDIVIDUAL,Synthetic Regional,Synthetic prototype record,Synthetic Prototype,2024-01-01,1,Critical,1
WL001183,Organization,Sokolov Global Holdings,NOT_APPLICABLE_ORGANIZATION,NO_MIDDLE_NAME,NOT_APPLICABLE_ORGANIZATION,Sokolov Group,1900-01-01,Synthetic City A,KP,283 Watchlist Street,Synthetic City B,KP,SYN-P-67901240,SYN-N-797281494,Sokolov Global Holdings,Internal Watchlist,Synthetic prototype record,Synthetic Prototype,2024-01-01,0,Critical,0
WL001184,Individual,Farid Haddad,Farid,NO_MIDDLE_NAME,Haddad,Farid Haddad,1978-04-12,Synthetic City A,KP,165 Watchlist Street,Synthetic City B,RU,SYN-P-76667291,SYN-N-607740852,NOT_APPLICABLE_INDIVIDUAL,Synthetic Global,Synthetic prototype record,Synthetic Prototype,2024-01-01,1,Critical,1
WL001185,Individual,Ivan Karimov,Ivan,NO_MIDDLE_NAME,Karimov,Ivan Karimov,1978-04-12,Synthetic City A,RU,370 Watchlist Street,Synthetic City B,SY,SYN-P-28114167,SYN-N-328782478,NOT_APPLICABLE_INDIVIDUAL,Synthetic Regional,Synthetic prototype record,Synthetic Prototype,2024-01-01,1,High,1
WL001186,Individual,Laila Volkov,Laila,NO_MIDDLE_NAME,Volkov,Laila Volkov,1978-04-12,Unknown,RU,210 Watchlist Street,Synthetic City A,SY,SYN-P-17538723,SYN-N-818575699,NOT_APPLICABLE_INDIVIDUAL,Synthetic Regional,Synthetic prototype record,Synthetic Prototype,2024-01-01,1,High,1
WL001187,Individual,Sergei Sokolov,Sergei,NO_MIDDLE_NAME,Sokolov,Sergei Sokolov,1978-04-12,Unknown,KP,252 Watchlist Street,Synthetic City A,KP,SYN-P-65738351,SYN-N-868284095,NOT_APPLICABLE_INDIVIDUAL,Synthetic Global,Synthetic prototype record,Synthetic Prototype,2024-01-01,1,High,1
WL001188,Individual,Hassan Ivanov,Hassan,NO_MIDDLE_NAME,Ivanov,Hassan Ivanov,1978-04-12,Synthetic City A,KP,210 Watchlist Street,Synthetic City A,RU,SYN-P-49863208,SYN-N-803366333,NOT_APPLICABLE_INDIVIDUAL,Synthetic Regional,Synthetic prototype record,Synthetic Prototype,2024-01-01,1,Critical,1
WL001189,Individual,Farid Volkov,Farid,NO_MIDDLE_NAME,Volkov,Farid Volkov,1978-04-12,Unknown,RU,16 Watchlist Street,Synthetic City A,KP,SYN-P-96362002,SYN-N-008777712,NOT_APPLICABLE_INDIVIDUAL,Synthetic Regional,Synthetic prototype record,Synthetic Prototype,2024-01-01,1,High,1
WL001190,Individual,Karim Abramov,Karim,NO_MIDDLE_NAME,Abramov,Karim Abramov,1978-04-12,Synthetic City A,RU,26 Watchlist Street,Synthetic City A,RU,SYN-P-67326344,SYN-N-868869058,NOT_APPLICABLE_INDIVIDUAL,Internal Watchlist,Synthetic prototype record,Synthetic Prototype,2024-01-01,1,High,1
WL001191,Individual,Laila Petrov,Laila,NO_MIDDLE_NAME,Petrov,Laila Petrov,1978-04-12,Synthetic City B,KP,354 Watchlist Street,Synthetic City A,SY,SYN-P-75771750,SYN-N-863259119,NOT_APPLICABLE_INDIVIDUAL,Synthetic Global,Synthetic prototype record,Synthetic Prototype,2024-01-01,1,Critical,1
WL001192,Individual,Omar Ivanov,Omar,NO_MIDDLE_NAME,Ivanov,Omar Ivanov,1978-04-12,Unknown,RU,357 Watchlist Street,Synthetic City B,SY,SYN-P-14592957,SYN-N-314419518,NOT_APPLICABLE_INDIVIDUAL,Synthetic Regional,Synthetic prototype record,Synthetic Prototype,2024-01-01,1,Critical,1
WL001193,Individual,Farid Petrov,Farid,NO_MIDDLE_NAME,Petrov,Farid Petrov,1978-04-12,Unknown,SY,334 Watchlist Street,Synthetic City B,SY,SYN-P-87205877,SYN-N-287019314,NOT_APPLICABLE_INDIVIDUAL,Synthetic Global,Synthetic prototype record,Synthetic Prototype,2024-01-01,1,Critical,1
WL001194,Organization,Petrov Global Holdings,NOT_APPLICABLE_ORGANIZATION,NO_MIDDLE_NAME,NOT_APPLICABLE_ORGANIZATION,Petrov Group,1900-01-01,Synthetic City A,RU,86 Watchlist Street,Synthetic City A,KP,SYN-P-85525447,SYN-N-860903005,Petrov Global Holdings,Internal Watchlist,Synthetic prototype record,Synthetic Prototype,2024-01-01,1,Critical,0
WL001195,Organization,Karimov Global Holdings,NOT_APPLICABLE_ORGANIZATION,NO_MIDDLE_NAME,NOT_APPLICABLE_ORGANIZATION,Karimov Group,1900-01-01,Unknown,RU,27 Watchlist Street,Synthetic City B,KP,SYN-P-65774212,SYN-N-493507074,Karimov Global Holdings,Synthetic Regional,Synthetic prototype record,Synthetic Prototype,2024-01-01,1,High,0
WL001196,Organization,Petrov Global Holdings,NOT_APPLICABLE_ORGANIZATION,NO_MIDDLE_NAME,NOT_APPLICABLE_ORGANIZATION,Petrov Group,1900-01-01,Synthetic City A,SY,297 Watchlist Street,Synthetic City A,SY,SYN-P-98281148,SYN-N-424030546,Petrov Global Holdings,Synthetic Regional,Synthetic prototype record,Synthetic Prototype,2024-01-01,1,Critical,0
WL001197,Organization,Abramov Global Holdings,NOT_APPLICABLE_ORGANIZATION,NO_MIDDLE_NAME,NOT_APPLICABLE_ORGANIZATION,Abramov Group,1900-01-01,Synthetic City A,RU,276 Watchlist Street,Synthetic City B,KP,SYN-P-77744252,SYN-N-807157417,Abramov Global Holdings,Synthetic Global,Synthetic prototype record,Synthetic Prototype,2024-01-01,1,High,0
WL001198,Individual,Alexander Volkov,Alexander,NO_MIDDLE_NAME,Volkov,Alexander Volkov,1978-04-12,Synthetic City A,SY,174 Watchlist Street,Synthetic City B,RU,SYN-P-53026813,SYN-N-927724135,NOT_APPLICABLE_INDIVIDUAL,Internal Watchlist,Synthetic prototype record,Synthetic Prototype,2024-01-01,1,Critical,1
WL001199,Organization,Abramov Global Holdings,NOT_APPLICABLE_ORGANIZATION,NO_MIDDLE_NAME,NOT_APPLICABLE_ORGANIZATION,Abramov Group,1900-01-01,Synthetic City A,SY,158 Watchlist Street,Synthetic City A,SY,SYN-P-80191710,SYN-N-425783427,Abramov Global Holdings,Synthetic Global,Synthetic prototype record,Synthetic Prototype,2024-01-01,1,High,0
WL001200,Individual,Karim Volkov,Karim,NO_MIDDLE_NAME,Volkov,Karim Volkov,1978-04-12,Synthetic City B,SY,221 Watchlist Street,Synthetic City A,RU,SYN-P-01974810,SYN-N-379889266,NOT_APPLICABLE_INDIVIDUAL,Synthetic Regional,Synthetic prototype record,Synthetic Prototype,2024-01-01,1,High,1
